Weather_Conditions,Light_Conditions,Road_Surface_Conditions,Speed_Limit,Vehicle_Type,Time_of_Day,Accident_Severity
Other,Darkness - lights lit,Dry,20,Car,Morning,Slight
Raining,Darkness - no lighting,Dry,70,Pedal cycle,Afternoon,Serious
Normal,Daylight,Dry,30,Car,Afternoon,Slight
Normal,Daylight,Dry,40,Car,Afternoon,Slight
Normal,Daylight,Dry,20,Pedal cycle,Night,Slight
Normal,Daylight,Wet or damp,40,Car,Afternoon,Serious
Fog or mist,Daylight,Dry,30,Car,Afternoon,Slight
Other,Darkness - lights lit,Snow,50,Car,Night,Slight
Normal,Daylight,Dry,30,Car,Evening,Slight
Normal,Daylight,Dry,50,Car,Night,Slight
Normal,Daylight,Wet or damp,40,Bus/Coach,Afternoon,Slight
Normal,Daylight,Wet or damp,30,Car,Morning,Slight
Normal,Darkness - lights lit,Dry,50,Car,Morning,Slight
Raining,Daylight,Wet or damp,30,Car,Afternoon,Slight
Normal,Daylight,Dry,30,Car,Night,Slight
Normal,Darkness - lights lit,Dry,20,Car,Morning,Slight
Fog or mist,Darkness - lights lit,Ice,60,Car,Night,Serious
Raining,Darkness - lights lit,Dry,20,Car,Afternoon,Slight
Fog or mist,Daylight,Wet or damp,40,Car,Morning,Serious
Fog or mist,Daylight,Dry,40,Car,Night,Slight
Raining,Darkness - no lighting,Wet or damp,50,Car,Night,Fatal
Normal,Daylight,Snow,20,Car,Afternoon,Slight
Raining,Darkness - no lighting,Ice,50,Goods vehicle,Evening,Fatal
Normal,Daylight,Dry,50,Car,Morning,Slight
Normal,Daylight,Dry,30,Car,Afternoon,Slight
Normal,Daylight,Snow,20,Car,Morning,Slight
Fog or mist,Daylight,Wet or damp,60,Motorcycle,Evening,Serious
Normal,Darkness - lights lit,Snow,30,Car,Morning,Slight
Snowing,Darkness - lights lit,,30,Car,Morning,Slight
Raining,Daylight,Dry,50,Car,Morning,Serious
Normal,Daylight,Dry,40,Car,Morning,Slight
Normal,Darkness - lights lit,Dry,30,Car,Morning,Slight
Normal,Darkness - lighting unknown,Dry,50,Motorcycle,Afternoon,Slight
Normal,Daylight,Dry,40,Car,Morning,Slight
Normal,Darkness - no lighting,Ice,60,Car,Morning,Slight
Raining,Darkness - lighting unknown,Flood over road,60,Car,Afternoon,Serious
Normal,Daylight,Wet or damp,70,Bus/Coach,Evening,Serious
Normal,Darkness - lighting unknown,Dry,30,Goods vehicle,Afternoon,Slight
Raining,Daylight,Dry,50,Goods vehicle,Evening,Slight
Raining,Darkness - lights lit,Snow,50,Goods vehicle,Evening,Serious
Normal,Darkness - lights lit,Dry,40,Car,Afternoon,Serious
Normal,Daylight,Dry,20,Goods vehicle,Morning,Slight
Normal,Darkness - lights lit,Dry,30,Car,Morning,Slight
Normal,Daylight,Wet or damp,70,Car,Morning,Slight
Normal,Daylight,Dry,20,Other,Evening,Slight
Normal,Daylight,Dry,20,Car,Afternoon,Slight
Normal,Darkness - lighting unknown,Wet or damp,30,Motorcycle,Afternoon,Slight
Normal,Darkness - lights lit,Dry,20,Car,Morning,Slight
Snowing,Darkness - lights lit,Dry,40,Motorcycle,Morning,Serious
Normal,Daylight,Dry,20,Car,Afternoon,Slight
Snowing,Daylight,Dry,20,Motorcycle,Morning,Slight
Fog or mist,Daylight,Dry,30,Car,Afternoon,Slight
Normal,Darkness - lighting unknown,Flood over road,30,Car,Morning,Serious
Normal,Daylight,Dry,30,Goods vehicle,Morning,Slight
Normal,Daylight,Wet or damp,50,Pedal cycle,Evening,Serious
Normal,Daylight,Snow,60,Other,Afternoon,Serious
Raining,Daylight,Snow,50,Car,Afternoon,Slight
Normal,Darkness - no lighting,Dry,50,Car,Evening,Slight
Normal,Darkness - no lighting,Dry,30,Other,Night,Slight
Normal,Daylight,Dry,30,Motorcycle,Afternoon,Slight
Raining,Daylight,Dry,20,Car,Afternoon,Slight
Normal,Daylight,Dry,50,Bus/Coach,Morning,Serious
Raining,Daylight,Wet or damp,40,Car,Morning,Slight
Raining,Darkness - no lighting,Ice,70,Other,Night,Fatal
Normal,Darkness - lights lit,Dry,30,Pedal cycle,Morning,Slight
Normal,Daylight,Dry,20,Car,Afternoon,Slight
Normal,Darkness - lighting unknown,Dry,20,Goods vehicle,Morning,Slight
Normal,Darkness - lighting unknown,Dry,70,Motorcycle,Night,Fatal
Normal,Darkness - lighting unknown,,30,Motorcycle,Afternoon,Slight
Normal,Darkness - no lighting,Dry,20,Other,Evening,Slight
Normal,Daylight,Dry,30,Car,Afternoon,Slight
Other,Darkness - lighting unknown,Dry,30,Car,Evening,Slight
Normal,Darkness - no lighting,Wet or damp,60,Bus/Coach,Afternoon,Slight
Fog or mist,Darkness - lights lit,Dry,20,Car,Evening,Slight
Normal,Darkness - no lighting,Wet or damp,70,Goods vehicle,Night,Fatal
Normal,Daylight,Dry,50,Goods vehicle,Night,Slight
Snowing,Darkness - no lighting,Flood over road,70,Car,Evening,Fatal
Other,Daylight,Dry,30,Motorcycle,Morning,Slight
Normal,Daylight,Wet or damp,30,Goods vehicle,Afternoon,Slight
Snowing,Daylight,Dry,20,Bus/Coach,Afternoon,Slight
Normal,Daylight,Dry,30,Car,Morning,Slight
Fog or mist,Daylight,Dry,40,Car,Afternoon,Slight
Other,Daylight,Flood over road,40,Car,Afternoon,Serious
Raining,Darkness - no lighting,Snow,50,Car,Afternoon,Fatal
Normal,Daylight,Dry,20,Car,Evening,Slight
Normal,Daylight,,20,Car,Morning,Slight
Normal,Daylight,Dry,20,Car,Afternoon,Slight
Normal,Darkness - lights lit,Dry,20,Goods vehicle,Night,Slight
Normal,Darkness - lights lit,Wet or damp,20,Car,Morning,Slight
Normal,Daylight,Dry,40,Car,Morning,Slight
Snowing,Daylight,Dry,20,Car,Afternoon,Slight
Normal,Daylight,Dry,30,Car,Morning,Slight
Snowing,Daylight,Dry,40,Car,Morning,Slight
Normal,Darkness - lights lit,Dry,20,Car,Morning,Slight
Normal,Daylight,Flood over road,30,Car,Morning,Slight
Normal,Daylight,Dry,20,Car,Evening,Slight
Normal,Daylight,Flood over road,20,Car,Night,Slight
Fog or mist,Daylight,Dry,50,Other,Evening,Serious
Normal,Darkness - lights lit,Dry,30,Car,Afternoon,Slight
Normal,Daylight,Dry,30,Car,Afternoon,Slight
Normal,Daylight,Dry,20,Other,Morning,Slight
Normal,Darkness - lights lit,Snow,40,Motorcycle,Afternoon,Serious
Fog or mist,Darkness - lights lit,Ice,20,Bus/Coach,Night,Slight
Normal,Darkness - lights lit,Dry,50,Car,Afternoon,Slight
Normal,Daylight,Wet or damp,30,Car,Morning,Slight
Normal,Darkness - no lighting,Wet or damp,40,Motorcycle,Afternoon,Serious
Normal,Daylight,Wet or damp,30,Car,Night,Slight
Normal,Darkness - no lighting,Dry,30,Car,Afternoon,Slight
Normal,Darkness - lights lit,Wet or damp,20,Car,Morning,Slight
Normal,Daylight,Wet or damp,50,Car,Evening,Slight
Raining,Daylight,Dry,40,Car,Morning,Slight
Raining,Daylight,Dry,30,Car,Morning,Slight
Fog or mist,Daylight,Dry,30,Pedal cycle,Morning,Slight
Normal,Daylight,Dry,50,Pedal cycle,Afternoon,Slight
Fog or mist,Darkness - lights lit,Dry,30,Motorcycle,Afternoon,Slight
Fog or mist,Darkness - no lighting,Dry,20,Other,Evening,Slight
Fog or mist,Darkness - lights lit,Dry,30,Car,Morning,Slight
,Daylight,Dry,30,Car,Night,Slight
Normal,Darkness - lights lit,Dry,20,Car,Morning,Slight
Normal,Daylight,Snow,30,Car,Afternoon,Slight
Normal,Daylight,Ice,20,Car,Morning,Slight
Snowing,Darkness - no lighting,,70,Car,Night,Fatal
Normal,Daylight,Dry,30,Car,Afternoon,Slight
Normal,Daylight,Dry,30,Car,Morning,Slight
Other,Darkness - lights lit,Dry,50,Motorcycle,Morning,Serious
Raining,Daylight,Dry,20,Car,Afternoon,Slight
Normal,Darkness - lights lit,Dry,30,Car,Morning,Slight
Raining,Darkness - lights lit,Wet or damp,30,Motorcycle,Morning,Slight
,Daylight,Dry,20,Car,Morning,Slight
Normal,Darkness - lights lit,Wet or damp,30,Car,Morning,Slight
Normal,Daylight,Dry,30,Car,Morning,Slight
Snowing,Daylight,Ice,40,Pedal cycle,Evening,Serious
Normal,Daylight,Dry,30,Car,Morning,Slight
Unknown,Darkness - lights lit,Dry,30,Car,Night,Serious
Normal,Daylight,Dry,30,Goods vehicle,Morning,Slight
Normal,Darkness - no lighting,Wet or damp,30,Motorcycle,Afternoon,Slight
Fog or mist,Daylight,Dry,30,Car,Morning,Slight
Normal,Daylight,Dry,30,Car,Morning,Slight
Normal,Daylight,Dry,30,Pedal cycle,Afternoon,Slight
Normal,Daylight,Dry,20,Car,Afternoon,Slight
Raining,Daylight,Dry,40,Car,Afternoon,Slight
Normal,Darkness - lights lit,Wet or damp,30,Car,Afternoon,Slight
Normal,Darkness - no lighting,Dry,70,Car,Morning,Slight
,Darkness - lights lit,Wet or damp,30,Motorcycle,Evening,Slight
Normal,Daylight,Flood over road,60,Car,Afternoon,Slight
Normal,Darkness - lights lit,,20,Bus/Coach,Afternoon,Serious
Unknown,Darkness - lighting unknown,Wet or damp,60,Pedal cycle,Afternoon,Serious
Normal,Darkness - lights lit,Dry,30,Car,Evening,Serious
Raining,Daylight,Dry,30,Bus/Coach,Morning,Slight
Snowing,Daylight,,20,Goods vehicle,Morning,Slight
Raining,Darkness - lighting unknown,Snow,70,Car,Evening,Serious
Normal,Daylight,Wet or damp,70,Bus/Coach,Afternoon,Slight
Raining,Daylight,Dry,30,Car,Morning,Slight
Normal,Daylight,Flood over road,30,Car,Afternoon,Slight
Fog or mist,Darkness - lights lit,Dry,30,Goods vehicle,Night,Slight
Normal,Daylight,Flood over road,20,Pedal cycle,Afternoon,Slight
Normal,Daylight,Dry,20,Car,Afternoon,Slight
Normal,Darkness - lighting unknown,Wet or damp,60,Other,Morning,Slight
Raining,Daylight,Dry,50,Car,Morning,Slight
Normal,Daylight,Dry,50,Car,Morning,Slight
Unknown,Darkness - no lighting,Ice,50,Motorcycle,Morning,Serious
Normal,Daylight,Wet or damp,30,Car,Morning,Slight
Normal,Darkness - lights lit,Dry,30,Car,Evening,Slight
Normal,Daylight,Dry,50,Bus/Coach,Afternoon,Slight
Fog or mist,Darkness - no lighting,Ice,50,Bus/Coach,Evening,Serious
Normal,Darkness - lights lit,Wet or damp,20,Goods vehicle,Morning,Slight
Raining,Daylight,Wet or damp,50,Car,Morning,Slight
Normal,Darkness - lighting unknown,Dry,20,Motorcycle,Afternoon,Slight
Normal,Darkness - lights lit,Dry,70,Car,Afternoon,Slight
Normal,Darkness - lighting unknown,Wet or damp,20,Car,Evening,Serious
Normal,Daylight,Dry,20,Goods vehicle,Night,Slight
Fog or mist,Darkness - lights lit,Ice,20,Car,Evening,Fatal
Raining,Daylight,Dry,20,Other,Afternoon,Slight
Normal,Darkness - lights lit,Dry,20,Car,Afternoon,Slight
Normal,Darkness - lighting unknown,Dry,30,Pedal cycle,Afternoon,Slight
Normal,Daylight,Flood over road,30,Goods vehicle,Morning,Slight
Normal,Daylight,Dry,50,Car,Night,Slight
Snowing,Darkness - lights lit,Wet or damp,50,Bus/Coach,Afternoon,Slight
Normal,Darkness - no lighting,Dry,40,Car,Morning,Slight
Normal,Daylight,Dry,30,Car,Afternoon,Slight
Raining,Daylight,Dry,20,Car,Morning,Slight
Normal,Daylight,Dry,50,Bus/Coach,Morning,Slight
Normal,Daylight,Flood over road,20,Car,Afternoon,Slight
Normal,Daylight,Dry,30,Car,Morning,Slight
Normal,Daylight,Dry,30,Motorcycle,Evening,Slight
Normal,Daylight,Dry,40,Car,Night,Slight
Normal,Darkness - lights lit,Wet or damp,40,Goods vehicle,Morning,Slight
,Darkness - no lighting,Wet or damp,60,Motorcycle,Evening,Serious
Raining,Daylight,Dry,20,Car,Evening,Slight
Unknown,Daylight,Dry,40,Motorcycle,Afternoon,Slight
Raining,Daylight,Flood over road,70,Motorcycle,Morning,Slight
,Daylight,Dry,30,Goods vehicle,Afternoon,Slight
Normal,Daylight,Dry,70,Car,Evening,Slight
Normal,Darkness - lights lit,Dry,50,Pedal cycle,Afternoon,Slight
Normal,Darkness - no lighting,Dry,30,Motorcycle,Afternoon,Slight
,Darkness - no lighting,Dry,20,Other,Morning,Slight
Raining,Daylight,Ice,40,Motorcycle,Afternoon,Serious
Normal,Daylight,Ice,20,Motorcycle,Morning,Slight
Normal,Darkness - lighting unknown,Dry,20,Car,Morning,Slight
Normal,Darkness - lights lit,Dry,20,Motorcycle,Afternoon,Slight
Normal,Daylight,Wet or damp,30,Car,Evening,Slight
Raining,Darkness - no lighting,,30,Car,Morning,Serious
Fog or mist,Daylight,Dry,30,Pedal cycle,Morning,Slight
Normal,Daylight,Flood over road,70,Car,Night,Slight
Snowing,Daylight,Dry,30,Motorcycle,Morning,Slight
Normal,Darkness - lights lit,Dry,30,Other,Morning,Slight
Normal,Darkness - lights lit,Dry,30,Goods vehicle,Night,Slight
Normal,Daylight,Wet or damp,30,Car,Night,Slight
Normal,Daylight,Dry,30,Motorcycle,Morning,Slight
Unknown,Daylight,Flood over road,30,Goods vehicle,Afternoon,Slight
Raining,Darkness - lights lit,Dry,30,Motorcycle,Evening,Slight
Raining,Daylight,Wet or damp,20,Car,Morning,Slight
Normal,Daylight,Dry,30,Car,Morning,Slight
Normal,Daylight,Dry,30,Motorcycle,Afternoon,Slight
Snowing,Daylight,Dry,20,Car,Morning,Slight
Normal,Daylight,Dry,40,Goods vehicle,Afternoon,Slight
Normal,Darkness - lights lit,Dry,60,Goods vehicle,Evening,Fatal
Normal,Darkness - lighting unknown,Wet or damp,30,Motorcycle,Afternoon,Serious
Normal,Darkness - lights lit,Dry,30,Motorcycle,Afternoon,Slight
Normal,Daylight,Dry,30,Car,Afternoon,Slight
Normal,Daylight,Dry,70,Car,Evening,Slight
Normal,Daylight,Ice,30,Goods vehicle,Evening,Slight
Normal,Daylight,Dry,50,Pedal cycle,Morning,Slight
Raining,Daylight,,30,Motorcycle,Morning,Slight
Normal,Daylight,Dry,40,Goods vehicle,Morning,Slight
Normal,Daylight,Dry,30,Car,Morning,Slight
Normal,Darkness - lighting unknown,Dry,30,Car,Afternoon,Slight
Normal,Darkness - lighting unknown,Dry,20,Bus/Coach,Afternoon,Slight
Normal,Daylight,Wet or damp,20,Car,Morning,Slight
Normal,Daylight,Dry,50,Car,Afternoon,Slight
Raining,Darkness - lights lit,Wet or damp,40,Bus/Coach,Night,Serious
Normal,Darkness - lights lit,Dry,20,Car,Night,Slight
Normal,Daylight,Dry,20,Car,Afternoon,Slight
Normal,Darkness - lights lit,Snow,20,Car,Morning,Slight
Other,Darkness - no lighting,Ice,60,Bus/Coach,Morning,Fatal
Normal,Darkness - lights lit,Wet or damp,40,Car,Morning,Slight
Normal,Daylight,Snow,30,Car,Morning,Slight
Normal,Daylight,Snow,30,Other,Evening,Slight
,Daylight,Wet or damp,30,Goods vehicle,Evening,Slight
Snowing,Darkness - lights lit,Dry,40,Car,Evening,Serious
Unknown,Daylight,Wet or damp,20,Goods vehicle,Night,Slight
Normal,Darkness - lights lit,Dry,30,Car,Morning,Slight
Normal,Daylight,Dry,70,Car,Night,Slight
Normal,Daylight,Dry,20,Motorcycle,Morning,Slight
Normal,Daylight,Dry,40,Car,Morning,Slight
Normal,Darkness - no lighting,Flood over road,50,Car,Afternoon,Fatal
,Daylight,Dry,30,Other,Evening,Slight
Normal,Daylight,Dry,30,Car,Evening,Slight
Normal,Daylight,Dry,50,Bus/Coach,Afternoon,Slight
Normal,Daylight,Dry,20,Bus/Coach,Morning,Slight
Normal,Daylight,Dry,70,Goods vehicle,Night,Slight
Normal,Daylight,Dry,50,Car,Afternoon,Slight
Normal,Darkness - lights lit,Dry,30,Car,Afternoon,Slight
Snowing,Darkness - lighting unknown,Wet or damp,30,Motorcycle,Afternoon,Slight
Raining,Daylight,,30,Motorcycle,Afternoon,Slight
Raining,Darkness - lights lit,Dry,40,Car,Evening,Serious
Normal,Daylight,Dry,40,Car,Morning,Slight
,Darkness - lights lit,Dry,20,Car,Afternoon,Slight
Normal,Daylight,Dry,30,Bus/Coach,Morning,Slight
Normal,Darkness - lighting unknown,Dry,40,Motorcycle,Morning,Slight
Normal,Daylight,Wet or damp,30,Car,Morning,Slight
Fog or mist,Darkness - lights lit,Flood over road,60,Motorcycle,Night,Fatal
Raining,Daylight,Wet or damp,70,Car,Afternoon,Serious
Normal,Daylight,Snow,20,Car,Morning,Slight
Raining,Daylight,Ice,60,Pedal cycle,Night,Serious
Raining,Daylight,Wet or damp,40,Bus/Coach,Afternoon,Slight
Normal,Darkness - lighting unknown,Snow,20,Car,Morning,Slight
Raining,Daylight,Dry,50,Bus/Coach,Afternoon,Slight
Normal,Daylight,Dry,30,Goods vehicle,Afternoon,Slight
Normal,Daylight,Dry,20,Bus/Coach,Night,Slight
Normal,Darkness - lights lit,Dry,30,Bus/Coach,Afternoon,Slight
Normal,Darkness - lights lit,Dry,20,Bus/Coach,Morning,Slight
Normal,Darkness - lighting unknown,Dry,30,Car,Morning,Slight
Unknown,Darkness - lights lit,Wet or damp,50,Pedal cycle,Evening,Serious
Normal,Daylight,Dry,30,Car,Afternoon,Slight
Normal,Daylight,Dry,20,Car,Afternoon,Slight
Normal,Daylight,Wet or damp,20,Goods vehicle,Afternoon,Slight
Normal,Daylight,Wet or damp,40,Bus/Coach,Afternoon,Slight
Normal,Daylight,Dry,20,Car,Afternoon,Slight
Unknown,Darkness - no lighting,Dry,30,Motorcycle,Afternoon,Slight
Normal,Darkness - lights lit,Dry,30,Car,Morning,Slight
Normal,Daylight,Dry,50,Car,Afternoon,Slight
Fog or mist,Daylight,Dry,50,Goods vehicle,Morning,Slight
Raining,Darkness - lights lit,Dry,20,Goods vehicle,Afternoon,Serious
Raining,Darkness - lights lit,Dry,30,Car,Afternoon,Slight
Other,Daylight,Dry,20,Car,Morning,Slight
Normal,Daylight,Snow,40,Goods vehicle,Morning,Serious
Normal,Daylight,Snow,20,Car,Afternoon,Slight
Snowing,Daylight,Dry,70,Car,Night,Slight
Normal,Daylight,Wet or damp,70,Car,Afternoon,Slight
Normal,Daylight,,30,Car,Morning,Slight
Normal,Daylight,Wet or damp,30,Car,Morning,Slight
Snowing,Daylight,Snow,40,Car,Afternoon,Serious
Normal,Darkness - no lighting,Wet or damp,30,Car,Afternoon,Slight
Normal,Daylight,Dry,50,Car,Morning,Slight
Normal,Daylight,Dry,30,Bus/Coach,Afternoon,Slight
,Darkness - lights lit,Wet or damp,20,Car,Night,Slight
,Daylight,Dry,60,Car,Afternoon,Slight
Normal,Darkness - lights lit,Dry,40,Other,Morning,Slight
Normal,Darkness - lights lit,Dry,30,Bus/Coach,Morning,Slight
Raining,Daylight,Wet or damp,50,Car,Night,Serious
Normal,Darkness - lighting unknown,Dry,30,Car,Night,Serious
Normal,Daylight,Dry,20,Goods vehicle,Evening,Slight
Other,Daylight,Flood over road,30,Motorcycle,Morning,Slight
Raining,Daylight,Dry,40,Motorcycle,Evening,Serious
Normal,Darkness - no lighting,Dry,60,Pedal cycle,Evening,Serious
Normal,Daylight,Wet or damp,30,Car,Afternoon,Slight
Normal,Daylight,Snow,60,Car,Afternoon,Serious
Normal,Daylight,Wet or damp,30,Motorcycle,Morning,Slight
Raining,Darkness - lighting unknown,Wet or damp,30,Bus/Coach,Afternoon,Serious
Normal,Daylight,Wet or damp,20,Goods vehicle,Morning,Slight
Normal,Daylight,Dry,20,Car,Morning,Slight
Fog or mist,Darkness - lights lit,Wet or damp,40,Motorcycle,Morning,Slight
Raining,Darkness - lights lit,Dry,40,Motorcycle,Night,Serious
Normal,Darkness - lighting unknown,Dry,30,Car,Afternoon,Slight
Normal,Darkness - no lighting,Dry,70,Goods vehicle,Night,Serious
Other,Darkness - lights lit,Dry,50,Car,Evening,Slight
Raining,Daylight,Dry,20,Car,Afternoon,Slight
,Daylight,Dry,40,Car,Night,Slight
Raining,Darkness - lights lit,Ice,30,Car,Afternoon,Serious
Normal,Daylight,Flood over road,50,Car,Morning,Slight
Raining,Daylight,Dry,70,Bus/Coach,Night,Serious
Raining,Darkness - lights lit,Wet or damp,40,Motorcycle,Evening,Serious
Snowing,Daylight,Dry,30,Car,Afternoon,Slight
Normal,Daylight,Dry,30,Motorcycle,Night,Slight
Raining,Daylight,Dry,20,Car,Morning,Slight
Normal,Daylight,Dry,70,Car,Afternoon,Slight
Normal,Daylight,Dry,30,Car,Morning,Slight
Normal,Daylight,Dry,50,Car,Afternoon,Slight
Fog or mist,Daylight,Dry,30,Car,Morning,Slight
Snowing,Daylight,Wet or damp,70,Car,Morning,Slight
Normal,Daylight,Snow,40,Motorcycle,Morning,Slight
Unknown,Darkness - no lighting,Dry,50,Car,Afternoon,Serious
Normal,Daylight,Dry,30,Car,Morning,Slight
Normal,Darkness - lights lit,Dry,20,Car,Night,Slight
Normal,Daylight,Dry,20,Motorcycle,Night,Slight
Snowing,Darkness - lights lit,Dry,60,Car,Afternoon,Slight
Normal,Daylight,Dry,30,Car,Morning,Slight
Normal,Daylight,Wet or damp,30,Goods vehicle,Afternoon,Slight
Normal,Daylight,Dry,40,Car,Afternoon,Slight
Fog or mist,Darkness - lighting unknown,Wet or damp,40,Motorcycle,Afternoon,Serious
Raining,Daylight,Dry,20,Car,Morning,Slight
Normal,Daylight,Dry,50,Bus/Coach,Afternoon,Serious
Normal,Daylight,Dry,30,Car,Morning,Slight
Raining,Darkness - no lighting,Wet or damp,60,Car,Night,Fatal
Raining,Daylight,Dry,50,Car,Morning,Fatal
Normal,Daylight,Snow,20,Other,Morning,Slight
Raining,Darkness - no lighting,Flood over road,30,Other,Afternoon,Serious
Normal,Daylight,Dry,30,Car,Afternoon,Slight
Raining,Darkness - lights lit,Dry,30,Car,Afternoon,Serious
Other,Daylight,Dry,30,Car,Afternoon,Slight
Normal,Daylight,Flood over road,50,Motorcycle,Afternoon,Slight
Normal,Daylight,Dry,30,Car,Morning,Slight
Other,Darkness - no lighting,Snow,70,Car,Night,Fatal
Raining,Daylight,Wet or damp,60,Car,Afternoon,Slight
Raining,Darkness - no lighting,Snow,50,Car,Evening,Fatal
Normal,Daylight,Dry,30,Goods vehicle,Night,Slight
Raining,Darkness - lights lit,Dry,70,Car,Morning,Slight
Raining,Darkness - no lighting,Ice,20,Pedal cycle,Afternoon,Serious
Normal,Darkness - no lighting,Dry,30,Motorcycle,Afternoon,Slight
Normal,Daylight,Dry,50,Car,Morning,Slight
Normal,Darkness - lighting unknown,Snow,70,Car,Morning,Fatal
Raining,Darkness - lights lit,Dry,40,Bus/Coach,Afternoon,Slight
Raining,Daylight,Dry,30,Car,Afternoon,Slight
Normal,Daylight,Dry,50,Pedal cycle,Morning,Slight
Snowing,Darkness - lights lit,Dry,60,Goods vehicle,Night,Fatal
,Daylight,Dry,20,Car,Evening,Slight
Raining,Darkness - lighting unknown,Wet or damp,40,Car,Evening,Serious
,Darkness - no lighting,Snow,40,Goods vehicle,Night,Fatal
Normal,Daylight,Dry,30,Car,Afternoon,Slight
Fog or mist,Darkness - lights lit,Wet or damp,30,Goods vehicle,Afternoon,Serious
Normal,Daylight,Dry,20,Bus/Coach,Morning,Slight
Normal,Daylight,Dry,40,Car,Evening,Slight
Normal,Darkness - lights lit,Dry,20,Car,Morning,Slight
Normal,Darkness - no lighting,Ice,40,Other,Afternoon,Serious
Normal,Darkness - no lighting,Snow,50,Bus/Coach,Night,Fatal
Normal,Darkness - lights lit,Dry,70,Bus/Coach,Night,Slight
Normal,Daylight,Wet or damp,30,Car,Morning,Slight
Snowing,Darkness - no lighting,Snow,50,Motorcycle,Evening,Fatal
Raining,Daylight,Wet or damp,50,Car,Afternoon,Slight
Snowing,Daylight,Dry,30,Car,Morning,Slight
Raining,Daylight,Dry,30,Bus/Coach,Morning,Slight
Normal,Darkness - lights lit,Dry,30,Motorcycle,Afternoon,Serious
Normal,Darkness - lights lit,Wet or damp,20,Car,Afternoon,Serious
Normal,Daylight,Dry,20,Car,Night,Slight
Normal,Daylight,Wet or damp,40,Car,Night,Slight
Normal,Darkness - lights lit,Wet or damp,20,Car,Morning,Slight
Raining,Daylight,Dry,30,Car,Morning,Slight
Other,Darkness - lights lit,Dry,50,Bus/Coach,Afternoon,Slight
,Daylight,Dry,20,Car,Afternoon,Slight
Normal,Daylight,Ice,60,Bus/Coach,Night,Slight
Other,Daylight,Dry,20,Car,Morning,Slight
Raining,Daylight,Dry,50,Motorcycle,Morning,Slight
Normal,Daylight,Snow,20,Car,Evening,Slight
Normal,Daylight,Dry,30,Car,Morning,Slight
Snowing,Darkness - lights lit,Snow,60,Car,Evening,Fatal
Raining,Darkness - lights lit,Wet or damp,20,Car,Afternoon,Serious
Normal,Darkness - lights lit,Flood over road,40,Goods vehicle,Morning,Slight
Normal,Darkness - lighting unknown,Flood over road,70,Other,Night,Fatal
Normal,Daylight,,30,Other,Morning,Slight
Fog or mist,Darkness - no lighting,Ice,30,Other,Afternoon,Slight
Normal,Darkness - lights lit,Dry,30,Motorcycle,Morning,Slight
Raining,Daylight,Dry,20,Car,Night,Slight
Normal,Daylight,Dry,50,Bus/Coach,Morning,Slight
Normal,Daylight,Dry,20,Car,Morning,Slight
Unknown,Daylight,Snow,40,Car,Evening,Serious
Unknown,Darkness - lights lit,Wet or damp,50,Car,Evening,Serious
Normal,Daylight,Dry,60,Car,Afternoon,Slight
Normal,Daylight,Dry,50,Car,Night,Slight
Normal,Daylight,Dry,40,Car,Morning,Slight
Other,Darkness - no lighting,Wet or damp,50,Motorcycle,Afternoon,Serious
Normal,Daylight,Dry,50,Car,Morning,Slight
Fog or mist,Daylight,Dry,50,Goods vehicle,Morning,Slight
Raining,Daylight,Dry,50,Car,Morning,Slight
Normal,Daylight,Wet or damp,20,Car,Afternoon,Slight
Other,Daylight,Dry,30,Car,Morning,Slight
Other,Daylight,Dry,40,Goods vehicle,Afternoon,Slight
Normal,Darkness - lights lit,Wet or damp,20,Car,Night,Slight
,Darkness - no lighting,Wet or damp,40,Bus/Coach,Morning,Serious
Raining,Daylight,Wet or damp,30,Other,Morning,Slight
,Daylight,Wet or damp,40,Car,Afternoon,Slight
Normal,Darkness - no lighting,Wet or damp,30,Bus/Coach,Afternoon,Slight
Raining,Darkness - no lighting,Ice,30,Pedal cycle,Morning,Serious
Normal,Darkness - lighting unknown,Wet or damp,40,Bus/Coach,Afternoon,Slight
Raining,Darkness - lights lit,Dry,50,Goods vehicle,Afternoon,Serious
Raining,Daylight,Wet or damp,70,Car,Morning,Slight
Raining,Daylight,Ice,20,Car,Afternoon,Slight
Normal,Darkness - no lighting,Wet or damp,40,Car,Night,Serious
Normal,Daylight,Wet or damp,30,Bus/Coach,Morning,Slight
Normal,Darkness - lights lit,Snow,20,Motorcycle,Morning,Slight
Normal,Daylight,Dry,30,Car,Afternoon,Slight
Normal,Darkness - lights lit,Dry,30,Motorcycle,Morning,Slight
Normal,Darkness - no lighting,,30,Motorcycle,Morning,Slight
Raining,Daylight,Dry,20,Car,Night,Slight
Normal,Daylight,,20,Car,Afternoon,Slight
Normal,Daylight,Dry,20,Car,Afternoon,Slight
,Daylight,Ice,30,Car,Morning,Slight
Raining,Daylight,Snow,60,Bus/Coach,Evening,Fatal
Other,Daylight,Dry,40,Motorcycle,Morning,Slight
Normal,Darkness - lights lit,Snow,20,Car,Night,Slight
Snowing,Daylight,Dry,40,Motorcycle,Afternoon,Slight
Normal,Daylight,Dry,70,Car,Evening,Slight
Normal,Darkness - lighting unknown,Dry,20,Car,Morning,Slight
Fog or mist,Daylight,,30,Bus/Coach,Morning,Slight
Normal,Daylight,Dry,40,Car,Morning,Slight
Snowing,Daylight,Dry,30,Car,Afternoon,Serious
Normal,Darkness - lights lit,Dry,30,Car,Night,Slight
Fog or mist,Darkness - no lighting,Flood over road,40,Car,Evening,Serious
Raining,Daylight,Dry,30,Pedal cycle,Afternoon,Slight
Normal,Daylight,Wet or damp,30,Bus/Coach,Afternoon,Slight
Normal,Darkness - lights lit,Dry,30,Motorcycle,Night,Slight
Raining,Daylight,Dry,20,Car,Afternoon,Slight
Normal,Darkness - no lighting,Dry,40,Car,Afternoon,Slight
Normal,Daylight,Dry,20,Motorcycle,Evening,Slight
,Daylight,Dry,40,Car,Evening,Serious
Normal,Daylight,Wet or damp,40,Car,Night,Slight
Raining,Darkness - no lighting,Snow,70,Goods vehicle,Afternoon,Fatal
Normal,Daylight,Dry,50,Motorcycle,Evening,Slight
Snowing,Darkness - lights lit,Wet or damp,30,Bus/Coach,Morning,Serious
Normal,Daylight,Dry,20,Bus/Coach,Afternoon,Slight
,Daylight,Dry,20,Goods vehicle,Morning,Slight
Normal,Daylight,Dry,30,Car,Morning,Slight
Normal,Daylight,Ice,30,Car,Afternoon,Slight
Normal,Daylight,Wet or damp,20,Car,Afternoon,Slight
Raining,Darkness - lights lit,Dry,50,Car,Afternoon,Serious
Normal,Daylight,Dry,50,Car,Afternoon,Slight
,Darkness - lights lit,Dry,30,Car,Afternoon,Slight
Normal,Daylight,Wet or damp,30,Goods vehicle,Evening,Slight
Raining,Darkness - lights lit,Snow,40,Car,Night,Serious
Raining,Daylight,Wet or damp,60,Other,Afternoon,Serious
,Daylight,Dry,70,Car,Afternoon,Slight
Normal,Darkness - lights lit,Dry,70,Car,Morning,Slight
Normal,Daylight,Dry,30,Car,Afternoon,Slight
Raining,Daylight,Dry,30,Car,Morning,Slight
Snowing,Darkness - lights lit,Dry,50,Motorcycle,Evening,Serious
Raining,Daylight,Dry,30,Motorcycle,Afternoon,Slight
Normal,Darkness - lights lit,Wet or damp,60,Bus/Coach,Afternoon,Slight
Snowing,Daylight,Dry,20,Car,Afternoon,Slight
Normal,Daylight,Dry,20,Car,Night,Slight
Normal,Daylight,Dry,30,Goods vehicle,Afternoon,Slight
Normal,Daylight,Dry,60,Motorcycle,Morning,Slight
Normal,Daylight,Dry,30,Car,Afternoon,Slight
Snowing,Darkness - no lighting,Dry,20,Bus/Coach,Afternoon,Serious
Normal,Daylight,Dry,50,Car,Afternoon,Slight
Normal,Daylight,Wet or damp,50,Car,Night,Slight
Fog or mist,Darkness - no lighting,Wet or damp,60,Car,Morning,Fatal
Raining,Darkness - no lighting,Ice,70,Other,Evening,Fatal
Normal,Daylight,Dry,30,Bus/Coach,Afternoon,Slight
Normal,Daylight,Dry,40,Motorcycle,Afternoon,Slight
Raining,Daylight,Dry,30,Goods vehicle,Afternoon,Slight
Unknown,Darkness - lights lit,Dry,40,Car,Morning,Slight
Fog or mist,Darkness - no lighting,Dry,30,Car,Night,Slight
Snowing,Darkness - no lighting,Ice,60,Car,Evening,Fatal
Normal,Daylight,Snow,20,Car,Afternoon,Slight
,Daylight,Dry,30,Car,Morning,Slight
Normal,Daylight,Wet or damp,20,Car,Afternoon,Slight
Normal,Darkness - lights lit,Wet or damp,70,Car,Afternoon,Slight
Normal,Daylight,Dry,60,Car,Afternoon,Slight
Normal,Daylight,Dry,20,Motorcycle,Evening,Slight
Raining,Daylight,Ice,60,Car,Evening,Serious
Raining,Darkness - lighting unknown,Dry,50,Motorcycle,Night,Slight
Raining,Daylight,Dry,20,Other,Evening,Slight
Other,Daylight,Wet or damp,20,Car,Afternoon,Serious
Normal,Daylight,Dry,20,Other,Afternoon,Slight
Raining,Darkness - lights lit,Ice,50,Car,Evening,Fatal
Normal,Daylight,,20,Car,Evening,Slight
Normal,Darkness - lights lit,Dry,20,Car,Morning,Slight
Raining,Daylight,Dry,30,Car,Afternoon,Slight
Normal,Daylight,Dry,30,Goods vehicle,Morning,Slight
Normal,Darkness - lights lit,Dry,30,Bus/Coach,Evening,Slight
Normal,Darkness - lights lit,Flood over road,50,Car,Morning,Slight
Raining,Daylight,Dry,50,Car,Evening,Slight
Normal,Daylight,Wet or damp,20,Car,Night,Slight
Normal,Daylight,Dry,30,Car,Afternoon,Slight
,Daylight,Dry,20,Car,Morning,Slight
Raining,Daylight,,70,Car,Morning,Slight
Raining,Daylight,Dry,30,Goods vehicle,Afternoon,Slight
Normal,Daylight,Dry,50,Car,Morning,Slight
Snowing,Darkness - lights lit,Dry,40,Car,Afternoon,Slight
Normal,Daylight,Snow,20,Car,Morning,Slight
,Daylight,Dry,40,Car,Afternoon,Slight
Normal,Darkness - lighting unknown,Wet or damp,30,Goods vehicle,Morning,Slight
Normal,Daylight,Dry,30,Pedal cycle,Afternoon,Slight
Normal,Daylight,Dry,30,Goods vehicle,Morning,Slight
Normal,Daylight,Dry,40,Car,Afternoon,Slight
Normal,Daylight,Wet or damp,30,Bus/Coach,Morning,Slight
Normal,Daylight,Dry,60,Car,Morning,Slight
Raining,Daylight,Wet or damp,20,Car,Morning,Slight
Snowing,Darkness - lighting unknown,Wet or damp,60,Bus/Coach,Evening,Fatal
Other,Darkness - no lighting,Snow,30,Car,Night,Serious
Raining,Darkness - lights lit,Dry,70,Car,Morning,Slight
Normal,Daylight,Dry,50,Pedal cycle,Morning,Slight
Fog or mist,Daylight,Dry,20,Car,Morning,Slight
Raining,Darkness - no lighting,Wet or damp,60,Bus/Coach,Night,Fatal
,Darkness - no lighting,Wet or damp,40,Car,Morning,Slight
Normal,Daylight,Dry,50,Goods vehicle,Night,Slight
Normal,Daylight,Dry,20,Car,Afternoon,Slight
Normal,Darkness - no lighting,Wet or damp,30,Motorcycle,Afternoon,Serious
,Daylight,Dry,30,Pedal cycle,Morning,Slight
Normal,Darkness - no lighting,Wet or damp,30,Motorcycle,Evening,Slight
Normal,Daylight,Wet or damp,50,Car,Afternoon,Slight
Normal,Darkness - lighting unknown,Dry,20,Car,Afternoon,Slight
Normal,Daylight,Dry,20,Car,Morning,Slight
Fog or mist,Darkness - lighting unknown,,70,Motorcycle,Afternoon,Serious
Normal,Daylight,Dry,20,Motorcycle,Morning,Slight
,Darkness - lights lit,Wet or damp,30,Car,Morning,Slight
Normal,Daylight,Dry,40,Motorcycle,Night,Serious
Normal,Darkness - lights lit,Wet or damp,30,Car,Morning,Slight
Normal,Darkness - lighting unknown,Wet or damp,40,Car,Afternoon,Serious
Normal,Daylight,Ice,30,Bus/Coach,Morning,Slight
Normal,Daylight,Snow,30,Car,Morning,Slight
Normal,Darkness - lights lit,Wet or damp,30,Car,Morning,Slight
Normal,Daylight,Dry,30,Car,Morning,Slight
Normal,Darkness - lights lit,Dry,30,Car,Evening,Slight
Normal,Daylight,Wet or damp,70,Car,Evening,Slight
Other,Darkness - lights lit,Wet or damp,40,Goods vehicle,Evening,Serious
,Darkness - lights lit,Wet or damp,20,Goods vehicle,Afternoon,Slight
Raining,Darkness - lights lit,Flood over road,30,Pedal cycle,Afternoon,Serious
Normal,Daylight,Dry,20,Car,Morning,Slight
Unknown,Darkness - no lighting,Ice,50,Bus/Coach,Night,Fatal
Raining,Darkness - no lighting,Dry,70,Car,Evening,Serious
Normal,Daylight,Snow,20,Motorcycle,Morning,Slight
Normal,Daylight,Dry,20,Car,Afternoon,Slight
Normal,Darkness - lights lit,Dry,20,Bus/Coach,Evening,Serious
Normal,Daylight,,70,Car,Morning,Slight
Other,Darkness - lights lit,Dry,20,Motorcycle,Afternoon,Serious
Normal,Daylight,Wet or damp,30,Car,Afternoon,Slight
Other,Daylight,Dry,40,Car,Night,Slight
Normal,Daylight,Dry,50,Goods vehicle,Morning,Slight
Raining,Darkness - no lighting,Dry,30,Car,Evening,Slight
Normal,Darkness - lights lit,Dry,30,Car,Morning,Slight
Normal,Daylight,Dry,50,Bus/Coach,Morning,Slight
Normal,Daylight,Dry,30,Car,Morning,Slight
Normal,Daylight,Dry,20,Goods vehicle,Evening,Slight
Normal,Daylight,Dry,30,Goods vehicle,Afternoon,Slight
Normal,Daylight,Snow,40,Bus/Coach,Afternoon,Serious
,Daylight,Flood over road,70,Bus/Coach,Afternoon,Slight
Snowing,Daylight,Dry,30,Car,Afternoon,Slight
Normal,Darkness - lights lit,Dry,60,Motorcycle,Evening,Slight
Raining,Daylight,Wet or damp,20,Goods vehicle,Night,Slight
Normal,Darkness - lights lit,Dry,50,Car,Morning,Slight
Snowing,Darkness - no lighting,Wet or damp,60,Motorcycle,Night,Fatal
Normal,Daylight,Dry,40,Car,Afternoon,Slight
Normal,Darkness - lights lit,Dry,20,Car,Afternoon,Slight
Normal,Darkness - no lighting,Wet or damp,40,Other,Afternoon,Serious
Normal,Daylight,Dry,20,Motorcycle,Afternoon,Slight
Normal,Daylight,Dry,70,Car,Evening,Slight
Normal,Daylight,Dry,20,Motorcycle,Morning,Slight
Raining,Daylight,Snow,30,Motorcycle,Evening,Serious
Snowing,Darkness - lights lit,Wet or damp,70,Car,Morning,Serious
Normal,Daylight,Dry,30,Car,Afternoon,Slight
Normal,Daylight,Dry,20,Car,Evening,Slight
Raining,Daylight,Wet or damp,50,Goods vehicle,Morning,Serious
,Daylight,,20,Car,Evening,Slight
Snowing,Darkness - no lighting,Dry,60,Motorcycle,Night,Fatal
Normal,Daylight,Dry,20,Car,Night,Slight
Normal,Darkness - lights lit,Flood over road,30,Goods vehicle,Morning,Slight
Normal,Daylight,,30,Car,Afternoon,Slight
Normal,Daylight,Wet or damp,40,Goods vehicle,Afternoon,Slight
Normal,Daylight,Dry,20,Car,Afternoon,Slight
Normal,Daylight,Flood over road,30,Motorcycle,Evening,Serious
,Daylight,Dry,30,Car,Morning,Slight
Raining,Daylight,Dry,30,Car,Morning,Slight
Snowing,Darkness - lights lit,Dry,40,Car,Afternoon,Slight
Normal,Darkness - lights lit,Dry,30,Pedal cycle,Morning,Slight
Normal,Darkness - lights lit,Wet or damp,30,Motorcycle,Morning,Slight
Normal,Daylight,Snow,20,Car,Afternoon,Slight
Raining,Daylight,Wet or damp,60,Car,Night,Fatal
Raining,Darkness - no lighting,Snow,40,Goods vehicle,Evening,Fatal
Normal,Daylight,Dry,20,Goods vehicle,Night,Slight
Other,Daylight,Dry,30,Car,Afternoon,Slight
Normal,Daylight,Dry,40,Car,Morning,Slight
Normal,Darkness - lights lit,Dry,30,Goods vehicle,Afternoon,Slight
Normal,Darkness - no lighting,Dry,20,Car,Morning,Slight
Normal,Daylight,Snow,40,Car,Evening,Slight
Normal,Daylight,,40,Car,Night,Slight
Snowing,Darkness - lighting unknown,Dry,40,Car,Afternoon,Slight
Normal,Darkness - no lighting,Dry,30,Goods vehicle,Night,Slight
Unknown,Daylight,Wet or damp,20,Car,Afternoon,Slight
Normal,Daylight,Dry,60,Car,Morning,Slight
Normal,Darkness - lights lit,Wet or damp,30,Car,Afternoon,Slight
Raining,Daylight,,30,Car,Night,Slight
Normal,Daylight,Dry,30,Car,Morning,Slight
Raining,Daylight,Dry,30,Car,Afternoon,Slight
Normal,Daylight,Dry,20,Car,Afternoon,Slight
Normal,Darkness - lights lit,Dry,30,Car,Morning,Slight
Normal,Darkness - lights lit,Dry,70,Car,Morning,Slight
Normal,Daylight,Dry,20,Pedal cycle,Evening,Slight
Normal,Daylight,Dry,20,Car,Morning,Slight
Unknown,Daylight,Snow,20,Car,Afternoon,Slight
Normal,Daylight,Dry,30,Car,Afternoon,Slight
Normal,Daylight,Dry,70,Car,Afternoon,Slight
Normal,Daylight,,20,Bus/Coach,Afternoon,Slight
Normal,Darkness - no lighting,Dry,20,Car,Afternoon,Slight
Raining,Darkness - no lighting,Ice,50,Motorcycle,Evening,Fatal
Normal,Darkness - no lighting,Wet or damp,70,Motorcycle,Night,Fatal
,Darkness - no lighting,Dry,50,Car,Afternoon,Serious
Normal,Daylight,Flood over road,20,Motorcycle,Morning,Slight
Normal,Darkness - no lighting,Wet or damp,60,Other,Morning,Slight
Normal,Daylight,Dry,30,Car,Afternoon,Slight
Normal,Daylight,Dry,20,Bus/Coach,Morning,Slight
Raining,Daylight,Dry,30,Car,Afternoon,Slight
Normal,Daylight,Dry,20,Car,Afternoon,Slight
Normal,Daylight,Dry,20,Bus/Coach,Morning,Slight
Fog or mist,Daylight,Dry,20,Motorcycle,Afternoon,Slight
Normal,Darkness - lights lit,Dry,20,Goods vehicle,Afternoon,Slight
Raining,Darkness - no lighting,Wet or damp,50,Other,Evening,Serious
Normal,Daylight,Dry,30,Car,Afternoon,Slight
,Daylight,Dry,20,Car,Morning,Slight
Normal,Darkness - lights lit,Dry,30,Motorcycle,Afternoon,Slight
Normal,Daylight,,40,Motorcycle,Evening,Serious
Fog or mist,Darkness - lighting unknown,Wet or damp,20,Goods vehicle,Morning,Slight
Snowing,Daylight,Dry,20,Goods vehicle,Afternoon,Slight
Normal,Darkness - lights lit,Wet or damp,30,Car,Morning,Slight
,Darkness - lighting unknown,Wet or damp,70,Goods vehicle,Night,Fatal
,Darkness - lights lit,Snow,70,Motorcycle,Evening,Fatal
Normal,Daylight,Dry,40,Car,Afternoon,Slight
Normal,Darkness - lights lit,Snow,30,Bus/Coach,Evening,Slight
Normal,Darkness - lighting unknown,Wet or damp,40,Car,Afternoon,Serious
Normal,Daylight,,50,Car,Evening,Slight
Snowing,Daylight,Wet or damp,70,Bus/Coach,Afternoon,Serious
Normal,Daylight,Dry,30,Goods vehicle,Evening,Slight
Other,Daylight,Dry,40,Goods vehicle,Night,Slight
Snowing,Daylight,Wet or damp,40,Motorcycle,Morning,Slight
Normal,Daylight,Snow,40,Pedal cycle,Afternoon,Serious
Raining,Daylight,Dry,40,Car,Afternoon,Slight
Raining,Darkness - lights lit,Wet or damp,20,Goods vehicle,Afternoon,Slight
,Darkness - lights lit,Wet or damp,20,Car,Evening,Slight
Other,Daylight,Dry,20,Car,Night,Slight
Raining,Daylight,Dry,20,Car,Night,Slight
Normal,Daylight,Dry,30,Goods vehicle,Afternoon,Slight
Normal,Darkness - lighting unknown,Dry,20,Motorcycle,Afternoon,Slight
Normal,Darkness - lights lit,Dry,50,Motorcycle,Afternoon,Slight
Normal,Darkness - lights lit,Dry,30,Car,Night,Slight
,Daylight,,20,Car,Morning,Slight
Fog or mist,Darkness - lights lit,Wet or damp,20,Car,Morning,Slight
Fog or mist,Daylight,Dry,30,Car,Morning,Slight
Raining,Daylight,Dry,70,Car,Morning,Slight
Normal,Daylight,Wet or damp,30,Car,Afternoon,Slight
Snowing,Darkness - lights lit,Dry,40,Car,Night,Slight
Unknown,Darkness - lights lit,Dry,30,Other,Evening,Slight
Raining,Daylight,Dry,30,Car,Evening,Slight
Raining,Daylight,Dry,20,Car,Morning,Slight
Normal,Daylight,Dry,30,Goods vehicle,Night,Slight
,Daylight,Ice,20,Car,Morning,Slight
Normal,Darkness - lights lit,Dry,30,Car,Morning,Slight
Normal,Darkness - no lighting,Wet or damp,20,Other,Afternoon,Serious
Normal,Darkness - no lighting,Dry,40,Goods vehicle,Night,Serious
Fog or mist,Darkness - no lighting,Dry,30,Car,Afternoon,Serious
Normal,Daylight,,20,Car,Afternoon,Slight
Raining,Daylight,Dry,30,Car,Morning,Slight
Normal,Daylight,Ice,70,Car,Morning,Slight
Normal,Darkness - no lighting,Dry,40,Car,Night,Slight
Raining,Daylight,Dry,20,Car,Night,Slight
Fog or mist,Darkness - lights lit,Ice,20,Car,Afternoon,Serious
Normal,Daylight,Dry,50,Car,Morning,Slight
Normal,Daylight,Dry,30,Motorcycle,Morning,Slight
Normal,Darkness - lights lit,Ice,30,Car,Night,Serious
Normal,Daylight,Dry,30,Car,Afternoon,Slight
,Daylight,Dry,20,Car,Night,Slight
Normal,Daylight,Dry,60,Car,Night,Slight
Raining,Daylight,Wet or damp,30,Car,Morning,Slight
Fog or mist,Daylight,Dry,40,Car,Night,Slight
Normal,Darkness - lights lit,Dry,20,Car,Morning,Slight
Fog or mist,Daylight,Dry,70,Car,Afternoon,Slight
Fog or mist,Daylight,Wet or damp,50,Car,Afternoon,Slight
Normal,Darkness - no lighting,Flood over road,50,Goods vehicle,Night,Serious
Normal,Daylight,,50,Motorcycle,Evening,Serious
Normal,Daylight,Wet or damp,30,Car,Morning,Slight
Normal,Daylight,Ice,40,Other,Afternoon,Slight
Snowing,Daylight,Wet or damp,20,Car,Morning,Slight
Normal,Daylight,Flood over road,20,Motorcycle,Evening,Slight
Normal,Darkness - lights lit,Dry,40,Bus/Coach,Night,Slight
Normal,Daylight,Dry,50,Car,Morning,Slight
Raining,Darkness - lights lit,Wet or damp,60,Car,Night,Serious
Raining,Darkness - lights lit,Dry,30,Car,Afternoon,Slight
Normal,Daylight,Dry,20,Car,Afternoon,Slight
Raining,Darkness - lights lit,Flood over road,50,Other,Evening,Serious
Normal,Darkness - lights lit,Dry,30,Car,Afternoon,Slight
Normal,Daylight,Dry,70,Bus/Coach,Night,Slight
Normal,Daylight,Dry,30,Motorcycle,Afternoon,Slight
Normal,Daylight,Dry,50,Car,Morning,Slight
Normal,Daylight,,30,Car,Night,Slight
Raining,Darkness - lights lit,Snow,20,Motorcycle,Afternoon,Serious
Normal,Darkness - lights lit,Snow,40,Car,Night,Serious
Normal,Daylight,Dry,30,Car,Morning,Slight
Normal,Daylight,Wet or damp,50,Car,Evening,Serious
Normal,Daylight,Wet or damp,20,Car,Afternoon,Slight
Normal,Darkness - lights lit,Dry,40,Motorcycle,Evening,Serious
Normal,Daylight,Dry,20,Bus/Coach,Night,Slight
Fog or mist,Darkness - no lighting,Ice,50,Bus/Coach,Evening,Fatal
Raining,Daylight,Dry,60,Car,Afternoon,Slight
Raining,Darkness - lights lit,Dry,40,Pedal cycle,Evening,Serious
Normal,Daylight,Ice,30,Motorcycle,Morning,Slight
Fog or mist,Daylight,Dry,30,Bus/Coach,Afternoon,Slight
Raining,Darkness - no lighting,Wet or damp,30,Car,Afternoon,Serious
Snowing,Darkness - lights lit,Wet or damp,30,Goods vehicle,Afternoon,Serious
Normal,Daylight,Dry,30,Car,Night,Slight
Normal,Daylight,Wet or damp,30,Car,Morning,Slight
Normal,Darkness - lights lit,Wet or damp,20,Car,Night,Slight
Raining,Daylight,,40,Pedal cycle,Afternoon,Slight
Fog or mist,Daylight,Dry,40,Bus/Coach,Night,Slight
Raining,Darkness - lights lit,Dry,30,Car,Morning,Slight
Snowing,Darkness - no lighting,Flood over road,50,Goods vehicle,Evening,Fatal
Normal,Darkness - lighting unknown,Dry,40,Goods vehicle,Afternoon,Serious
Normal,Darkness - lights lit,Dry,20,Car,Afternoon,Slight
Normal,Daylight,Dry,30,Goods vehicle,Morning,Slight
Normal,Daylight,Wet or damp,30,Car,Morning,Slight
Normal,Daylight,Dry,70,Car,Afternoon,Slight
Snowing,Darkness - lights lit,Snow,60,Motorcycle,Afternoon,Serious
Other,Daylight,Dry,50,Car,Morning,Slight
Normal,Darkness - lights lit,Dry,50,Car,Morning,Slight
Snowing,Darkness - lights lit,Snow,70,Motorcycle,Afternoon,Fatal
Normal,Darkness - lights lit,Dry,20,Car,Morning,Slight
Normal,Darkness - lighting unknown,Wet or damp,30,Pedal cycle,Afternoon,Serious
Unknown,Daylight,Dry,40,Car,Morning,Slight
Normal,Darkness - lights lit,Dry,30,Motorcycle,Afternoon,Slight
Raining,Daylight,Wet or damp,50,Car,Afternoon,Slight
Normal,Darkness - lights lit,Wet or damp,30,Motorcycle,Night,Slight
Snowing,Darkness - no lighting,Wet or damp,70,Car,Night,Fatal
Normal,Daylight,Flood over road,20,Car,Morning,Slight
Normal,Daylight,Dry,30,Car,Morning,Slight
Other,Darkness - no lighting,Snow,70,Car,Night,Fatal
Normal,Daylight,Flood over road,40,Car,Afternoon,Serious
Normal,Darkness - lights lit,Flood over road,20,Car,Afternoon,Slight
Normal,Darkness - lighting unknown,Wet or damp,30,Motorcycle,Morning,Slight
Normal,Daylight,Flood over road,30,Car,Afternoon,Slight
Normal,Daylight,Dry,40,Car,Afternoon,Slight
Normal,Darkness - lights lit,,20,Car,Morning,Slight
Normal,Daylight,Dry,70,Car,Evening,Slight
Normal,Darkness - lights lit,Dry,40,Car,Morning,Slight
Normal,Darkness - lights lit,Dry,70,Other,Morning,Slight
Snowing,Darkness - lighting unknown,Dry,30,Car,Afternoon,Slight
Raining,Daylight,Dry,30,Car,Morning,Slight
Normal,Daylight,Dry,70,Car,Afternoon,Slight
Unknown,Daylight,Dry,40,Motorcycle,Morning,Slight
Normal,Daylight,Wet or damp,20,Goods vehicle,Morning,Slight
Raining,Daylight,Dry,70,Car,Morning,Serious
Normal,Daylight,Dry,20,Car,Morning,Slight
Raining,Daylight,Dry,30,Other,Night,Slight
Normal,Daylight,Wet or damp,30,Motorcycle,Evening,Serious
,Darkness - lights lit,Wet or damp,40,Car,Evening,Serious
Normal,Daylight,Dry,40,Car,Evening,Slight
Normal,Darkness - lights lit,Dry,70,Car,Afternoon,Slight
Fog or mist,Daylight,Wet or damp,30,Car,Afternoon,Slight
Normal,Darkness - lights lit,,30,Car,Morning,Slight
Normal,Daylight,Dry,30,Car,Morning,Slight
Normal,Darkness - no lighting,Wet or damp,40,Car,Afternoon,Slight
Snowing,Daylight,Wet or damp,60,Motorcycle,Evening,Serious
Normal,Daylight,Dry,20,Car,Morning,Slight
Normal,Daylight,Wet or damp,20,Car,Morning,Slight
Raining,Darkness - lights lit,Dry,50,Pedal cycle,Night,Serious
Normal,Daylight,Dry,20,Car,Morning,Slight
Fog or mist,Daylight,Wet or damp,40,Car,Afternoon,Slight
Normal,Daylight,Flood over road,20,Car,Night,Slight
Normal,Darkness - lights lit,Wet or damp,70,Other,Morning,Slight
Raining,Darkness - lights lit,Dry,50,Other,Night,Serious
,Daylight,,40,Car,Morning,Slight
Normal,Darkness - no lighting,Dry,30,Car,Morning,Slight
Raining,Darkness - no lighting,Wet or damp,60,Bus/Coach,Night,Fatal
,Daylight,Dry,20,Car,Evening,Slight
Raining,Darkness - lights lit,Dry,50,Pedal cycle,Afternoon,Serious
Raining,Darkness - lights lit,Dry,30,Car,Morning,Slight
Fog or mist,Darkness - no lighting,Dry,60,Motorcycle,Afternoon,Serious
Normal,Darkness - lights lit,Dry,20,Car,Morning,Slight
Normal,Darkness - lights lit,Dry,20,Car,Evening,Slight
Normal,Daylight,Dry,20,Bus/Coach,Afternoon,Slight
Raining,Daylight,Dry,30,Car,Morning,Slight
Snowing,Darkness - lighting unknown,Dry,20,Car,Evening,Slight
Normal,Darkness - lights lit,Wet or damp,50,Car,Afternoon,Slight
Normal,Darkness - lights lit,Wet or damp,70,Car,Evening,Serious
Raining,Daylight,Dry,30,Pedal cycle,Morning,Slight
Raining,Daylight,Snow,20,Motorcycle,Morning,Slight
Normal,Daylight,Wet or damp,30,Car,Afternoon,Slight
Raining,Darkness - lights lit,,60,Car,Night,Fatal
Snowing,Daylight,Dry,60,Car,Night,Slight
,Daylight,Dry,20,Car,Morning,Slight
Normal,Daylight,Wet or damp,20,Car,Afternoon,Slight
Normal,Daylight,Snow,50,Car,Afternoon,Slight
Normal,Daylight,Dry,20,Car,Afternoon,Slight
,Darkness - no lighting,Flood over road,30,Bus/Coach,Evening,Serious
Unknown,Darkness - no lighting,Wet or damp,70,Car,Night,Fatal
Normal,Darkness - lights lit,Wet or damp,40,Car,Evening,Serious
Other,Daylight,Ice,50,Car,Morning,Serious
,Daylight,Wet or damp,20,Bus/Coach,Morning,Slight
Normal,Daylight,Wet or damp,20,Motorcycle,Afternoon,Slight
Normal,Daylight,Snow,20,Goods vehicle,Night,Slight
Normal,Daylight,Ice,60,Car,Afternoon,Slight
Unknown,Darkness - lighting unknown,Dry,20,Car,Morning,Slight
Normal,Daylight,Wet or damp,70,Bus/Coach,Afternoon,Serious
Unknown,Darkness - lights lit,Dry,20,Car,Morning,Slight
Fog or mist,Daylight,Wet or damp,30,Bus/Coach,Afternoon,Slight
Normal,Daylight,,30,Car,Night,Slight
Raining,Daylight,Wet or damp,30,Goods vehicle,Afternoon,Slight
Normal,Daylight,Dry,20,Car,Evening,Slight
Normal,Darkness - lights lit,Dry,30,Car,Night,Slight
Fog or mist,Darkness - lights lit,Snow,30,Car,Morning,Serious
Normal,Daylight,Dry,30,Bus/Coach,Afternoon,Slight
Normal,Darkness - lights lit,Dry,20,Car,Afternoon,Slight
Raining,Daylight,Ice,50,Motorcycle,Afternoon,Serious
Normal,Daylight,Flood over road,30,Car,Afternoon,Slight
Fog or mist,Darkness - lights lit,Snow,40,Motorcycle,Morning,Serious
Normal,Darkness - no lighting,Dry,70,Car,Afternoon,Slight
Normal,Daylight,Dry,30,Car,Afternoon,Slight
Normal,Daylight,Snow,40,Car,Afternoon,Slight
Unknown,Daylight,Dry,30,Car,Night,Slight
Normal,Daylight,Wet or damp,40,Motorcycle,Afternoon,Slight
Normal,Darkness - lights lit,Dry,70,Car,Evening,Serious
Normal,Daylight,Dry,30,Car,Morning,Slight
Unknown,Darkness - lights lit,Wet or damp,20,Bus/Coach,Night,Serious
Normal,Darkness - lights lit,Dry,20,Motorcycle,Morning,Slight
Raining,Darkness - lights lit,Dry,60,Car,Afternoon,Slight
Snowing,Darkness - no lighting,Dry,60,Goods vehicle,Afternoon,Slight
Raining,Darkness - lights lit,Dry,70,Car,Morning,Slight
Normal,Daylight,Dry,70,Car,Morning,Slight
Normal,Darkness - no lighting,Dry,50,Car,Afternoon,Slight
Normal,Daylight,Dry,30,Bus/Coach,Afternoon,Slight
Normal,Daylight,Wet or damp,30,Car,Night,Slight
Normal,Daylight,Dry,50,Goods vehicle,Night,Slight
Normal,Darkness - lights lit,Dry,30,Car,Morning,Slight
Snowing,Darkness - lights lit,Dry,20,Car,Evening,Slight
Raining,Daylight,Dry,30,Bus/Coach,Morning,Slight
Normal,Darkness - lights lit,Wet or damp,20,Goods vehicle,Afternoon,Slight
Normal,Daylight,Wet or damp,40,Car,Afternoon,Slight
Other,Darkness - lights lit,Flood over road,40,Car,Night,Serious
Normal,Daylight,Wet or damp,50,Car,Morning,Slight
Normal,Daylight,,30,Car,Morning,Slight
Fog or mist,Daylight,Dry,30,Car,Morning,Slight
Normal,Daylight,Dry,30,Other,Morning,Slight
Normal,Daylight,Wet or damp,20,Bus/Coach,Morning,Slight
Raining,Daylight,Dry,20,Bus/Coach,Morning,Slight
Normal,Darkness - no lighting,Wet or damp,50,Car,Night,Serious
Normal,Daylight,Dry,20,Pedal cycle,Night,Slight
Fog or mist,Daylight,Dry,40,Motorcycle,Night,Slight
,Daylight,Dry,20,Other,Evening,Slight
Normal,Daylight,Dry,20,Car,Afternoon,Slight
Normal,Daylight,Dry,30,Pedal cycle,Afternoon,Slight
Raining,Darkness - lights lit,Dry,60,Goods vehicle,Morning,Serious
Normal,Daylight,Snow,30,Car,Morning,Slight
Normal,Daylight,Wet or damp,40,Car,Evening,Slight
Normal,Daylight,Dry,20,Car,Afternoon,Slight
Normal,Darkness - lights lit,Dry,60,Car,Night,Fatal
Normal,Daylight,Dry,20,Car,Afternoon,Slight
,Darkness - lighting unknown,Dry,50,Bus/Coach,Morning,Slight
Normal,Daylight,Dry,40,Pedal cycle,Afternoon,Slight
Normal,Darkness - lights lit,Dry,20,Bus/Coach,Afternoon,Slight
Raining,Daylight,Flood over road,30,Car,Afternoon,Serious
Normal,Daylight,,30,Bus/Coach,Evening,Slight
Normal,Daylight,Dry,40,Bus/Coach,Morning,Slight
,Daylight,Dry,70,Bus/Coach,Morning,Slight
Fog or mist,Daylight,Dry,30,Goods vehicle,Afternoon,Slight
Snowing,Darkness - lights lit,Snow,20,Car,Afternoon,Slight
Normal,Daylight,Wet or damp,40,Car,Afternoon,Slight
Normal,Daylight,Dry,30,Motorcycle,Afternoon,Slight
Normal,Daylight,Ice,30,Other,Night,Serious
Unknown,Daylight,Dry,30,Car,Night,Slight
Normal,Daylight,Dry,20,Car,Evening,Slight
Raining,Daylight,Wet or damp,40,Car,Afternoon,Slight
Raining,Darkness - lighting unknown,Wet or damp,30,Car,Night,Serious
Snowing,Darkness - lights lit,Dry,20,Bus/Coach,Morning,Slight
Normal,Daylight,Wet or damp,30,Car,Morning,Slight
Normal,Darkness - lights lit,Dry,30,Motorcycle,Morning,Slight
Fog or mist,Darkness - lights lit,Dry,30,Car,Afternoon,Slight
Normal,Daylight,Dry,20,Other,Afternoon,Slight
Normal,Daylight,Wet or damp,30,Car,Morning,Slight
Normal,Daylight,Dry,20,Car,Afternoon,Slight
Raining,Daylight,,20,Other,Afternoon,Slight
Normal,Daylight,Dry,30,Pedal cycle,Night,Slight
Normal,Darkness - no lighting,Dry,20,Car,Morning,Slight
Normal,Daylight,Dry,20,Car,Evening,Slight
Normal,Darkness - no lighting,Snow,20,Car,Afternoon,Slight
Unknown,Darkness - no lighting,Wet or damp,40,Car,Afternoon,Serious
Normal,Daylight,Wet or damp,20,Car,Morning,Slight
Raining,Daylight,Flood over road,20,Car,Morning,Slight
Snowing,Daylight,Wet or damp,20,Goods vehicle,Morning,Slight
Normal,Darkness - lights lit,Wet or damp,70,Car,Afternoon,Serious
Normal,Daylight,Wet or damp,40,Other,Evening,Serious
Unknown,Daylight,Dry,20,Car,Morning,Slight
,Daylight,Wet or damp,50,Other,Night,Serious
Raining,Daylight,Dry,20,Car,Afternoon,Slight
Normal,Darkness - lights lit,Dry,30,Car,Night,Slight
Normal,Daylight,Wet or damp,70,Car,Morning,Slight
Normal,Darkness - lights lit,Wet or damp,20,Car,Afternoon,Serious
Fog or mist,Daylight,Wet or damp,20,Car,Morning,Slight
Snowing,Darkness - lights lit,Ice,50,Other,Evening,Serious
Raining,Daylight,Wet or damp,30,Motorcycle,Afternoon,Serious
Normal,Daylight,Dry,70,Car,Afternoon,Slight
Normal,Daylight,Dry,20,Other,Morning,Slight
Normal,Daylight,Wet or damp,20,Car,Afternoon,Slight
Normal,Darkness - lights lit,Wet or damp,60,Goods vehicle,Afternoon,Slight
Raining,Darkness - lights lit,Wet or damp,30,Car,Evening,Slight
Unknown,Daylight,Dry,20,Bus/Coach,Morning,Slight
Unknown,Daylight,Wet or damp,30,Goods vehicle,Afternoon,Slight
Other,Daylight,Dry,30,Bus/Coach,Night,Serious
Normal,Daylight,Wet or damp,70,Car,Afternoon,Slight
Normal,Daylight,Dry,30,Car,Afternoon,Slight
Normal,Darkness - lights lit,,30,Car,Afternoon,Slight
Raining,Darkness - no lighting,Wet or damp,60,Car,Evening,Fatal
Normal,Daylight,Dry,30,Car,Morning,Slight
Normal,Darkness - no lighting,Flood over road,30,Car,Evening,Serious
Other,Darkness - no lighting,Dry,50,Motorcycle,Afternoon,Serious
Normal,Darkness - lights lit,Dry,30,Car,Evening,Slight
Normal,Daylight,Dry,60,Car,Afternoon,Slight
Normal,Darkness - lights lit,Dry,20,Car,Afternoon,Slight
Normal,Darkness - no lighting,,30,Car,Morning,Serious
Normal,Daylight,Dry,40,Car,Afternoon,Slight
Normal,Darkness - lights lit,Dry,50,Motorcycle,Afternoon,Slight
Normal,Daylight,Dry,30,Motorcycle,Morning,Slight
Raining,Daylight,Wet or damp,50,Goods vehicle,Afternoon,Serious
,Darkness - lights lit,Ice,60,Bus/Coach,Night,Serious
Snowing,Daylight,Dry,20,Car,Morning,Slight
Normal,Daylight,Dry,30,Car,Afternoon,Slight
Snowing,Darkness - lights lit,Snow,30,Car,Afternoon,Serious
Normal,Daylight,Dry,60,Bus/Coach,Afternoon,Serious
Normal,Daylight,Dry,50,Car,Afternoon,Slight
Normal,Daylight,Dry,20,Bus/Coach,Morning,Slight
Raining,Daylight,Wet or damp,30,Car,Evening,Slight
Normal,Darkness - lights lit,Dry,30,Car,Evening,Slight
Raining,Darkness - lights lit,Flood over road,20,Car,Evening,Serious
,Darkness - lights lit,Dry,40,Car,Afternoon,Serious
,Darkness - lights lit,Dry,30,Car,Morning,Slight
Other,Darkness - lights lit,Dry,20,Pedal cycle,Morning,Slight
Normal,Darkness - no lighting,Dry,20,Pedal cycle,Morning,Slight
Normal,Darkness - lights lit,Dry,70,Motorcycle,Morning,Slight
Raining,Darkness - lights lit,Snow,50,Car,Morning,Fatal
,Daylight,Flood over road,20,Car,Morning,Slight
Normal,Darkness - lights lit,Snow,70,Car,Evening,Slight
Normal,Darkness - lights lit,Dry,20,Car,Morning,Slight
Normal,Darkness - lighting unknown,Dry,30,Car,Afternoon,Slight
Raining,Darkness - lights lit,Snow,50,Goods vehicle,Afternoon,Slight
Normal,Darkness - lights lit,Wet or damp,40,Car,Night,Serious
Normal,Daylight,Dry,20,Car,Afternoon,Slight
Raining,Darkness - lights lit,Dry,30,Car,Afternoon,Slight
Normal,Darkness - lights lit,Dry,20,Car,Night,Slight
Snowing,Darkness - lights lit,Wet or damp,70,Other,Afternoon,Serious
Normal,Daylight,Wet or damp,40,Other,Morning,Serious
Fog or mist,Darkness - no lighting,Dry,30,Motorcycle,Morning,Slight
Other,Darkness - lights lit,Wet or damp,30,Pedal cycle,Afternoon,Fatal
Normal,Daylight,Dry,20,Pedal cycle,Night,Slight
Normal,Daylight,Dry,20,Pedal cycle,Afternoon,Slight
Fog or mist,Darkness - lighting unknown,,30,Car,Morning,Slight
Normal,Darkness - lighting unknown,Dry,20,Motorcycle,Morning,Slight
Raining,Daylight,Dry,50,Car,Evening,Serious
Normal,Daylight,Snow,60,Car,Morning,Slight
Normal,Daylight,Snow,60,Car,Afternoon,Slight
Fog or mist,Daylight,,40,Car,Morning,Serious
Normal,Daylight,Dry,20,Goods vehicle,Evening,Slight
Normal,Darkness - lighting unknown,Dry,20,Car,Morning,Slight
Fog or mist,Daylight,Dry,60,Car,Morning,Slight
Normal,Daylight,Dry,30,Motorcycle,Afternoon,Slight
Normal,Daylight,Dry,60,Car,Morning,Slight
Normal,Daylight,Wet or damp,50,Motorcycle,Morning,Slight
Raining,Daylight,Dry,50,Car,Afternoon,Slight
Normal,Daylight,Wet or damp,30,Car,Afternoon,Slight
Other,Daylight,Dry,70,Motorcycle,Morning,Slight
Raining,Daylight,Dry,30,Car,Afternoon,Slight
Normal,Daylight,Dry,40,Goods vehicle,Afternoon,Slight
Normal,Daylight,,50,Goods vehicle,Morning,Slight
Normal,Daylight,,60,Car,Morning,Slight
Fog or mist,Daylight,Dry,60,Car,Afternoon,Slight
Normal,Darkness - lights lit,Wet or damp,30,Car,Afternoon,Slight
Normal,Daylight,Dry,50,Car,Morning,Slight
Snowing,Daylight,Dry,30,Bus/Coach,Afternoon,Slight
Unknown,Darkness - no lighting,Wet or damp,40,Car,Night,Serious
Normal,Daylight,Dry,30,Car,Afternoon,Slight
Normal,Darkness - lights lit,Wet or damp,50,Goods vehicle,Afternoon,Serious
Normal,Darkness - no lighting,Dry,40,Car,Morning,Slight
Snowing,Daylight,Snow,30,Car,Morning,Slight
Normal,Darkness - no lighting,,70,Motorcycle,Evening,Serious
Normal,Daylight,Dry,30,Car,Morning,Slight
Normal,Daylight,Dry,30,Car,Afternoon,Slight
Normal,Darkness - lights lit,Dry,40,Car,Afternoon,Slight
Normal,Daylight,Dry,30,Car,Morning,Slight
Raining,Daylight,Wet or damp,40,Pedal cycle,Morning,Serious
Snowing,Daylight,Dry,70,Motorcycle,Morning,Slight
Normal,Daylight,Wet or damp,30,Bus/Coach,Night,Slight
Normal,Daylight,Snow,50,Car,Afternoon,Slight
Fog or mist,Daylight,Dry,50,Car,Afternoon,Slight
Normal,Daylight,Snow,20,Car,Afternoon,Slight
Normal,Darkness - lights lit,Wet or damp,30,Motorcycle,Morning,Slight
Normal,Darkness - no lighting,Dry,70,Goods vehicle,Evening,Serious
Normal,Daylight,Wet or damp,20,Other,Evening,Slight
Raining,Daylight,Dry,30,Car,Afternoon,Slight
,Daylight,Wet or damp,20,Goods vehicle,Afternoon,Slight
Normal,Daylight,Wet or damp,30,Bus/Coach,Morning,Slight
,Darkness - lights lit,Dry,30,Car,Afternoon,Slight
Raining,Daylight,Snow,30,Car,Afternoon,Slight
Normal,Daylight,Dry,20,Goods vehicle,Afternoon,Slight
Raining,Darkness - no lighting,Snow,30,Car,Afternoon,Slight
Fog or mist,Daylight,Dry,30,Car,Afternoon,Slight
Normal,Daylight,Dry,20,Motorcycle,Afternoon,Slight
Fog or mist,Darkness - no lighting,Snow,20,Car,Morning,Slight
Unknown,Darkness - no lighting,Dry,70,Motorcycle,Morning,Serious
Normal,Daylight,Dry,30,Motorcycle,Evening,Slight
Normal,Darkness - lights lit,Snow,20,Car,Morning,Slight
Normal,Darkness - lights lit,Dry,50,Goods vehicle,Night,Slight
Fog or mist,Daylight,Dry,20,Car,Afternoon,Slight
Normal,Daylight,Dry,20,Goods vehicle,Morning,Slight
Normal,Daylight,Dry,30,Other,Afternoon,Slight
,Darkness - lights lit,Dry,20,Bus/Coach,Afternoon,Slight
Normal,Daylight,Dry,20,Car,Afternoon,Slight
,Darkness - lights lit,Wet or damp,20,Car,Afternoon,Slight
,Daylight,Dry,30,Motorcycle,Morning,Slight
Normal,Darkness - lights lit,Dry,60,Goods vehicle,Morning,Slight
Normal,Darkness - lighting unknown,Dry,30,Car,Morning,Slight
Normal,Darkness - no lighting,Snow,70,Car,Night,Fatal
Raining,Daylight,Dry,20,Bus/Coach,Morning,Slight
Normal,Darkness - lights lit,Snow,30,Car,Morning,Slight
Normal,Daylight,Dry,60,Car,Afternoon,Slight
Normal,Daylight,Dry,30,Bus/Coach,Night,Slight
Normal,Daylight,Dry,20,Bus/Coach,Night,Slight
Normal,Darkness - no lighting,Snow,40,Motorcycle,Night,Serious
Normal,Daylight,Dry,20,Pedal cycle,Afternoon,Slight
Normal,Daylight,Dry,20,Car,Afternoon,Slight
Normal,Daylight,Dry,70,Car,Afternoon,Slight
Normal,Darkness - lighting unknown,Dry,30,Motorcycle,Morning,Slight
Raining,Daylight,Dry,30,Pedal cycle,Evening,Serious
Normal,Daylight,,30,Car,Morning,Slight
Other,Daylight,Dry,30,Car,Morning,Slight
Raining,Darkness - lights lit,Wet or damp,30,Car,Evening,Serious
Normal,Daylight,Dry,30,Car,Morning,Slight
Normal,Daylight,Dry,30,Car,Morning,Slight
Snowing,Daylight,Dry,20,Car,Afternoon,Slight
Normal,Daylight,,40,Car,Morning,Slight
Normal,Daylight,Dry,20,Motorcycle,Evening,Slight
Snowing,Darkness - no lighting,Wet or damp,50,Motorcycle,Evening,Fatal
Normal,Darkness - lights lit,Wet or damp,60,Bus/Coach,Evening,Serious
Raining,Daylight,Wet or damp,30,Car,Afternoon,Slight
Normal,Darkness - lights lit,Dry,30,Car,Afternoon,Slight
Normal,Daylight,Dry,70,Car,Evening,Slight
Normal,Daylight,Dry,50,Car,Morning,Slight
Normal,Darkness - lights lit,Wet or damp,60,Car,Morning,Serious
Fog or mist,Daylight,Dry,30,Pedal cycle,Evening,Slight
Normal,Darkness - lights lit,Snow,70,Car,Evening,Fatal
Normal,Daylight,Dry,30,Bus/Coach,Morning,Slight
Normal,Daylight,Dry,20,Car,Morning,Slight
Normal,Darkness - lights lit,Wet or damp,40,Car,Afternoon,Slight
Normal,Daylight,Dry,70,Car,Morning,Slight
,Darkness - lights lit,Wet or damp,60,Car,Afternoon,Slight
Normal,Daylight,Dry,30,Car,Evening,Slight
,Daylight,Wet or damp,30,Goods vehicle,Night,Slight
Raining,Daylight,Dry,30,Car,Afternoon,Slight
,Daylight,Wet or damp,60,Bus/Coach,Afternoon,Slight
Normal,Daylight,Dry,30,Car,Afternoon,Slight
Normal,Daylight,Wet or damp,40,Goods vehicle,Morning,Slight
Raining,Daylight,Flood over road,50,Bus/Coach,Afternoon,Fatal
Fog or mist,Daylight,Dry,20,Motorcycle,Morning,Slight
Normal,Daylight,Snow,30,Car,Afternoon,Slight
Raining,Darkness - lighting unknown,Dry,50,Car,Morning,Slight
Normal,Daylight,Wet or damp,30,Pedal cycle,Afternoon,Slight
Normal,Daylight,,30,Car,Morning,Slight
Normal,Daylight,Dry,30,Car,Morning,Slight
Normal,Daylight,Dry,30,Car,Morning,Slight
Normal,Darkness - lights lit,Wet or damp,40,Bus/Coach,Afternoon,Slight
Normal,Daylight,Dry,40,Car,Morning,Slight
Normal,Daylight,Wet or damp,30,Bus/Coach,Afternoon,Slight
Raining,Darkness - lights lit,Wet or damp,50,Other,Morning,Serious
Fog or mist,Daylight,Dry,30,Car,Afternoon,Slight
Normal,Daylight,Wet or damp,20,Goods vehicle,Morning,Slight
Fog or mist,Daylight,Dry,30,Car,Morning,Slight
Fog or mist,Darkness - no lighting,Wet or damp,20,Car,Night,Fatal
Normal,Darkness - lights lit,Dry,30,Car,Afternoon,Slight
Other,Daylight,Snow,30,Other,Afternoon,Slight
Normal,Darkness - no lighting,Flood over road,30,Car,Afternoon,Serious
Raining,Darkness - lights lit,Dry,20,Pedal cycle,Morning,Serious
Fog or mist,Daylight,Dry,20,Motorcycle,Morning,Slight
Normal,Daylight,Dry,20,Bus/Coach,Morning,Slight
Normal,Daylight,Dry,30,Car,Afternoon,Slight
Snowing,Darkness - lights lit,Dry,30,Car,Morning,Slight
Normal,Daylight,Dry,30,Car,Afternoon,Slight
Raining,Daylight,Dry,30,Car,Morning,Slight
Fog or mist,Darkness - lights lit,Wet or damp,20,Pedal cycle,Morning,Serious
Raining,Darkness - lights lit,Flood over road,20,Motorcycle,Evening,Serious
,Daylight,Wet or damp,20,Pedal cycle,Morning,Slight
Normal,Daylight,Dry,70,Car,Morning,Slight
Raining,Darkness - lights lit,Dry,20,Car,Morning,Slight
,Daylight,Dry,20,Pedal cycle,Night,Slight
Normal,Daylight,Dry,40,Car,Evening,Slight
,Darkness - lights lit,Dry,30,Motorcycle,Afternoon,Serious
Normal,Darkness - lights lit,,50,Car,Night,Serious
Normal,Daylight,Dry,50,Motorcycle,Evening,Slight
Normal,Daylight,Dry,30,Bus/Coach,Morning,Slight
Normal,Daylight,Dry,20,Car,Morning,Slight
Normal,Daylight,Dry,70,Car,Morning,Slight
Normal,Darkness - lights lit,Dry,60,Goods vehicle,Afternoon,Slight
Normal,Daylight,Dry,20,Car,Afternoon,Slight
Snowing,Daylight,,20,Car,Morning,Slight
Normal,Daylight,Wet or damp,30,Car,Evening,Slight
Normal,Daylight,Wet or damp,30,Car,Morning,Slight
Normal,Darkness - lighting unknown,Dry,50,Car,Afternoon,Serious
,Darkness - lights lit,Dry,20,Car,Evening,Serious
Normal,Daylight,Dry,40,Car,Morning,Slight
Normal,Darkness - no lighting,Ice,50,Car,Night,Serious
Normal,Daylight,Dry,20,Car,Afternoon,Slight
Normal,Daylight,,60,Car,Morning,Slight
Normal,Darkness - lights lit,,20,Other,Morning,Slight
Normal,Darkness - lights lit,Dry,30,Goods vehicle,Morning,Slight
Snowing,Daylight,Dry,30,Car,Morning,Slight
,Daylight,Wet or damp,70,Motorcycle,Morning,Slight
Raining,Daylight,,50,Goods vehicle,Evening,Serious
Normal,Daylight,Dry,30,Bus/Coach,Afternoon,Slight
Raining,Darkness - lights lit,,20,Car,Morning,Slight
Normal,Daylight,Dry,60,Car,Afternoon,Slight
Normal,Darkness - no lighting,Dry,30,Bus/Coach,Morning,Slight
Normal,Darkness - lights lit,Dry,30,Car,Afternoon,Slight
Normal,Daylight,Dry,50,Car,Evening,Slight
Raining,Daylight,Wet or damp,60,Car,Evening,Serious
Normal,Darkness - lights lit,Dry,30,Goods vehicle,Morning,Serious
Snowing,Daylight,Ice,70,Car,Morning,Slight
Normal,Daylight,Wet or damp,20,Goods vehicle,Morning,Slight
Normal,Darkness - lighting unknown,Dry,50,Car,Morning,Slight
Normal,Daylight,Dry,20,Pedal cycle,Morning,Slight
Normal,Darkness - no lighting,Wet or damp,60,Motorcycle,Evening,Fatal
Raining,Daylight,Wet or damp,20,Motorcycle,Afternoon,Slight
Normal,Daylight,Dry,20,Car,Afternoon,Slight
Other,Darkness - lights lit,Dry,50,Goods vehicle,Afternoon,Slight
Unknown,Daylight,Snow,20,Car,Afternoon,Slight
Raining,Darkness - lighting unknown,Dry,20,Goods vehicle,Afternoon,Slight
Normal,Darkness - lights lit,Wet or damp,30,Car,Night,Slight
Normal,Daylight,Wet or damp,20,Car,Afternoon,Slight
Normal,Daylight,Dry,20,Car,Morning,Slight
Fog or mist,Daylight,Snow,50,Other,Afternoon,Serious
Normal,Daylight,Ice,30,Car,Morning,Slight
Normal,Daylight,Ice,20,Car,Night,Slight
Normal,Daylight,Wet or damp,20,Pedal cycle,Afternoon,Slight
Raining,Daylight,Dry,40,Other,Morning,Slight
Normal,Daylight,Dry,20,Motorcycle,Afternoon,Slight
Raining,Darkness - lights lit,Dry,20,Motorcycle,Morning,Slight
Raining,Daylight,Dry,20,Car,Morning,Slight
Raining,Darkness - lights lit,Wet or damp,70,Motorcycle,Evening,Fatal
Normal,Darkness - lights lit,Dry,40,Car,Evening,Serious
Normal,Daylight,Dry,30,Pedal cycle,Morning,Slight
Normal,Daylight,Dry,30,Car,Morning,Slight
Normal,Daylight,Dry,30,Car,Morning,Slight
Raining,Darkness - lights lit,Dry,20,Goods vehicle,Morning,Slight
Normal,Daylight,,30,Car,Afternoon,Slight
Normal,Daylight,,40,Bus/Coach,Afternoon,Slight
Raining,Daylight,Dry,30,Car,Afternoon,Slight
Normal,Darkness - no lighting,Wet or damp,60,Other,Morning,Slight
Normal,Darkness - lights lit,Dry,70,Motorcycle,Afternoon,Slight
Normal,Darkness - lights lit,Dry,50,Car,Afternoon,Slight
Normal,Daylight,Dry,20,Car,Afternoon,Slight
Raining,Daylight,Dry,30,Car,Morning,Slight
Fog or mist,Darkness - no lighting,Snow,70,Motorcycle,Morning,Fatal
Normal,Darkness - lighting unknown,Dry,20,Car,Afternoon,Slight
Raining,Darkness - lights lit,Dry,60,Goods vehicle,Afternoon,Serious
Normal,Daylight,Dry,20,Car,Afternoon,Slight
Normal,Daylight,,30,Car,Morning,Slight
Snowing,Darkness - no lighting,Wet or damp,30,Bus/Coach,Afternoon,Serious
Normal,Darkness - lights lit,Dry,60,Goods vehicle,Afternoon,Slight
Normal,Darkness - lights lit,Dry,40,Car,Night,Slight
Normal,Darkness - lights lit,Wet or damp,30,Car,Afternoon,Slight
,Darkness - no lighting,Dry,60,Bus/Coach,Night,Fatal
Snowing,Daylight,Dry,30,Car,Afternoon,Slight
Normal,Darkness - lights lit,Dry,20,Car,Afternoon,Slight
Normal,Darkness - lights lit,Dry,20,Car,Afternoon,Slight
Raining,Daylight,,20,Car,Afternoon,Slight
Normal,Daylight,Dry,50,Car,Afternoon,Slight
Raining,Darkness - no lighting,Dry,60,Car,Night,Fatal
Raining,Darkness - lights lit,,30,Goods vehicle,Night,Slight
Fog or mist,Daylight,Dry,30,Car,Morning,Slight
Normal,Daylight,Dry,70,Car,Afternoon,Slight
Normal,Darkness - lights lit,Dry,40,Car,Afternoon,Slight
,Daylight,Dry,30,Car,Night,Slight
Normal,Daylight,Dry,20,Goods vehicle,Night,Slight
Normal,Daylight,Dry,30,Car,Morning,Slight
Normal,Daylight,Dry,30,Goods vehicle,Morning,Slight
Normal,Daylight,Dry,30,Pedal cycle,Morning,Slight
Normal,Darkness - lighting unknown,Dry,70,Pedal cycle,Morning,Slight
Unknown,Daylight,Wet or damp,40,Car,Morning,Serious
Normal,Daylight,Dry,50,Bus/Coach,Morning,Slight
Normal,Darkness - lighting unknown,Dry,20,Pedal cycle,Night,Slight
Raining,Daylight,Dry,20,Car,Evening,Slight
Normal,Darkness - no lighting,Dry,70,Other,Afternoon,Slight
Normal,Daylight,Dry,20,Other,Morning,Slight
Normal,Daylight,Snow,20,Car,Afternoon,Slight
Normal,Daylight,Dry,70,Pedal cycle,Afternoon,Slight
Raining,Darkness - lights lit,Dry,40,Motorcycle,Morning,Serious
Raining,Daylight,Dry,60,Car,Afternoon,Slight
,Daylight,Dry,50,Car,Evening,Slight
Normal,Darkness - lights lit,Dry,30,Car,Evening,Slight
Normal,Daylight,Snow,20,Motorcycle,Afternoon,Slight
Normal,Daylight,Dry,40,Goods vehicle,Morning,Slight
Raining,Darkness - no lighting,,40,Other,Night,Serious
Normal,Daylight,Dry,20,Car,Evening,Slight
Normal,Daylight,Dry,20,Car,Afternoon,Slight
Normal,Darkness - lights lit,Wet or damp,60,Goods vehicle,Evening,Serious
Raining,Daylight,Dry,60,Bus/Coach,Afternoon,Slight
Normal,Daylight,Dry,30,Bus/Coach,Evening,Slight
Normal,Daylight,Dry,20,Motorcycle,Evening,Slight
Fog or mist,Darkness - lighting unknown,Dry,20,Other,Night,Slight
Normal,Daylight,Flood over road,20,Car,Evening,Slight
Normal,Daylight,Wet or damp,20,Motorcycle,Afternoon,Slight
Normal,Daylight,Dry,50,Goods vehicle,Afternoon,Slight
Normal,Darkness - lights lit,,20,Car,Afternoon,Slight
Normal,Daylight,Wet or damp,20,Car,Afternoon,Slight
Normal,Daylight,Dry,30,Car,Morning,Slight
Raining,Darkness - lights lit,Dry,40,Motorcycle,Evening,Serious
Normal,Daylight,Wet or damp,60,Car,Afternoon,Slight
Normal,Daylight,Dry,40,Car,Morning,Slight
Raining,Daylight,Dry,30,Car,Morning,Slight
Normal,Daylight,Dry,30,Car,Morning,Slight
Normal,Darkness - lighting unknown,Dry,30,Car,Night,Slight
Normal,Daylight,Dry,40,Goods vehicle,Evening,Serious
Raining,Darkness - lights lit,Dry,30,Car,Evening,Slight
Raining,Darkness - lights lit,Ice,40,Car,Evening,Serious
Normal,Darkness - lights lit,Wet or damp,30,Car,Morning,Slight
Normal,Darkness - lights lit,Dry,30,Car,Night,Slight
Normal,Daylight,Dry,30,Car,Afternoon,Slight
Normal,Daylight,Dry,20,Car,Morning,Slight
Normal,Daylight,Dry,70,Goods vehicle,Morning,Slight
Normal,Daylight,Dry,30,Car,Evening,Slight
Raining,Darkness - lights lit,Dry,30,Car,Morning,Slight
,Daylight,Snow,20,Other,Morning,Slight
Normal,Daylight,Wet or damp,30,Motorcycle,Afternoon,Slight
Normal,Darkness - lights lit,Dry,30,Goods vehicle,Morning,Slight
Raining,Daylight,Dry,20,Car,Morning,Slight
Raining,Daylight,Dry,70,Motorcycle,Evening,Slight
Raining,Daylight,Dry,20,Car,Evening,Slight
Normal,Darkness - lights lit,Dry,30,Car,Morning,Slight
Unknown,Daylight,Dry,50,Car,Afternoon,Slight
,Daylight,Dry,30,Bus/Coach,Afternoon,Slight
Normal,Darkness - lights lit,Wet or damp,70,Car,Evening,Serious
Normal,Darkness - no lighting,Dry,50,Other,Evening,Serious
Normal,Darkness - no lighting,Dry,20,Motorcycle,Afternoon,Slight
Normal,Daylight,Dry,30,Car,Evening,Slight
Raining,Daylight,Wet or damp,40,Motorcycle,Evening,Serious
Fog or mist,Daylight,Dry,20,Pedal cycle,Morning,Slight
Normal,Daylight,,30,Car,Morning,Slight
Raining,Daylight,Wet or damp,30,Car,Morning,Slight
Raining,Darkness - lighting unknown,Dry,20,Car,Morning,Slight
Normal,Darkness - no lighting,Dry,60,Bus/Coach,Afternoon,Slight
Normal,Daylight,Dry,30,Other,Afternoon,Slight
Snowing,Daylight,Dry,30,Car,Evening,Slight
Normal,Daylight,Dry,30,Goods vehicle,Morning,Slight
Normal,Daylight,Dry,70,Car,Morning,Slight
Normal,Daylight,Dry,20,Goods vehicle,Morning,Slight
Normal,Daylight,Wet or damp,60,Car,Evening,Slight
Fog or mist,Daylight,Dry,20,Goods vehicle,Morning,Slight
Normal,Daylight,Dry,50,Motorcycle,Evening,Slight
Normal,Daylight,Dry,30,Motorcycle,Afternoon,Slight
Normal,Daylight,Dry,30,Car,Morning,Slight
Normal,Daylight,Wet or damp,30,Car,Afternoon,Slight
Normal,Daylight,Dry,30,Car,Night,Slight
,Daylight,Dry,40,Motorcycle,Afternoon,Serious
Normal,Darkness - lighting unknown,Dry,60,Pedal cycle,Afternoon,Slight
Normal,Daylight,Dry,30,Car,Afternoon,Slight
Normal,Daylight,Dry,20,Car,Morning,Slight
Raining,Daylight,Dry,20,Goods vehicle,Afternoon,Slight
Normal,Daylight,Dry,20,Other,Afternoon,Slight
Raining,Daylight,Wet or damp,30,Bus/Coach,Morning,Slight
Snowing,Daylight,Dry,40,Other,Afternoon,Serious
Normal,Daylight,,70,Car,Evening,Slight
Normal,Daylight,Dry,70,Goods vehicle,Morning,Slight
Normal,Darkness - no lighting,Wet or damp,40,Car,Afternoon,Slight
Normal,Daylight,Dry,20,Goods vehicle,Afternoon,Slight
Normal,Daylight,Wet or damp,40,Bus/Coach,Afternoon,Slight
Normal,Daylight,Dry,40,Car,Morning,Slight
Unknown,Daylight,Dry,30,Car,Afternoon,Slight
Normal,Darkness - lights lit,Dry,20,Pedal cycle,Morning,Slight
Raining,Daylight,Wet or damp,20,Car,Morning,Slight
Normal,Darkness - no lighting,Flood over road,40,Motorcycle,Afternoon,Serious
Normal,Daylight,Flood over road,60,Goods vehicle,Evening,Slight
Normal,Darkness - lights lit,,70,Car,Afternoon,Slight
Other,Daylight,Wet or damp,30,Car,Afternoon,Slight
Normal,Daylight,Dry,30,Car,Morning,Slight
Snowing,Darkness - no lighting,,50,Motorcycle,Evening,Fatal
Normal,Daylight,Dry,30,Car,Morning,Slight
Raining,Darkness - lights lit,Wet or damp,70,Bus/Coach,Evening,Serious
Other,Darkness - lights lit,Wet or damp,20,Car,Morning,Slight
Snowing,Daylight,Dry,20,Car,Morning,Slight
Normal,Daylight,Dry,30,Car,Afternoon,Slight
Raining,Darkness - lights lit,Dry,70,Goods vehicle,Night,Slight
Fog or mist,Darkness - lights lit,Wet or damp,20,Bus/Coach,Night,Slight
Normal,Darkness - no lighting,Dry,30,Car,Night,Slight
Normal,Daylight,Wet or damp,30,Pedal cycle,Night,Slight
Normal,Daylight,Dry,30,Pedal cycle,Evening,Slight
Normal,Daylight,Dry,20,Goods vehicle,Night,Slight
Snowing,Daylight,Wet or damp,30,Car,Night,Slight
Raining,Daylight,Dry,20,Car,Afternoon,Slight
Normal,Daylight,,30,Pedal cycle,Afternoon,Slight
Normal,Daylight,Dry,30,Car,Morning,Slight
Normal,Daylight,Dry,40,Car,Afternoon,Slight
Normal,Daylight,Wet or damp,20,Car,Morning,Slight
Normal,Daylight,Dry,30,Car,Afternoon,Slight
Normal,Daylight,Dry,20,Car,Night,Slight
Normal,Darkness - lights lit,Wet or damp,30,Goods vehicle,Afternoon,Slight
Normal,Daylight,Dry,30,Pedal cycle,Night,Slight
Fog or mist,Darkness - lighting unknown,Dry,30,Motorcycle,Night,Serious
Raining,Daylight,Dry,40,Car,Morning,Slight
Normal,Darkness - lights lit,Dry,30,Car,Evening,Slight
Normal,Darkness - lights lit,,50,Motorcycle,Afternoon,Slight
Fog or mist,Darkness - lights lit,Dry,30,Goods vehicle,Afternoon,Slight
Normal,Darkness - lights lit,Dry,20,Motorcycle,Night,Slight
Normal,Daylight,,50,Bus/Coach,Morning,Slight
Fog or mist,Darkness - no lighting,Snow,70,Car,Evening,Fatal
Normal,Daylight,Snow,60,Car,Night,Serious
Normal,Darkness - lights lit,,20,Car,Afternoon,Slight
Raining,Darkness - lights lit,Dry,40,Car,Morning,Slight
Normal,Daylight,Wet or damp,40,Pedal cycle,Afternoon,Serious
Normal,Daylight,Dry,30,Goods vehicle,Night,Slight
Normal,Daylight,Snow,70,Car,Afternoon,Slight
Normal,Daylight,Dry,30,Car,Afternoon,Slight
Normal,Daylight,Dry,30,Car,Afternoon,Slight
Normal,Daylight,Dry,40,Car,Afternoon,Slight
Normal,Daylight,Dry,30,Pedal cycle,Afternoon,Slight
Normal,Darkness - no lighting,Wet or damp,20,Goods vehicle,Afternoon,Slight
Fog or mist,Daylight,Snow,30,Car,Afternoon,Serious
Normal,Daylight,Wet or damp,20,Car,Morning,Slight
Normal,Daylight,Ice,40,Car,Morning,Slight
Normal,Daylight,Dry,50,Car,Morning,Slight
Raining,Darkness - lights lit,Wet or damp,20,Goods vehicle,Afternoon,Serious
Unknown,Darkness - lighting unknown,Flood over road,40,Car,Afternoon,Serious
,Daylight,Snow,50,Other,Evening,Slight
Normal,Daylight,Dry,30,Goods vehicle,Evening,Slight
Normal,Daylight,Dry,30,Car,Morning,Slight
Normal,Daylight,Dry,30,Car,Night,Slight
Normal,Darkness - lights lit,Dry,60,Car,Afternoon,Slight
Normal,Daylight,Dry,30,Car,Morning,Slight
Normal,Daylight,Dry,40,Car,Morning,Slight
,Darkness - no lighting,Dry,20,Car,Evening,Slight
,Darkness - no lighting,Dry,60,Car,Evening,Slight
Normal,Daylight,Wet or damp,20,Car,Morning,Slight
Normal,Daylight,Dry,20,Car,Morning,Slight
Other,Daylight,Snow,40,Motorcycle,Afternoon,Slight
Normal,Darkness - lights lit,Wet or damp,40,Pedal cycle,Morning,Serious
,Daylight,Dry,30,Goods vehicle,Afternoon,Slight
Raining,Daylight,Dry,20,Car,Afternoon,Serious
Raining,Daylight,Dry,20,Car,Morning,Slight
Fog or mist,Darkness - lights lit,Dry,30,Car,Afternoon,Slight
Normal,Darkness - lights lit,Dry,20,Car,Afternoon,Slight
Normal,Daylight,Dry,40,Car,Morning,Slight
Raining,Darkness - lights lit,,20,Bus/Coach,Afternoon,Slight
Fog or mist,Daylight,Flood over road,50,Motorcycle,Night,Slight
Normal,Daylight,Dry,30,Bus/Coach,Morning,Slight
Normal,Darkness - lights lit,Dry,30,Car,Afternoon,Slight
Normal,Daylight,Dry,60,Car,Afternoon,Slight
Normal,Daylight,Dry,20,Car,Afternoon,Slight
Normal,Daylight,Dry,20,Car,Morning,Slight
Normal,Daylight,Snow,20,Motorcycle,Evening,Slight
Normal,Daylight,Dry,30,Bus/Coach,Morning,Slight
Raining,Darkness - lights lit,Dry,30,Car,Morning,Slight
Normal,Darkness - no lighting,Dry,30,Car,Afternoon,Slight
Normal,Darkness - lights lit,Dry,30,Car,Morning,Slight
Raining,Darkness - lighting unknown,Dry,30,Goods vehicle,Afternoon,Slight
,Darkness - lights lit,Dry,50,Bus/Coach,Morning,Slight
Raining,Daylight,Dry,20,Car,Morning,Slight
Normal,Darkness - lights lit,Dry,20,Car,Afternoon,Slight
Normal,Daylight,Wet or damp,40,Car,Afternoon,Slight
Normal,Darkness - lighting unknown,Wet or damp,20,Car,Morning,Slight
Raining,Daylight,Wet or damp,40,Motorcycle,Afternoon,Slight
Normal,Daylight,Dry,20,Goods vehicle,Afternoon,Slight
Normal,Darkness - lights lit,Dry,20,Pedal cycle,Morning,Slight
Normal,Darkness - lights lit,Dry,20,Car,Night,Slight
Normal,Darkness - no lighting,Dry,70,Pedal cycle,Evening,Slight
Normal,Darkness - lights lit,Flood over road,20,Bus/Coach,Morning,Slight
Normal,Darkness - lights lit,Dry,30,Other,Morning,Slight
Normal,Daylight,,60,Car,Afternoon,Slight
Normal,Daylight,Dry,20,Car,Morning,Slight
Normal,Daylight,Snow,30,Car,Night,Slight
Normal,Daylight,Dry,30,Bus/Coach,Afternoon,Slight
Unknown,Daylight,Dry,50,Car,Afternoon,Slight
Snowing,Darkness - no lighting,Snow,50,Motorcycle,Night,Fatal
Normal,Daylight,Dry,40,Car,Afternoon,Slight
Normal,Daylight,Wet or damp,20,Other,Morning,Slight
Snowing,Daylight,Wet or damp,50,Goods vehicle,Night,Slight
Raining,Daylight,Dry,50,Car,Afternoon,Slight
Normal,Darkness - lighting unknown,Dry,30,Goods vehicle,Afternoon,Slight
Normal,Daylight,Dry,50,Car,Night,Slight
,Daylight,Wet or damp,30,Other,Morning,Serious
Normal,Daylight,Dry,30,Car,Morning,Slight
Raining,Daylight,Dry,30,Car,Night,Slight
Normal,Darkness - lights lit,Wet or damp,20,Car,Afternoon,Slight
Raining,Darkness - lights lit,Wet or damp,20,Bus/Coach,Afternoon,Slight
Normal,Daylight,Wet or damp,30,Motorcycle,Night,Serious
Raining,Daylight,,20,Car,Night,Slight
Normal,Daylight,Snow,20,Car,Morning,Slight
Normal,Darkness - lights lit,Dry,30,Car,Morning,Slight
Unknown,Darkness - lights lit,Wet or damp,50,Car,Morning,Slight
Normal,Daylight,Dry,30,Goods vehicle,Afternoon,Slight
Normal,Daylight,Wet or damp,30,Car,Afternoon,Serious
Normal,Daylight,Dry,30,Car,Morning,Slight
Normal,Darkness - lights lit,Wet or damp,30,Car,Afternoon,Slight
,Daylight,Dry,30,Bus/Coach,Morning,Slight
Normal,Daylight,,70,Car,Afternoon,Slight
Normal,Darkness - lights lit,Ice,30,Car,Afternoon,Slight
Fog or mist,Darkness - lights lit,Dry,30,Car,Morning,Slight
Raining,Darkness - lights lit,Wet or damp,60,Car,Night,Serious
Other,Darkness - lights lit,Dry,40,Car,Morning,Serious
Normal,Darkness - lights lit,Dry,30,Bus/Coach,Afternoon,Slight
Snowing,Darkness - lighting unknown,Wet or damp,40,Car,Morning,Serious
Normal,Daylight,Dry,20,Pedal cycle,Morning,Slight
Normal,Darkness - no lighting,Wet or damp,30,Motorcycle,Morning,Slight
Fog or mist,Darkness - no lighting,Snow,50,Goods vehicle,Evening,Fatal
Normal,Darkness - no lighting,Dry,20,Car,Afternoon,Slight
Normal,Daylight,Wet or damp,70,Goods vehicle,Afternoon,Slight
Raining,Darkness - lights lit,Wet or damp,40,Goods vehicle,Evening,Serious
Normal,Daylight,,20,Car,Afternoon,Slight
Raining,Daylight,Wet or damp,60,Goods vehicle,Afternoon,Slight
Unknown,Daylight,Dry,30,Car,Night,Slight
Normal,Daylight,Dry,20,Motorcycle,Afternoon,Slight
Raining,Daylight,Dry,20,Car,Evening,Slight
Normal,Darkness - lights lit,Snow,30,Car,Night,Serious
Unknown,Daylight,Wet or damp,20,Car,Afternoon,Slight
Normal,Daylight,Dry,40,Car,Morning,Slight
Normal,Daylight,Dry,40,Car,Morning,Slight
Snowing,Daylight,Ice,40,Pedal cycle,Evening,Serious
Unknown,Daylight,Dry,30,Car,Morning,Slight
Normal,Daylight,Dry,20,Car,Night,Slight
Normal,Darkness - lights lit,Wet or damp,30,Goods vehicle,Morning,Slight
Normal,Daylight,Dry,50,Motorcycle,Afternoon,Serious
,Darkness - lights lit,Dry,30,Car,Morning,Slight
Normal,Darkness - lights lit,Wet or damp,40,Motorcycle,Evening,Serious
Normal,Daylight,Dry,20,Bus/Coach,Afternoon,Slight
,Daylight,Dry,30,Car,Afternoon,Slight
,Darkness - lights lit,Dry,20,Motorcycle,Morning,Slight
Snowing,Daylight,Snow,40,Bus/Coach,Morning,Slight
Normal,Daylight,Dry,30,Car,Morning,Slight
Normal,Daylight,Dry,70,Car,Morning,Slight
Fog or mist,Darkness - lights lit,Dry,30,Car,Morning,Slight
Raining,Darkness - lighting unknown,Dry,20,Car,Afternoon,Slight
Normal,Daylight,Dry,30,Goods vehicle,Afternoon,Slight
Normal,Darkness - lights lit,Dry,50,Car,Afternoon,Slight
Normal,Daylight,Dry,70,Car,Afternoon,Slight
Normal,Darkness - no lighting,Wet or damp,20,Motorcycle,Night,Fatal
Normal,Daylight,Wet or damp,20,Motorcycle,Afternoon,Slight
Fog or mist,Darkness - lights lit,Dry,30,Car,Morning,Slight
,Daylight,Flood over road,20,Pedal cycle,Afternoon,Slight
Raining,Daylight,Dry,30,Car,Night,Slight
Normal,Daylight,Wet or damp,20,Bus/Coach,Morning,Serious
Normal,Daylight,Dry,30,Other,Evening,Slight
Normal,Darkness - lights lit,Snow,50,Car,Night,Slight
Raining,Darkness - no lighting,Dry,60,Car,Night,Slight
Other,Daylight,Wet or damp,30,Car,Morning,Slight
Normal,Daylight,,70,Car,Morning,Slight
Normal,Daylight,Dry,50,Bus/Coach,Afternoon,Slight
Normal,Daylight,Wet or damp,20,Car,Morning,Slight
Normal,Darkness - lights lit,Dry,50,Other,Afternoon,Serious
,Daylight,Dry,30,Motorcycle,Morning,Slight
Raining,Daylight,,40,Car,Evening,Serious
Fog or mist,Darkness - lighting unknown,Ice,20,Car,Night,Serious
Normal,Daylight,Dry,60,Car,Afternoon,Slight
Raining,Darkness - lights lit,Snow,70,Goods vehicle,Night,Fatal
,Darkness - lights lit,,20,Car,Night,Slight
Fog or mist,Darkness - no lighting,Wet or damp,50,Motorcycle,Morning,Serious
Normal,Daylight,Dry,30,Car,Morning,Slight
Normal,Darkness - lighting unknown,,20,Car,Afternoon,Slight
Raining,Darkness - lights lit,Dry,20,Pedal cycle,Evening,Slight
Normal,Daylight,Dry,20,Car,Afternoon,Slight
Raining,Darkness - lights lit,Dry,50,Car,Evening,Slight
Normal,Daylight,Dry,60,Car,Morning,Slight
Normal,Daylight,Dry,40,Goods vehicle,Night,Slight
Raining,Daylight,Dry,30,Other,Afternoon,Slight
Fog or mist,Darkness - lighting unknown,Ice,60,Car,Evening,Fatal
Normal,Daylight,,70,Pedal cycle,Morning,Slight
Normal,Daylight,,30,Car,Evening,Slight
Normal,Darkness - no lighting,Wet or damp,30,Car,Afternoon,Serious
Normal,Daylight,Wet or damp,20,Car,Evening,Slight
Fog or mist,Daylight,Dry,20,Car,Morning,Slight
Normal,Daylight,Dry,30,Car,Morning,Slight
Normal,Darkness - lights lit,Dry,40,Car,Afternoon,Slight
Raining,Daylight,Dry,30,Car,Afternoon,Slight
Normal,Daylight,Dry,40,Bus/Coach,Afternoon,Slight
Snowing,Daylight,Dry,40,Car,Morning,Slight
Normal,Darkness - no lighting,Snow,70,Car,Evening,Serious
Normal,Daylight,Dry,30,Car,Afternoon,Slight
Raining,Darkness - no lighting,Dry,70,Goods vehicle,Morning,Slight
Normal,Daylight,Dry,30,Bus/Coach,Afternoon,Slight
,Daylight,Ice,20,Other,Morning,Slight
Normal,Darkness - lights lit,Wet or damp,30,Pedal cycle,Afternoon,Slight
Raining,Daylight,Dry,60,Pedal cycle,Night,Slight
Normal,Darkness - no lighting,Wet or damp,70,Motorcycle,Evening,Serious
Normal,Daylight,Wet or damp,50,Car,Afternoon,Slight
Normal,Daylight,Wet or damp,40,Car,Afternoon,Slight
Normal,Daylight,Dry,30,Pedal cycle,Afternoon,Slight
Normal,Darkness - lights lit,Wet or damp,50,Car,Afternoon,Slight
Normal,Daylight,Dry,60,Goods vehicle,Morning,Slight
,Daylight,Dry,60,Other,Afternoon,Slight
Raining,Daylight,Wet or damp,40,Goods vehicle,Afternoon,Serious
Normal,Darkness - lighting unknown,Dry,40,Bus/Coach,Morning,Slight
Snowing,Daylight,Snow,20,Car,Evening,Slight
Unknown,Darkness - lights lit,Flood over road,60,Pedal cycle,Evening,Serious
Fog or mist,Daylight,Dry,30,Car,Afternoon,Slight
Snowing,Daylight,Dry,20,Car,Morning,Slight
Normal,Darkness - no lighting,Dry,20,Car,Morning,Slight
Snowing,Daylight,Dry,20,Car,Night,Slight
Raining,Daylight,Dry,30,Car,Afternoon,Slight
Raining,Daylight,Ice,20,Goods vehicle,Evening,Slight
Raining,Darkness - no lighting,Wet or damp,40,Motorcycle,Afternoon,Fatal
Normal,Darkness - no lighting,Snow,60,Bus/Coach,Afternoon,Fatal
Normal,Darkness - no lighting,Wet or damp,70,Car,Morning,Slight
Normal,Daylight,Dry,20,Car,Evening,Slight
Normal,Daylight,Dry,20,Motorcycle,Morning,Slight
Snowing,Darkness - lights lit,Wet or damp,30,Goods vehicle,Afternoon,Serious
Normal,Daylight,Wet or damp,20,Car,Afternoon,Slight
Snowing,Darkness - lights lit,Dry,20,Car,Afternoon,Slight
Normal,Daylight,Dry,20,Bus/Coach,Morning,Slight
Normal,Daylight,Wet or damp,20,Bus/Coach,Afternoon,Slight
Normal,Daylight,Dry,30,Motorcycle,Afternoon,Slight
Normal,Daylight,Dry,40,Bus/Coach,Morning,Slight
Snowing,Darkness - lighting unknown,Ice,70,Car,Evening,Fatal
Raining,Daylight,Wet or damp,30,Goods vehicle,Morning,Slight
Normal,Daylight,Dry,40,Car,Morning,Slight
Normal,Darkness - lighting unknown,Flood over road,20,Car,Afternoon,Serious
Normal,Daylight,Wet or damp,20,Goods vehicle,Afternoon,Slight
Snowing,Darkness - lights lit,Dry,30,Car,Morning,Slight
,Darkness - no lighting,,20,Pedal cycle,Night,Fatal
Normal,Daylight,Dry,20,Car,Night,Slight
Snowing,Daylight,Dry,50,Car,Evening,Slight
Normal,Darkness - lights lit,Dry,50,Pedal cycle,Morning,Slight
Normal,Daylight,Wet or damp,20,Car,Afternoon,Slight
,Daylight,Snow,30,Car,Afternoon,Slight
Other,Daylight,,30,Car,Morning,Slight
Normal,Daylight,Snow,30,Car,Afternoon,Slight
Fog or mist,Daylight,Dry,30,Motorcycle,Afternoon,Slight
Normal,Daylight,Wet or damp,20,Goods vehicle,Morning,Slight
Normal,Darkness - lights lit,,20,Car,Morning,Serious
Normal,Daylight,Wet or damp,30,Motorcycle,Afternoon,Slight
Normal,Darkness - lights lit,Dry,20,Motorcycle,Morning,Slight
Fog or mist,Daylight,Dry,40,Bus/Coach,Afternoon,Serious
Normal,Daylight,Dry,40,Car,Evening,Slight
Normal,Darkness - lights lit,Wet or damp,30,Car,Afternoon,Slight
Normal,Darkness - no lighting,Dry,20,Car,Afternoon,Slight
Normal,Daylight,Dry,30,Car,Night,Slight
Unknown,Daylight,Wet or damp,20,Car,Evening,Slight
Raining,Darkness - no lighting,Wet or damp,60,Car,Evening,Serious
Normal,Darkness - lights lit,Dry,20,Car,Afternoon,Slight
Normal,Darkness - no lighting,Dry,30,Bus/Coach,Afternoon,Slight
Snowing,Darkness - lights lit,Wet or damp,50,Motorcycle,Night,Serious
,Daylight,Dry,20,Goods vehicle,Afternoon,Slight
Normal,Darkness - lights lit,Dry,50,Car,Night,Slight
Normal,Daylight,Dry,20,Car,Morning,Slight
Fog or mist,Daylight,Wet or damp,30,Car,Afternoon,Slight
Other,Daylight,Wet or damp,60,Motorcycle,Night,Slight
Other,Darkness - lights lit,Dry,60,Car,Afternoon,Slight
Normal,Daylight,Wet or damp,20,Car,Morning,Slight
Raining,Darkness - lights lit,Snow,30,Car,Night,Slight
Normal,Daylight,Snow,40,Car,Afternoon,Slight
Normal,Daylight,,20,Car,Afternoon,Slight
Unknown,Darkness - lights lit,Wet or damp,70,Car,Evening,Serious
Normal,Darkness - lights lit,Wet or damp,20,Car,Morning,Slight
Normal,Daylight,Dry,60,Car,Morning,Slight
Normal,Daylight,Dry,20,Goods vehicle,Night,Slight
Normal,Daylight,Wet or damp,30,Pedal cycle,Afternoon,Slight
Normal,Darkness - lighting unknown,Wet or damp,20,Car,Afternoon,Slight
Raining,Darkness - lights lit,Wet or damp,70,Car,Evening,Slight
Normal,Darkness - lights lit,Dry,40,Car,Morning,Slight
Normal,Daylight,Dry,30,Car,Evening,Slight
Raining,Darkness - no lighting,Wet or damp,50,Car,Afternoon,Serious
Normal,Darkness - lights lit,Wet or damp,30,Car,Evening,Slight
Normal,Daylight,Dry,30,Car,Morning,Slight
Raining,Darkness - lighting unknown,Snow,70,Car,Evening,Serious
Normal,Daylight,Dry,50,Goods vehicle,Morning,Slight
Normal,Daylight,Wet or damp,30,Pedal cycle,Morning,Slight
Normal,Daylight,Dry,50,Bus/Coach,Morning,Slight
Normal,Daylight,Dry,20,Goods vehicle,Afternoon,Slight
Raining,Darkness - lighting unknown,Wet or damp,50,Other,Evening,Serious
Raining,Darkness - no lighting,Wet or damp,30,Motorcycle,Night,Slight
Normal,Daylight,Dry,30,Car,Morning,Slight
,Daylight,Wet or damp,30,Car,Night,Slight
Normal,Daylight,Wet or damp,60,Pedal cycle,Afternoon,Slight
Normal,Daylight,Dry,40,Motorcycle,Morning,Slight
Normal,Darkness - lights lit,Wet or damp,40,Motorcycle,Morning,Serious
Raining,Darkness - no lighting,Dry,30,Bus/Coach,Night,Slight
Normal,Darkness - lights lit,Dry,20,Motorcycle,Morning,Slight
Normal,Darkness - lights lit,Dry,20,Car,Evening,Slight
Normal,Daylight,Wet or damp,30,Car,Morning,Slight
Raining,Darkness - no lighting,Ice,70,Car,Night,Serious
Normal,Darkness - lights lit,Dry,20,Car,Afternoon,Slight
Raining,Darkness - lights lit,Dry,20,Pedal cycle,Morning,Slight
Normal,Daylight,Dry,20,Car,Morning,Slight
,Darkness - lights lit,,20,Other,Morning,Slight
Normal,Darkness - lighting unknown,Wet or damp,40,Goods vehicle,Evening,Serious
Normal,Darkness - lights lit,Dry,20,Car,Morning,Slight
Normal,Daylight,Dry,30,Car,Morning,Slight
,Daylight,Wet or damp,20,Car,Afternoon,Slight
Other,Darkness - no lighting,Wet or damp,30,Car,Morning,Slight
Raining,Darkness - lights lit,Dry,20,Other,Afternoon,Serious
Normal,Darkness - lights lit,Dry,50,Car,Evening,Slight
Normal,Daylight,Dry,20,Goods vehicle,Afternoon,Slight
Normal,Daylight,Wet or damp,30,Other,Night,Slight
Normal,Darkness - lights lit,,20,Car,Afternoon,Slight
Normal,Daylight,Snow,40,Car,Afternoon,Slight
Raining,Daylight,Dry,40,Car,Night,Slight
Fog or mist,Darkness - no lighting,Dry,40,Car,Night,Slight
Raining,Daylight,Dry,20,Car,Afternoon,Slight
Normal,Daylight,Dry,20,Goods vehicle,Night,Slight
Normal,Daylight,Dry,30,Bus/Coach,Morning,Slight
,Daylight,Dry,20,Car,Evening,Slight
Raining,Daylight,Dry,30,Car,Morning,Slight
Normal,Daylight,,30,Car,Night,Slight
Raining,Daylight,Wet or damp,20,Pedal cycle,Afternoon,Slight
Normal,Daylight,Wet or damp,20,Motorcycle,Morning,Serious
Unknown,Daylight,Wet or damp,30,Car,Night,Slight
Snowing,Daylight,Wet or damp,30,Motorcycle,Afternoon,Serious
Fog or mist,Darkness - lights lit,Dry,60,Car,Evening,Serious
Normal,Darkness - lighting unknown,Dry,30,Car,Night,Slight
Normal,Daylight,Wet or damp,40,Bus/Coach,Morning,Serious
Normal,Daylight,Wet or damp,20,Car,Night,Slight
Raining,Daylight,Dry,40,Car,Evening,Slight
Normal,Daylight,Dry,20,Car,Morning,Slight
Raining,Daylight,Snow,20,Car,Afternoon,Slight
Normal,Daylight,Dry,20,Other,Morning,Slight
Raining,Darkness - lights lit,Wet or damp,60,Pedal cycle,Morning,Serious
Normal,Daylight,Dry,50,Car,Afternoon,Slight
Normal,Daylight,Wet or damp,50,Motorcycle,Morning,Slight
Normal,Daylight,Wet or damp,20,Goods vehicle,Afternoon,Slight
Other,Daylight,Snow,20,Car,Evening,Slight
Raining,Darkness - lights lit,,60,Car,Night,Serious
Normal,Daylight,Dry,60,Car,Night,Slight
Raining,Darkness - lights lit,Dry,30,Car,Evening,Slight
,Darkness - no lighting,Wet or damp,30,Pedal cycle,Afternoon,Serious
Normal,Daylight,Wet or damp,30,Goods vehicle,Afternoon,Serious
Normal,Daylight,Wet or damp,20,Motorcycle,Night,Slight
,Daylight,Dry,50,Bus/Coach,Afternoon,Slight
,Daylight,Wet or damp,30,Car,Evening,Slight
,Darkness - lights lit,Wet or damp,30,Car,Morning,Slight
Normal,Darkness - lights lit,Snow,50,Car,Afternoon,Slight
Normal,Daylight,Dry,60,Car,Morning,Slight
Normal,Darkness - no lighting,Wet or damp,20,Pedal cycle,Afternoon,Fatal
Normal,Daylight,Dry,20,Car,Afternoon,Slight
Normal,Daylight,Snow,60,Bus/Coach,Evening,Slight
Normal,Daylight,Dry,30,Car,Night,Slight
Raining,Darkness - no lighting,Dry,30,Car,Afternoon,Serious
Raining,Daylight,Dry,20,Car,Evening,Slight
Other,Darkness - lighting unknown,Dry,20,Goods vehicle,Night,Slight
Raining,Darkness - lights lit,Dry,30,Goods vehicle,Afternoon,Slight
Normal,Daylight,Dry,60,Car,Morning,Slight
Normal,Daylight,Dry,20,Car,Afternoon,Slight
Fog or mist,Daylight,Dry,40,Car,Afternoon,Slight
Normal,Darkness - lights lit,Snow,20,Car,Afternoon,Slight
Other,Daylight,Dry,40,Car,Afternoon,Serious
Normal,Darkness - no lighting,Flood over road,30,Car,Evening,Slight
Normal,Daylight,Dry,30,Car,Afternoon,Slight
Normal,Daylight,Wet or damp,30,Car,Afternoon,Slight
Normal,Darkness - lights lit,Dry,20,Bus/Coach,Morning,Slight
Normal,Daylight,Wet or damp,30,Motorcycle,Afternoon,Slight
Normal,Daylight,Dry,70,Goods vehicle,Morning,Slight
Normal,Daylight,Dry,30,Goods vehicle,Afternoon,Slight
Normal,Daylight,Wet or damp,50,Pedal cycle,Afternoon,Slight
Normal,Daylight,Dry,30,Motorcycle,Morning,Slight
Normal,Daylight,Dry,20,Car,Morning,Slight
Raining,Darkness - lights lit,,70,Bus/Coach,Evening,Fatal
Raining,Darkness - lights lit,Dry,50,Goods vehicle,Afternoon,Slight
Normal,Darkness - lights lit,Dry,70,Car,Afternoon,Slight
Normal,Darkness - lights lit,Dry,40,Car,Afternoon,Serious
Unknown,Darkness - lighting unknown,Dry,40,Car,Morning,Slight
,Darkness - no lighting,Dry,20,Car,Afternoon,Slight
Normal,Darkness - lights lit,Dry,60,Motorcycle,Afternoon,Slight
Raining,Daylight,Dry,60,Car,Morning,Slight
Raining,Darkness - lights lit,Snow,30,Car,Afternoon,Slight
,Daylight,Dry,30,Goods vehicle,Afternoon,Slight
Normal,Darkness - lighting unknown,Ice,50,Other,Evening,Fatal
Fog or mist,Darkness - no lighting,Wet or damp,30,Motorcycle,Afternoon,Serious
Raining,Darkness - no lighting,Dry,50,Pedal cycle,Afternoon,Slight
Normal,Daylight,Dry,30,Other,Morning,Slight
Normal,Darkness - lights lit,Snow,50,Car,Afternoon,Slight
Raining,Daylight,Dry,20,Goods vehicle,Morning,Serious
Normal,Daylight,Dry,30,Car,Morning,Slight
Normal,Daylight,Dry,50,Motorcycle,Morning,Slight
Other,Daylight,Dry,40,Bus/Coach,Afternoon,Slight
Normal,Daylight,Snow,30,Car,Night,Slight
Unknown,Darkness - no lighting,Flood over road,30,Pedal cycle,Night,Serious
Normal,Darkness - lighting unknown,Dry,50,Car,Morning,Slight
Normal,Daylight,Dry,20,Car,Morning,Slight
Raining,Daylight,Dry,30,Car,Morning,Slight
,Darkness - no lighting,Wet or damp,30,Car,Afternoon,Slight
Unknown,Daylight,Dry,30,Goods vehicle,Evening,Slight
Other,Daylight,,70,Goods vehicle,Morning,Slight
Normal,Daylight,Wet or damp,20,Car,Afternoon,Slight
Normal,Daylight,Dry,20,Goods vehicle,Afternoon,Slight
Raining,Daylight,Dry,20,Motorcycle,Morning,Serious
Normal,Daylight,Dry,40,Pedal cycle,Morning,Slight
Other,Daylight,Flood over road,20,Goods vehicle,Morning,Slight
,Darkness - lights lit,Dry,30,Goods vehicle,Evening,Serious
Raining,Darkness - no lighting,Wet or damp,70,Other,Afternoon,Serious
Fog or mist,Daylight,Wet or damp,20,Pedal cycle,Morning,Serious
Normal,Daylight,,70,Car,Morning,Slight
Normal,Daylight,Dry,30,Car,Afternoon,Slight
Snowing,Daylight,Dry,50,Car,Morning,Slight
Normal,Darkness - lights lit,Dry,40,Car,Morning,Slight
Fog or mist,Darkness - lights lit,,50,Bus/Coach,Night,Fatal
Normal,Darkness - lights lit,Dry,20,Car,Night,Slight
Normal,Daylight,Snow,30,Car,Night,Slight
Normal,Darkness - lights lit,Wet or damp,30,Other,Afternoon,Serious
Normal,Darkness - lights lit,Dry,50,Motorcycle,Evening,Serious
Normal,Daylight,Dry,30,Car,Afternoon,Slight
Normal,Daylight,Dry,50,Motorcycle,Morning,Slight
Snowing,Darkness - lights lit,Dry,30,Car,Night,Slight
Normal,Darkness - lights lit,Wet or damp,20,Car,Morning,Slight
Raining,Daylight,Wet or damp,70,Car,Afternoon,Slight
Snowing,Darkness - no lighting,Wet or damp,40,Motorcycle,Night,Serious
Fog or mist,Daylight,Flood over road,30,Car,Afternoon,Slight
Normal,Daylight,Dry,30,Bus/Coach,Afternoon,Slight
Snowing,Daylight,Ice,30,Car,Afternoon,Slight
Normal,Daylight,Dry,20,Car,Afternoon,Slight
Normal,Daylight,Dry,20,Car,Morning,Slight
Normal,Daylight,Dry,20,Car,Afternoon,Slight
Snowing,Darkness - lights lit,Wet or damp,40,Pedal cycle,Morning,Serious
Snowing,Darkness - no lighting,Dry,60,Motorcycle,Afternoon,Fatal
Snowing,Daylight,Dry,20,Bus/Coach,Afternoon,Slight
Normal,Daylight,Dry,20,Pedal cycle,Afternoon,Slight
Normal,Darkness - lights lit,Dry,20,Motorcycle,Morning,Slight
Normal,Darkness - lights lit,Dry,20,Goods vehicle,Afternoon,Slight
Normal,Daylight,Dry,70,Other,Afternoon,Slight
Normal,Daylight,Dry,30,Car,Morning,Slight
Normal,Darkness - lights lit,Dry,30,Car,Afternoon,Slight
Normal,Darkness - lighting unknown,Dry,20,Car,Night,Slight
Snowing,Daylight,Flood over road,20,Car,Evening,Slight
Normal,Daylight,Dry,30,Car,Night,Serious
Raining,Darkness - lights lit,Dry,40,Car,Morning,Slight
Normal,Darkness - lights lit,Flood over road,30,Bus/Coach,Morning,Slight
Normal,Daylight,Dry,30,Car,Night,Slight
Fog or mist,Darkness - lights lit,Dry,30,Bus/Coach,Afternoon,Slight
Normal,Daylight,,20,Car,Morning,Slight
Raining,Daylight,Dry,20,Car,Afternoon,Slight
Raining,Darkness - lights lit,Ice,60,Motorcycle,Morning,Fatal
Fog or mist,Daylight,Dry,30,Pedal cycle,Morning,Slight
Other,Daylight,Wet or damp,30,Motorcycle,Morning,Slight
,Daylight,Dry,20,Car,Night,Slight
Other,Daylight,Dry,20,Bus/Coach,Afternoon,Slight
Fog or mist,Daylight,Dry,70,Goods vehicle,Night,Slight
Normal,Daylight,Dry,40,Car,Afternoon,Slight
Normal,Daylight,Dry,50,Car,Afternoon,Slight
Normal,Daylight,Wet or damp,20,Car,Afternoon,Slight
Raining,Darkness - lights lit,Dry,30,Bus/Coach,Morning,Slight
Normal,Daylight,Dry,50,Car,Morning,Slight
Normal,Darkness - lights lit,Wet or damp,30,Other,Evening,Serious
Raining,Daylight,Snow,30,Car,Afternoon,Slight
Normal,Daylight,,30,Other,Morning,Slight
Fog or mist,Daylight,Wet or damp,50,Car,Afternoon,Slight
Normal,Daylight,Wet or damp,30,Car,Morning,Slight
Normal,Daylight,,70,Other,Night,Fatal
Normal,Darkness - lighting unknown,Dry,30,Car,Evening,Serious
Normal,Darkness - lighting unknown,Dry,20,Car,Afternoon,Slight
Raining,Darkness - lights lit,Dry,50,Other,Morning,Serious
Raining,Daylight,Flood over road,40,Car,Morning,Serious
Raining,Daylight,Snow,20,Car,Morning,Slight
Unknown,Daylight,Dry,50,Bus/Coach,Morning,Slight
Normal,Daylight,Dry,40,Motorcycle,Afternoon,Serious
Raining,Darkness - lighting unknown,Wet or damp,20,Car,Morning,Slight
Normal,Daylight,Wet or damp,30,Car,Morning,Slight
Normal,Daylight,Dry,20,Car,Evening,Slight
Normal,Daylight,Snow,30,Car,Morning,Serious
Raining,Darkness - lights lit,Dry,30,Car,Morning,Slight
Snowing,Darkness - no lighting,Ice,70,Goods vehicle,Morning,Fatal
Normal,Daylight,Flood over road,30,Other,Morning,Slight
Normal,Darkness - lighting unknown,Dry,40,Goods vehicle,Afternoon,Serious
Unknown,Daylight,Dry,20,Goods vehicle,Afternoon,Slight
Normal,Daylight,Dry,20,Motorcycle,Morning,Slight
Normal,Daylight,Dry,20,Car,Afternoon,Slight
Normal,Daylight,Dry,30,Pedal cycle,Morning,Slight
Normal,Daylight,Dry,30,Goods vehicle,Afternoon,Slight
Normal,Daylight,Dry,30,Motorcycle,Afternoon,Slight
Raining,Darkness - no lighting,Dry,50,Other,Afternoon,Serious
Raining,Daylight,,20,Other,Evening,Slight
Normal,Daylight,Dry,20,Car,Morning,Slight
Raining,Darkness - no lighting,Wet or damp,50,Car,Morning,Slight
Raining,Darkness - no lighting,Wet or damp,50,Motorcycle,Morning,Slight
Normal,Daylight,,30,Car,Afternoon,Slight
Normal,Daylight,Dry,50,Car,Afternoon,Slight
Fog or mist,Darkness - no lighting,Dry,20,Car,Afternoon,Serious
Raining,Daylight,Dry,30,Bus/Coach,Evening,Serious
Other,Daylight,Wet or damp,30,Car,Night,Serious
Raining,Daylight,Dry,20,Car,Afternoon,Slight
Raining,Darkness - lights lit,,40,Car,Afternoon,Slight
Unknown,Daylight,Dry,20,Car,Afternoon,Slight
Normal,Daylight,Dry,40,Car,Afternoon,Serious
Normal,Daylight,Wet or damp,20,Motorcycle,Afternoon,Slight
Normal,Daylight,Wet or damp,40,Car,Morning,Slight
Normal,Daylight,Dry,30,Bus/Coach,Morning,Slight
Raining,Daylight,Wet or damp,40,Car,Morning,Slight
Fog or mist,Daylight,Dry,30,Car,Afternoon,Slight
Normal,Darkness - lights lit,Wet or damp,30,Car,Evening,Slight
Normal,Darkness - lights lit,Dry,50,Goods vehicle,Morning,Serious
,Darkness - no lighting,Wet or damp,40,Car,Morning,Serious
Normal,Daylight,Dry,20,Bus/Coach,Afternoon,Slight
Normal,Daylight,Snow,60,Motorcycle,Night,Slight
Fog or mist,Darkness - lights lit,Wet or damp,30,Car,Evening,Serious
Normal,Daylight,Dry,30,Pedal cycle,Afternoon,Slight
Normal,Daylight,Dry,50,Car,Morning,Slight
Normal,Daylight,,20,Car,Morning,Slight
Raining,Daylight,Wet or damp,20,Car,Morning,Slight
Normal,Daylight,Wet or damp,30,Motorcycle,Night,Slight
Normal,Darkness - lights lit,Dry,20,Car,Afternoon,Slight
Normal,Darkness - no lighting,Wet or damp,30,Motorcycle,Evening,Slight
Normal,Daylight,Wet or damp,20,Other,Afternoon,Slight
Normal,Daylight,Wet or damp,70,Car,Night,Slight
Raining,Darkness - lights lit,Wet or damp,40,Car,Evening,Serious
Raining,Darkness - lights lit,Dry,30,Car,Afternoon,Slight
Normal,Daylight,Dry,20,Car,Afternoon,Slight
Raining,Darkness - no lighting,Wet or damp,60,Car,Night,Fatal
Normal,Darkness - no lighting,Dry,40,Car,Afternoon,Serious
Normal,Daylight,Dry,30,Pedal cycle,Afternoon,Slight
Normal,Darkness - lights lit,Dry,30,Car,Afternoon,Slight
,Darkness - lights lit,Dry,30,Car,Afternoon,Slight
Raining,Darkness - lights lit,Dry,60,Bus/Coach,Afternoon,Serious
Normal,Darkness - lighting unknown,Dry,30,Car,Afternoon,Slight
Normal,Daylight,Dry,40,Goods vehicle,Morning,Slight
Other,Daylight,Dry,30,Car,Morning,Slight
Raining,Daylight,Dry,20,Car,Morning,Slight
Other,Darkness - lights lit,Dry,30,Car,Night,Slight
Normal,Daylight,Wet or damp,50,Car,Evening,Slight
Normal,Darkness - lights lit,Wet or damp,30,Car,Evening,Slight
Snowing,Daylight,,70,Car,Evening,Slight
Normal,Daylight,,30,Goods vehicle,Morning,Slight
Fog or mist,Daylight,Dry,30,Car,Afternoon,Slight
Raining,Darkness - no lighting,Wet or damp,40,Bus/Coach,Evening,Serious
Normal,Daylight,Dry,20,Motorcycle,Morning,Slight
Normal,Daylight,Dry,20,Goods vehicle,Morning,Slight
Raining,Daylight,Dry,30,Bus/Coach,Night,Slight
Normal,Darkness - lighting unknown,Dry,20,Pedal cycle,Morning,Serious
Normal,Daylight,Wet or damp,30,Car,Afternoon,Slight
,Darkness - lights lit,Flood over road,50,Car,Morning,Serious
Raining,Daylight,,20,Pedal cycle,Morning,Slight
Other,Daylight,Wet or damp,20,Other,Evening,Serious
Normal,Daylight,Snow,30,Goods vehicle,Morning,Slight
Other,Daylight,Snow,30,Car,Afternoon,Slight
Unknown,Darkness - lights lit,Wet or damp,60,Bus/Coach,Night,Fatal
Other,Daylight,Wet or damp,30,Car,Night,Slight
Snowing,Darkness - lighting unknown,Dry,30,Car,Morning,Slight
Normal,Daylight,Dry,30,Car,Morning,Slight
,Daylight,Dry,30,Goods vehicle,Afternoon,Slight
Other,Darkness - lights lit,Dry,30,Car,Afternoon,Slight
Snowing,Darkness - lighting unknown,Snow,70,Motorcycle,Morning,Fatal
Normal,Daylight,Wet or damp,20,Bus/Coach,Morning,Slight
Other,Daylight,Dry,30,Car,Night,Slight
Normal,Darkness - lights lit,Dry,30,Other,Afternoon,Slight
Raining,Darkness - no lighting,Flood over road,30,Car,Afternoon,Serious
Normal,Daylight,Dry,70,Motorcycle,Afternoon,Slight
Normal,Daylight,Dry,60,Other,Morning,Slight
Normal,Daylight,Dry,30,Car,Afternoon,Slight
Normal,Daylight,Snow,70,Car,Morning,Slight
Normal,Daylight,Dry,30,Car,Afternoon,Slight
Raining,Darkness - no lighting,Dry,30,Motorcycle,Afternoon,Fatal
Normal,Daylight,Wet or damp,20,Motorcycle,Morning,Slight
Normal,Daylight,,60,Car,Evening,Slight
Other,Daylight,Dry,20,Car,Afternoon,Slight
Raining,Darkness - no lighting,,30,Car,Morning,Serious
Normal,Daylight,Dry,20,Pedal cycle,Morning,Slight
Normal,Daylight,Dry,30,Car,Morning,Slight
Normal,Daylight,Dry,30,Car,Evening,Slight
Raining,Darkness - lights lit,Dry,20,Car,Morning,Slight
Normal,Daylight,Dry,50,Car,Night,Slight
Unknown,Darkness - no lighting,Wet or damp,30,Motorcycle,Night,Fatal
Unknown,Darkness - lights lit,Wet or damp,30,Car,Evening,Serious
Raining,Daylight,Snow,30,Goods vehicle,Morning,Slight
Raining,Daylight,Dry,70,Car,Afternoon,Serious
Normal,Darkness - lights lit,Dry,30,Other,Afternoon,Slight
Raining,Daylight,Wet or damp,50,Car,Afternoon,Serious
Normal,Darkness - lights lit,Dry,30,Pedal cycle,Morning,Slight
Unknown,Darkness - lighting unknown,Dry,20,Car,Afternoon,Slight
Normal,Daylight,Dry,30,Car,Afternoon,Slight
Normal,Daylight,Dry,20,Car,Morning,Slight
Normal,Darkness - lights lit,Dry,30,Bus/Coach,Afternoon,Slight
Normal,Darkness - no lighting,Flood over road,70,Car,Evening,Fatal
Normal,Darkness - lights lit,Dry,30,Motorcycle,Afternoon,Slight
Snowing,Daylight,Wet or damp,30,Motorcycle,Night,Serious
Raining,Daylight,Dry,40,Car,Evening,Serious
Normal,Daylight,Ice,40,Car,Morning,Slight
Normal,Daylight,Wet or damp,30,Motorcycle,Afternoon,Slight
Other,Darkness - lights lit,Wet or damp,40,Car,Evening,Serious
Normal,Daylight,Dry,50,Car,Afternoon,Slight
Normal,Daylight,Dry,20,Car,Morning,Slight
Other,Daylight,Dry,30,Goods vehicle,Afternoon,Slight
Snowing,Daylight,Dry,30,Goods vehicle,Morning,Slight
Normal,Daylight,Dry,30,Car,Afternoon,Slight
Fog or mist,Daylight,Wet or damp,30,Car,Afternoon,Slight
Unknown,Darkness - lights lit,Dry,20,Car,Morning,Slight
Normal,Daylight,Dry,50,Goods vehicle,Afternoon,Slight
Normal,Daylight,Wet or damp,40,Motorcycle,Night,Serious
Snowing,Darkness - no lighting,Dry,40,Goods vehicle,Evening,Fatal
Normal,Daylight,Dry,30,Car,Morning,Slight
Normal,Darkness - lights lit,Dry,20,Car,Afternoon,Slight
Normal,Darkness - lighting unknown,Dry,30,Car,Morning,Slight
Normal,Darkness - lights lit,Dry,50,Car,Morning,Slight
Normal,Darkness - no lighting,Dry,20,Other,Evening,Slight
Fog or mist,Daylight,Wet or damp,30,Goods vehicle,Afternoon,Slight
Raining,Daylight,Dry,20,Pedal cycle,Morning,Slight
Normal,Darkness - lighting unknown,Dry,40,Goods vehicle,Afternoon,Slight
Raining,Darkness - no lighting,Wet or damp,20,Goods vehicle,Morning,Slight
Raining,Daylight,Wet or damp,30,Goods vehicle,Morning,Slight
Raining,Daylight,Dry,70,Car,Night,Slight
Normal,Darkness - lights lit,,30,Car,Evening,Slight
Normal,Daylight,Dry,20,Car,Afternoon,Slight
Normal,Daylight,Dry,50,Motorcycle,Morning,Slight
Normal,Darkness - lights lit,Flood over road,30,Motorcycle,Morning,Slight
Snowing,Daylight,Dry,30,Bus/Coach,Morning,Slight
Normal,Darkness - lights lit,Snow,30,Bus/Coach,Morning,Serious
Normal,Darkness - no lighting,Dry,40,Car,Afternoon,Slight
Fog or mist,Darkness - lights lit,Wet or damp,20,Car,Afternoon,Slight
Normal,Daylight,Wet or damp,30,Car,Night,Serious
Snowing,Darkness - lights lit,Dry,30,Car,Night,Slight
Normal,Daylight,Dry,20,Car,Afternoon,Slight
Normal,Darkness - lights lit,Ice,20,Pedal cycle,Afternoon,Serious
Normal,Daylight,Wet or damp,20,Car,Afternoon,Slight
Normal,Darkness - no lighting,Wet or damp,30,Goods vehicle,Morning,Serious
Normal,Daylight,Dry,30,Car,Afternoon,Slight
,Darkness - lighting unknown,Wet or damp,20,Car,Night,Slight
Normal,Darkness - lights lit,Dry,30,Other,Afternoon,Slight
Normal,Daylight,Wet or damp,20,Car,Night,Slight
Normal,Daylight,Dry,30,Pedal cycle,Evening,Slight
Normal,Daylight,Dry,20,Pedal cycle,Morning,Slight
Normal,Daylight,Dry,20,Car,Afternoon,Slight
Normal,Daylight,Wet or damp,30,Car,Afternoon,Slight
Normal,Daylight,Dry,20,Car,Morning,Slight
Raining,Darkness - lights lit,Wet or damp,40,Car,Night,Serious
Normal,Darkness - lights lit,Wet or damp,60,Bus/Coach,Night,Fatal
Normal,Daylight,Dry,30,Car,Afternoon,Slight
Normal,Daylight,Wet or damp,30,Car,Afternoon,Slight
Normal,Daylight,Dry,30,Other,Morning,Slight
,Daylight,Wet or damp,20,Motorcycle,Afternoon,Slight
Snowing,Daylight,Dry,50,Goods vehicle,Morning,Slight
Normal,Daylight,Ice,30,Car,Evening,Slight
Normal,Darkness - no lighting,Wet or damp,50,Car,Afternoon,Slight
Normal,Darkness - lighting unknown,Dry,40,Car,Morning,Slight
Normal,Daylight,Dry,60,Car,Morning,Slight
Fog or mist,Darkness - lights lit,Wet or damp,30,Car,Morning,Slight
Normal,Darkness - lighting unknown,Wet or damp,30,Car,Afternoon,Slight
Normal,Daylight,Dry,40,Car,Morning,Slight
Raining,Daylight,Dry,60,Other,Night,Slight
Normal,Daylight,Wet or damp,40,Other,Evening,Serious
Normal,Darkness - no lighting,Wet or damp,20,Goods vehicle,Morning,Slight
Normal,Daylight,Dry,30,Other,Afternoon,Slight
Normal,Daylight,Dry,20,Car,Morning,Slight
Normal,Darkness - lights lit,Dry,30,Car,Afternoon,Slight
Unknown,Darkness - lights lit,Dry,20,Car,Afternoon,Slight
Normal,Darkness - lights lit,Wet or damp,50,Goods vehicle,Night,Slight
Normal,Darkness - lights lit,Dry,70,Car,Morning,Slight
,Daylight,,20,Bus/Coach,Afternoon,Slight
Normal,Daylight,Wet or damp,50,Goods vehicle,Night,Slight
,Darkness - lights lit,Wet or damp,20,Other,Afternoon,Slight
Normal,Daylight,Dry,20,Car,Evening,Slight
Normal,Daylight,Dry,20,Car,Afternoon,Slight
Normal,Daylight,Dry,70,Car,Afternoon,Slight
Normal,Daylight,Dry,30,Car,Morning,Slight
Unknown,Daylight,,70,Goods vehicle,Afternoon,Slight
Normal,Daylight,Dry,20,Car,Morning,Slight
Normal,Daylight,Dry,20,Car,Night,Slight
Normal,Darkness - lights lit,,50,Car,Afternoon,Slight
,Daylight,Wet or damp,40,Motorcycle,Afternoon,Slight
Normal,Daylight,Wet or damp,30,Motorcycle,Evening,Slight
Normal,Daylight,Dry,30,Other,Afternoon,Slight
,Daylight,Dry,60,Motorcycle,Morning,Slight
Normal,Darkness - lights lit,Wet or damp,20,Pedal cycle,Afternoon,Slight
Normal,Daylight,Ice,20,Car,Evening,Slight
Raining,Daylight,Dry,60,Car,Evening,Slight
,Daylight,Dry,50,Car,Afternoon,Slight
Snowing,Darkness - lighting unknown,Wet or damp,30,Car,Afternoon,Serious
Normal,Daylight,Dry,20,Goods vehicle,Afternoon,Slight
Snowing,Daylight,Flood over road,30,Car,Afternoon,Slight
Normal,Darkness - lights lit,Dry,20,Car,Morning,Slight
Fog or mist,Daylight,Dry,30,Goods vehicle,Night,Slight
Other,Darkness - lights lit,Ice,40,Car,Afternoon,Slight
Normal,Daylight,Dry,60,Car,Afternoon,Slight
Other,Darkness - no lighting,Wet or damp,30,Car,Afternoon,Slight
Snowing,Darkness - lights lit,Dry,30,Car,Morning,Slight
Normal,Darkness - lights lit,Dry,20,Other,Morning,Slight
Normal,Daylight,,20,Car,Morning,Slight
Snowing,Daylight,Snow,30,Car,Afternoon,Slight
Normal,Daylight,Dry,40,Pedal cycle,Morning,Slight
Normal,Darkness - lighting unknown,Wet or damp,60,Car,Afternoon,Slight
Normal,Darkness - no lighting,Dry,70,Car,Evening,Slight
Normal,Daylight,Dry,30,Motorcycle,Morning,Slight
Normal,Daylight,Wet or damp,50,Car,Afternoon,Slight
,Daylight,Dry,20,Car,Morning,Slight
Normal,Daylight,Dry,20,Car,Night,Slight
Normal,Daylight,Dry,30,Car,Evening,Slight
Raining,Daylight,,40,Other,Afternoon,Slight
,Darkness - lights lit,Ice,30,Bus/Coach,Morning,Slight
Normal,Daylight,Snow,20,Motorcycle,Afternoon,Slight
Normal,Daylight,Dry,50,Other,Morning,Slight
Normal,Darkness - lights lit,Dry,20,Car,Night,Slight
Normal,Darkness - lighting unknown,Dry,40,Car,Night,Slight
Snowing,Daylight,Wet or damp,20,Car,Afternoon,Slight
Normal,Daylight,Wet or damp,20,Goods vehicle,Afternoon,Slight
Normal,Daylight,Dry,30,Car,Night,Slight
Normal,Daylight,Dry,30,Motorcycle,Afternoon,Slight
Normal,Daylight,Dry,20,Car,Afternoon,Slight
Raining,Daylight,Dry,20,Motorcycle,Afternoon,Slight
Raining,Daylight,Dry,30,Motorcycle,Afternoon,Slight
Normal,Daylight,Dry,50,Car,Morning,Slight
Raining,Darkness - lights lit,Dry,50,Car,Morning,Slight
Raining,Daylight,Dry,30,Car,Evening,Slight
Normal,Darkness - lights lit,Dry,30,Goods vehicle,Night,Slight
Normal,Darkness - lights lit,Dry,30,Car,Afternoon,Serious
Normal,Darkness - lights lit,Wet or damp,40,Other,Afternoon,Serious
Normal,Daylight,Dry,50,Car,Morning,Slight
Raining,Darkness - lights lit,Dry,30,Goods vehicle,Afternoon,Slight
Fog or mist,Darkness - lights lit,Wet or damp,60,Other,Morning,Serious
Other,Daylight,Wet or damp,30,Car,Morning,Slight
Normal,Daylight,Wet or damp,70,Car,Afternoon,Slight
Normal,Daylight,Dry,20,Car,Morning,Slight
Normal,Darkness - lights lit,Snow,70,Pedal cycle,Morning,Slight
Normal,Darkness - lights lit,Wet or damp,50,Car,Afternoon,Slight
Normal,Darkness - lights lit,Dry,70,Car,Evening,Slight
Raining,Darkness - lights lit,Snow,20,Pedal cycle,Morning,Slight
Normal,Darkness - lights lit,Dry,50,Bus/Coach,Morning,Slight
Normal,Darkness - no lighting,Wet or damp,40,Motorcycle,Morning,Serious
Normal,Daylight,Dry,30,Bus/Coach,Afternoon,Slight
Raining,Darkness - lights lit,Wet or damp,40,Bus/Coach,Morning,Serious
Snowing,Daylight,Snow,20,Car,Morning,Serious
Raining,Darkness - lights lit,Dry,30,Bus/Coach,Morning,Slight
Normal,Daylight,Dry,30,Car,Morning,Slight
Normal,Daylight,Dry,30,Car,Afternoon,Slight
Normal,Daylight,Wet or damp,20,Car,Morning,Slight
Normal,Darkness - lighting unknown,Wet or damp,30,Car,Morning,Slight
Normal,Daylight,Dry,20,Car,Night,Slight
Unknown,Daylight,Dry,30,Car,Morning,Slight
Unknown,Daylight,Dry,40,Car,Afternoon,Serious
Normal,Daylight,Dry,20,Car,Night,Slight
Snowing,Darkness - lights lit,Ice,40,Motorcycle,Evening,Slight
Normal,Darkness - lighting unknown,Wet or damp,70,Bus/Coach,Evening,Slight
Raining,Daylight,Snow,50,Goods vehicle,Afternoon,Slight
Normal,Darkness - no lighting,Dry,20,Car,Evening,Slight
Fog or mist,Darkness - lights lit,Wet or damp,40,Car,Night,Serious
Normal,Daylight,Dry,60,Car,Afternoon,Slight
Normal,Daylight,Dry,40,Car,Morning,Slight
Normal,Darkness - lights lit,Dry,30,Bus/Coach,Afternoon,Slight
Normal,Daylight,Wet or damp,30,Other,Morning,Slight
Snowing,Darkness - no lighting,Dry,50,Goods vehicle,Night,Fatal
Normal,Daylight,Flood over road,50,Car,Evening,Slight
Normal,Darkness - no lighting,Wet or damp,50,Car,Afternoon,Serious
Normal,Darkness - lights lit,Dry,30,Goods vehicle,Afternoon,Slight
Other,Darkness - lights lit,Dry,30,Other,Morning,Slight
Normal,Daylight,Wet or damp,40,Other,Afternoon,Slight
Normal,Darkness - lighting unknown,Dry,30,Pedal cycle,Afternoon,Slight
Snowing,Darkness - lighting unknown,Dry,50,Car,Afternoon,Slight
Unknown,Daylight,Dry,20,Motorcycle,Morning,Serious
Normal,Daylight,Dry,50,Car,Morning,Slight
Snowing,Daylight,Dry,50,Car,Evening,Serious
Normal,Daylight,Wet or damp,60,Car,Afternoon,Slight
Normal,Darkness - lights lit,Dry,60,Motorcycle,Night,Slight
Normal,Daylight,Dry,20,Car,Afternoon,Slight
Raining,Darkness - no lighting,Flood over road,70,Car,Evening,Fatal
Normal,Daylight,Wet or damp,30,Car,Night,Slight
Normal,Darkness - lights lit,Dry,30,Car,Evening,Slight
Normal,Daylight,Dry,20,Car,Morning,Slight
Normal,Daylight,Dry,30,Car,Afternoon,Slight
Normal,Darkness - lights lit,Wet or damp,40,Bus/Coach,Morning,Serious
Normal,Daylight,Wet or damp,30,Car,Night,Slight
Snowing,Darkness - lights lit,Dry,70,Motorcycle,Night,Serious
Normal,Darkness - lighting unknown,Dry,20,Car,Afternoon,Slight
Normal,Daylight,Wet or damp,30,Other,Morning,Slight
Normal,Darkness - lights lit,Flood over road,50,Car,Afternoon,Slight
Other,Darkness - lighting unknown,Wet or damp,70,Car,Afternoon,Serious
Normal,Darkness - lights lit,Wet or damp,40,Motorcycle,Afternoon,Slight
Normal,Darkness - lights lit,Dry,30,Car,Evening,Slight
Normal,Darkness - lights lit,Dry,50,Car,Morning,Slight
Raining,Darkness - lights lit,Wet or damp,30,Bus/Coach,Morning,Serious
Snowing,Daylight,Wet or damp,50,Car,Afternoon,Serious
Normal,Daylight,Dry,40,Bus/Coach,Afternoon,Slight
Normal,Darkness - lights lit,Dry,50,Car,Morning,Slight
Normal,Daylight,Dry,50,Motorcycle,Afternoon,Slight
Unknown,Darkness - lights lit,Wet or damp,30,Car,Morning,Slight
Normal,Daylight,Dry,30,Car,Evening,Slight
Raining,Daylight,,20,Bus/Coach,Afternoon,Slight
Raining,Daylight,Snow,30,Goods vehicle,Morning,Serious
Raining,Darkness - lighting unknown,Dry,50,Car,Evening,Slight
Normal,Daylight,Dry,30,Car,Afternoon,Slight
Normal,Darkness - no lighting,Snow,70,Motorcycle,Night,Fatal
Normal,Daylight,Dry,20,Car,Morning,Slight
Normal,Darkness - no lighting,Wet or damp,20,Car,Afternoon,Slight
Normal,Daylight,Snow,50,Car,Afternoon,Slight
Other,Darkness - lighting unknown,Dry,30,Bus/Coach,Evening,Serious
Normal,Darkness - lights lit,Wet or damp,30,Goods vehicle,Afternoon,Slight
Raining,Daylight,Wet or damp,40,Motorcycle,Morning,Serious
Raining,Darkness - lights lit,Snow,60,Motorcycle,Night,Fatal
Normal,Darkness - lights lit,Dry,30,Goods vehicle,Morning,Slight
Fog or mist,Daylight,Dry,70,Car,Morning,Slight
Fog or mist,Darkness - lights lit,Wet or damp,60,Goods vehicle,Afternoon,Serious
,Darkness - lights lit,Wet or damp,70,Goods vehicle,Afternoon,Slight
Raining,Darkness - lights lit,,20,Pedal cycle,Afternoon,Slight
Normal,Daylight,Dry,50,Car,Morning,Slight
Raining,Darkness - lighting unknown,Wet or damp,60,Car,Morning,Slight
,Darkness - lights lit,Dry,70,Car,Afternoon,Slight
Normal,Daylight,Dry,30,Car,Morning,Slight
Normal,Daylight,Dry,20,Car,Morning,Slight
Normal,Daylight,Wet or damp,30,Car,Evening,Slight
Raining,Daylight,Dry,40,Car,Morning,Slight
Normal,Daylight,Dry,40,Bus/Coach,Morning,Slight
Snowing,Darkness - no lighting,Ice,70,Goods vehicle,Afternoon,Fatal
Snowing,Daylight,Dry,30,Goods vehicle,Morning,Slight
Normal,Daylight,Wet or damp,20,Motorcycle,Afternoon,Slight
Normal,Daylight,Dry,30,Bus/Coach,Afternoon,Slight
Normal,Darkness - no lighting,Dry,20,Goods vehicle,Morning,Slight
Normal,Daylight,Wet or damp,30,Car,Night,Slight
Raining,Darkness - lights lit,Dry,50,Car,Morning,Serious
Normal,Daylight,Dry,20,Car,Morning,Slight
Raining,Darkness - lights lit,Dry,30,Car,Morning,Slight
Normal,Darkness - lights lit,Dry,30,Car,Afternoon,Slight
Raining,Daylight,Wet or damp,60,Pedal cycle,Afternoon,Slight
Normal,Darkness - no lighting,Dry,20,Car,Morning,Slight
Normal,Daylight,Dry,60,Bus/Coach,Evening,Slight
Raining,Daylight,Dry,20,Car,Morning,Slight
Normal,Darkness - no lighting,Snow,50,Motorcycle,Afternoon,Fatal
Normal,Daylight,,50,Goods vehicle,Afternoon,Slight
Normal,Darkness - lights lit,Wet or damp,20,Car,Afternoon,Slight
Normal,Daylight,,70,Car,Morning,Slight
Normal,Daylight,Dry,20,Motorcycle,Afternoon,Slight
Normal,Darkness - lighting unknown,Dry,40,Car,Afternoon,Slight
Normal,Darkness - lights lit,Snow,30,Car,Morning,Slight
Normal,Daylight,,30,Car,Afternoon,Slight
Normal,Daylight,Dry,20,Car,Afternoon,Slight
Normal,Daylight,Dry,70,Car,Evening,Slight
Raining,Darkness - no lighting,Dry,50,Car,Night,Serious
Raining,Daylight,Wet or damp,30,Motorcycle,Afternoon,Slight
Normal,Darkness - no lighting,,60,Motorcycle,Evening,Slight
Normal,Darkness - lights lit,Dry,30,Car,Morning,Slight
Raining,Daylight,Dry,30,Car,Afternoon,Slight
Snowing,Daylight,Ice,40,Goods vehicle,Morning,Serious
Normal,Daylight,Dry,20,Car,Morning,Slight
Normal,Daylight,Dry,20,Pedal cycle,Night,Slight
,Daylight,,30,Car,Morning,Slight
Normal,Daylight,Dry,30,Car,Morning,Slight
Raining,Daylight,Dry,30,Car,Afternoon,Slight
Normal,Daylight,Dry,30,Car,Afternoon,Slight
Normal,Daylight,Dry,30,Goods vehicle,Evening,Slight
Normal,Daylight,Dry,40,Bus/Coach,Night,Slight
Normal,Darkness - lights lit,,50,Car,Afternoon,Slight
Normal,Daylight,Dry,20,Car,Afternoon,Slight
Snowing,Daylight,Dry,70,Pedal cycle,Morning,Slight
Normal,Daylight,Dry,20,Goods vehicle,Afternoon,Slight
Fog or mist,Darkness - no lighting,Snow,70,Goods vehicle,Night,Fatal
Normal,Darkness - no lighting,Ice,70,Car,Evening,Serious
Normal,Daylight,Dry,30,Car,Afternoon,Slight
Normal,Daylight,Dry,20,Car,Afternoon,Slight
Normal,Daylight,Wet or damp,30,Other,Afternoon,Slight
Normal,Daylight,Dry,20,Car,Afternoon,Slight
Normal,Daylight,Dry,30,Car,Afternoon,Slight
Normal,Darkness - lights lit,Wet or damp,50,Motorcycle,Night,Fatal
Normal,Darkness - lights lit,Wet or damp,40,Motorcycle,Morning,Serious
Normal,Darkness - lights lit,Wet or damp,20,Car,Night,Slight
Snowing,Daylight,Dry,30,Goods vehicle,Morning,Slight
Normal,Darkness - lights lit,Snow,70,Other,Morning,Slight
Normal,Daylight,Wet or damp,50,Car,Afternoon,Slight
Raining,Daylight,Wet or damp,40,Motorcycle,Afternoon,Serious
,Daylight,Dry,70,Car,Morning,Slight
Normal,Darkness - no lighting,Dry,20,Motorcycle,Morning,Serious
Normal,Darkness - no lighting,,20,Goods vehicle,Afternoon,Slight
Raining,Daylight,Dry,30,Car,Morning,Slight
Normal,Daylight,Dry,30,Car,Afternoon,Slight
Normal,Daylight,Dry,30,Other,Night,Slight
Other,Darkness - lights lit,Wet or damp,50,Bus/Coach,Night,Serious
Unknown,Daylight,Wet or damp,30,Motorcycle,Morning,Slight
Fog or mist,Daylight,Dry,30,Other,Afternoon,Slight
Normal,Daylight,Dry,30,Pedal cycle,Evening,Slight
Unknown,Daylight,Dry,20,Car,Evening,Slight
Normal,Darkness - lights lit,,40,Bus/Coach,Morning,Slight
Normal,Darkness - lights lit,Wet or damp,30,Other,Afternoon,Serious
Fog or mist,Daylight,Dry,30,Goods vehicle,Morning,Slight
Normal,Daylight,Wet or damp,30,Car,Morning,Slight
Raining,Daylight,Dry,20,Motorcycle,Morning,Slight
Normal,Darkness - no lighting,Dry,40,Car,Night,Slight
Normal,Darkness - lights lit,Dry,20,Car,Evening,Slight
Snowing,Daylight,Dry,30,Car,Afternoon,Slight
Normal,Daylight,Dry,50,Bus/Coach,Evening,Slight
Snowing,Daylight,Dry,50,Pedal cycle,Afternoon,Slight
,Daylight,Wet or damp,20,Goods vehicle,Morning,Slight
Other,Darkness - lights lit,Wet or damp,60,Motorcycle,Evening,Serious
Normal,Darkness - lights lit,Dry,60,Car,Afternoon,Slight
Normal,Daylight,Wet or damp,30,Goods vehicle,Morning,Slight
Raining,Daylight,Dry,30,Car,Morning,Slight
Normal,Darkness - lights lit,Snow,30,Motorcycle,Morning,Slight
Normal,Darkness - lights lit,Flood over road,40,Goods vehicle,Afternoon,Serious
Raining,Daylight,Wet or damp,20,Goods vehicle,Morning,Slight
Normal,Daylight,Dry,30,Car,Afternoon,Slight
Normal,Daylight,,30,Car,Afternoon,Slight
Normal,Darkness - lights lit,Wet or damp,30,Pedal cycle,Afternoon,Serious
Raining,Daylight,Wet or damp,30,Bus/Coach,Evening,Slight
,Daylight,Dry,30,Car,Afternoon,Slight
Other,Daylight,Dry,20,Motorcycle,Afternoon,Slight
Raining,Darkness - lights lit,Dry,30,Motorcycle,Afternoon,Slight
Normal,Daylight,Dry,50,Car,Morning,Slight
Snowing,Darkness - lighting unknown,,30,Pedal cycle,Afternoon,Slight
,Darkness - lights lit,Wet or damp,30,Car,Evening,Serious
Snowing,Darkness - lights lit,Dry,20,Car,Afternoon,Serious
Normal,Darkness - lighting unknown,Dry,50,Car,Morning,Slight
Raining,Daylight,Dry,20,Motorcycle,Night,Slight
Normal,Darkness - no lighting,Dry,30,Car,Afternoon,Slight
Normal,Daylight,Wet or damp,40,Motorcycle,Afternoon,Slight
Normal,Darkness - lights lit,Dry,30,Car,Morning,Slight
Raining,Darkness - no lighting,Wet or damp,60,Pedal cycle,Afternoon,Slight
Raining,Daylight,Dry,20,Car,Morning,Slight
Normal,Darkness - lights lit,Dry,50,Car,Morning,Slight
Normal,Daylight,Wet or damp,40,Pedal cycle,Morning,Slight
Normal,Daylight,Dry,20,Car,Morning,Slight
Normal,Daylight,Wet or damp,30,Car,Morning,Slight
Raining,Darkness - lights lit,Dry,30,Other,Afternoon,Slight
Normal,Daylight,Snow,50,Bus/Coach,Evening,Serious
Raining,Daylight,Dry,50,Car,Afternoon,Slight
Unknown,Daylight,Dry,50,Goods vehicle,Afternoon,Slight
Normal,Daylight,Wet or damp,50,Car,Afternoon,Slight
Unknown,Daylight,Dry,20,Car,Morning,Slight
Snowing,Darkness - lights lit,Wet or damp,60,Car,Afternoon,Serious
,Darkness - no lighting,Dry,30,Car,Afternoon,Serious
Normal,Darkness - lights lit,Dry,30,Other,Morning,Slight
Normal,Daylight,Dry,30,Motorcycle,Evening,Slight
Normal,Daylight,Dry,30,Motorcycle,Morning,Slight
Other,Darkness - no lighting,Wet or damp,40,Other,Afternoon,Serious
Normal,Daylight,Snow,50,Goods vehicle,Night,Serious
Normal,Darkness - no lighting,Dry,30,Car,Morning,Slight
Normal,Darkness - lights lit,Wet or damp,30,Car,Morning,Slight
Normal,Daylight,Dry,30,Car,Morning,Slight
Normal,Daylight,Snow,20,Goods vehicle,Morning,Slight
,Darkness - no lighting,Wet or damp,50,Motorcycle,Morning,Serious
Normal,Darkness - no lighting,Dry,30,Bus/Coach,Morning,Slight
Raining,Darkness - lights lit,Snow,30,Car,Morning,Slight
,Daylight,Dry,30,Bus/Coach,Night,Slight
Normal,Darkness - lights lit,,20,Car,Morning,Slight
Raining,Daylight,Dry,60,Goods vehicle,Afternoon,Slight
Normal,Daylight,Dry,20,Car,Morning,Slight
Normal,Daylight,Dry,30,Car,Morning,Slight
Normal,Darkness - lights lit,Flood over road,30,Pedal cycle,Afternoon,Slight
Unknown,Daylight,Dry,20,Car,Afternoon,Slight
Normal,Daylight,,70,Bus/Coach,Afternoon,Slight
Raining,Daylight,Dry,30,Goods vehicle,Morning,Slight
Normal,Daylight,Dry,30,Car,Morning,Slight
Raining,Darkness - lights lit,Dry,20,Car,Afternoon,Slight
Normal,Daylight,Wet or damp,60,Car,Morning,Slight
Snowing,Darkness - lights lit,Dry,20,Car,Morning,Slight
Normal,Daylight,Wet or damp,20,Car,Morning,Slight
Raining,Darkness - lighting unknown,Wet or damp,70,Pedal cycle,Evening,Serious
Normal,Darkness - lights lit,Dry,40,Goods vehicle,Evening,Serious
Normal,Daylight,Dry,20,Pedal cycle,Morning,Slight
Snowing,Daylight,Dry,30,Car,Night,Slight
Normal,Daylight,Dry,40,Pedal cycle,Evening,Slight
Normal,Daylight,Dry,30,Car,Night,Slight
Normal,Daylight,Dry,20,Car,Morning,Slight
Raining,Daylight,Dry,30,Car,Night,Slight
Normal,Darkness - lights lit,Dry,20,Car,Afternoon,Slight
Normal,Daylight,,30,Car,Afternoon,Serious
Normal,Darkness - no lighting,Dry,20,Car,Night,Slight
Raining,Daylight,Wet or damp,30,Car,Afternoon,Slight
Snowing,Darkness - no lighting,Flood over road,30,Motorcycle,Morning,Serious
Normal,Darkness - no lighting,Wet or damp,40,Car,Afternoon,Serious
Normal,Darkness - lights lit,Dry,40,Car,Afternoon,Serious
Raining,Daylight,Wet or damp,30,Car,Evening,Serious
Normal,Daylight,Wet or damp,60,Car,Morning,Slight
Normal,Darkness - lights lit,Wet or damp,30,Car,Morning,Slight
Raining,Daylight,Dry,30,Car,Afternoon,Slight
Normal,Darkness - lights lit,Wet or damp,20,Pedal cycle,Afternoon,Slight
Snowing,Daylight,Wet or damp,20,Car,Afternoon,Slight
Fog or mist,Darkness - lights lit,Wet or damp,40,Other,Afternoon,Serious
Normal,Daylight,Dry,70,Car,Night,Slight
,Darkness - lights lit,Wet or damp,60,Car,Morning,Slight
,Darkness - lighting unknown,Dry,30,Car,Afternoon,Slight
Normal,Daylight,Dry,70,Car,Afternoon,Slight
Fog or mist,Darkness - lighting unknown,Flood over road,60,Bus/Coach,Afternoon,Fatal
Raining,Daylight,Wet or damp,40,Car,Evening,Slight
Normal,Darkness - lights lit,Dry,40,Car,Morning,Slight
Raining,Darkness - lights lit,Dry,60,Car,Night,Serious
Normal,Darkness - no lighting,Dry,30,Bus/Coach,Afternoon,Slight
Normal,Darkness - lights lit,Wet or damp,40,Car,Night,Slight
Normal,Daylight,Dry,20,Car,Morning,Slight
Normal,Daylight,Dry,20,Car,Afternoon,Slight
Fog or mist,Darkness - no lighting,Wet or damp,50,Car,Night,Fatal
Normal,Daylight,Dry,70,Bus/Coach,Evening,Slight
Snowing,Daylight,Snow,20,Car,Afternoon,Slight
Snowing,Darkness - lighting unknown,Dry,30,Car,Evening,Slight
Normal,Daylight,Dry,40,Car,Afternoon,Slight
Normal,Daylight,Dry,20,Car,Night,Slight
Fog or mist,Darkness - lighting unknown,Wet or damp,30,Car,Night,Serious
,Daylight,Dry,30,Goods vehicle,Morning,Slight
,Darkness - no lighting,Flood over road,70,Car,Afternoon,Serious
Normal,Daylight,Snow,20,Car,Morning,Slight
Unknown,Darkness - lights lit,Dry,50,Bus/Coach,Afternoon,Serious
Unknown,Darkness - lights lit,Wet or damp,30,Motorcycle,Afternoon,Serious
Normal,Daylight,Dry,30,Motorcycle,Afternoon,Slight
Normal,Darkness - lights lit,Dry,70,Car,Afternoon,Slight
Normal,Darkness - lights lit,Snow,70,Car,Afternoon,Slight
Normal,Daylight,Wet or damp,60,Car,Morning,Slight
Normal,Daylight,Snow,30,Motorcycle,Afternoon,Slight
Fog or mist,Daylight,Flood over road,30,Bus/Coach,Morning,Slight
Raining,Darkness - lights lit,Wet or damp,20,Other,Night,Slight
Fog or mist,Daylight,Dry,30,Other,Morning,Slight
Normal,Daylight,Dry,20,Bus/Coach,Night,Slight
Fog or mist,Darkness - lights lit,Wet or damp,40,Car,Night,Serious
Fog or mist,Daylight,Wet or damp,20,Car,Afternoon,Slight
Raining,Daylight,Dry,60,Car,Afternoon,Slight
Normal,Daylight,Dry,30,Car,Morning,Slight
Normal,Daylight,Dry,30,Car,Morning,Slight
Unknown,Darkness - lights lit,Dry,20,Bus/Coach,Afternoon,Slight
Fog or mist,Daylight,Dry,40,Other,Afternoon,Slight
Normal,Daylight,Wet or damp,60,Motorcycle,Afternoon,Slight
Normal,Daylight,Dry,30,Car,Afternoon,Slight
Raining,Daylight,Wet or damp,70,Bus/Coach,Morning,Serious
Normal,Daylight,Wet or damp,50,Car,Morning,Slight
Fog or mist,Daylight,Dry,30,Motorcycle,Morning,Slight
Normal,Daylight,Dry,20,Car,Afternoon,Slight
Fog or mist,Daylight,Dry,20,Car,Afternoon,Slight
Normal,Daylight,Wet or damp,60,Other,Afternoon,Slight
Normal,Daylight,Dry,50,Other,Morning,Serious
Raining,Darkness - no lighting,Dry,70,Car,Morning,Slight
Normal,Daylight,Wet or damp,40,Bus/Coach,Morning,Slight
Normal,Daylight,Dry,20,Car,Afternoon,Slight
Other,Daylight,Flood over road,20,Car,Morning,Slight
Normal,Daylight,Ice,40,Car,Afternoon,Serious
Normal,Daylight,Dry,30,Bus/Coach,Afternoon,Slight
Normal,Daylight,Dry,30,Car,Night,Slight
Normal,Daylight,Dry,50,Car,Morning,Slight
Normal,Daylight,Dry,30,Motorcycle,Morning,Slight
Normal,Daylight,Ice,20,Other,Afternoon,Slight
Normal,Daylight,Wet or damp,50,Car,Morning,Slight
Fog or mist,Daylight,Dry,40,Bus/Coach,Afternoon,Slight
Other,Daylight,Wet or damp,30,Motorcycle,Morning,Slight
Raining,Daylight,Dry,20,Car,Afternoon,Slight
,Darkness - lights lit,Wet or damp,20,Car,Afternoon,Slight
Raining,Daylight,Dry,30,Car,Morning,Slight
Normal,Darkness - no lighting,Wet or damp,50,Pedal cycle,Afternoon,Slight
Normal,Daylight,Snow,20,Other,Evening,Serious
Normal,Daylight,Dry,50,Car,Afternoon,Slight
Normal,Daylight,Dry,40,Car,Morning,Slight
Normal,Daylight,Wet or damp,20,Car,Morning,Slight
Normal,Daylight,Wet or damp,20,Car,Morning,Slight
Other,Daylight,Flood over road,30,Car,Morning,Slight
Normal,Daylight,Dry,30,Car,Morning,Slight
Normal,Darkness - no lighting,Wet or damp,40,Car,Afternoon,Serious
Normal,Daylight,Dry,50,Car,Afternoon,Slight
Snowing,Daylight,Dry,60,Bus/Coach,Morning,Slight
Raining,Darkness - lights lit,Dry,30,Motorcycle,Afternoon,Slight
Normal,Darkness - lighting unknown,Wet or damp,30,Car,Morning,Slight
Normal,Daylight,Dry,30,Goods vehicle,Morning,Slight
Raining,Daylight,Dry,30,Other,Morning,Slight
Normal,Daylight,Dry,20,Other,Night,Slight
Normal,Daylight,Wet or damp,30,Car,Afternoon,Slight
Normal,Darkness - no lighting,Snow,30,Motorcycle,Night,Slight
Normal,Daylight,Wet or damp,40,Car,Night,Slight
,Daylight,Dry,30,Car,Afternoon,Slight
Normal,Darkness - no lighting,Dry,30,Car,Afternoon,Serious
Raining,Daylight,Dry,30,Car,Morning,Slight
Normal,Darkness - lights lit,Dry,40,Motorcycle,Night,Slight
Normal,Daylight,Flood over road,20,Car,Morning,Slight
Normal,Daylight,Dry,30,Car,Morning,Slight
Other,Daylight,Wet or damp,30,Pedal cycle,Afternoon,Slight
Normal,Darkness - lights lit,Dry,20,Car,Afternoon,Slight
Normal,Daylight,,50,Car,Morning,Slight
Raining,Daylight,Ice,40,Motorcycle,Night,Serious
Normal,Daylight,Wet or damp,20,Car,Afternoon,Serious
Fog or mist,Darkness - lights lit,Wet or damp,20,Car,Morning,Serious
Normal,Darkness - lights lit,Dry,20,Car,Afternoon,Slight
Snowing,Darkness - lights lit,,40,Other,Evening,Serious
Normal,Daylight,Dry,20,Car,Night,Slight
Normal,Darkness - lights lit,Dry,20,Car,Afternoon,Slight
Normal,Darkness - lights lit,Dry,40,Car,Afternoon,Slight
Normal,Daylight,Dry,20,Goods vehicle,Morning,Slight
Normal,Darkness - lights lit,,60,Other,Afternoon,Slight
Raining,Daylight,Dry,60,Other,Night,Slight
Normal,Daylight,Dry,30,Car,Afternoon,Slight
Raining,Darkness - lights lit,Dry,20,Bus/Coach,Afternoon,Slight
Normal,Daylight,Dry,50,Pedal cycle,Afternoon,Slight
Raining,Daylight,Dry,60,Bus/Coach,Night,Slight
Normal,Darkness - lights lit,Dry,40,Car,Evening,Slight
Normal,Daylight,,30,Car,Evening,Slight
,Daylight,Snow,20,Car,Evening,Slight
Normal,Daylight,Wet or damp,30,Goods vehicle,Evening,Slight
Raining,Daylight,Dry,30,Pedal cycle,Afternoon,Slight
Normal,Daylight,Dry,30,Car,Afternoon,Slight
Normal,Darkness - lights lit,Ice,30,Car,Night,Slight
Normal,Daylight,Dry,20,Car,Night,Slight
Normal,Darkness - lights lit,Wet or damp,50,Other,Afternoon,Slight
Fog or mist,Daylight,Snow,60,Pedal cycle,Evening,Fatal
Normal,Daylight,Dry,30,Goods vehicle,Morning,Slight
Normal,Daylight,Dry,20,Car,Morning,Slight
Normal,Daylight,Dry,30,Goods vehicle,Afternoon,Slight
Normal,Daylight,Dry,50,Pedal cycle,Evening,Slight
Snowing,Darkness - lights lit,Wet or damp,60,Bus/Coach,Afternoon,Serious
Snowing,Daylight,Dry,70,Bus/Coach,Night,Slight
Normal,Darkness - lights lit,Dry,30,Car,Morning,Slight
Normal,Daylight,Wet or damp,20,Car,Afternoon,Slight
Fog or mist,Daylight,Wet or damp,30,Motorcycle,Morning,Slight
Normal,Daylight,Dry,50,Bus/Coach,Afternoon,Slight
Normal,Darkness - lighting unknown,Dry,20,Car,Afternoon,Slight
Normal,Darkness - lights lit,Wet or damp,30,Car,Morning,Slight
Fog or mist,Daylight,Dry,40,Car,Evening,Serious
Raining,Daylight,Ice,20,Other,Night,Fatal
Normal,Daylight,Wet or damp,40,Car,Night,Serious
Raining,Daylight,Snow,50,Motorcycle,Night,Serious
Normal,Daylight,Wet or damp,30,Car,Morning,Slight
Normal,Daylight,Dry,20,Goods vehicle,Afternoon,Slight
Normal,Daylight,Dry,20,Car,Evening,Slight
Normal,Darkness - lights lit,Flood over road,20,Bus/Coach,Night,Serious
Raining,Darkness - lights lit,Wet or damp,70,Pedal cycle,Night,Fatal
Raining,Daylight,Wet or damp,30,Car,Morning,Slight
Normal,Daylight,Wet or damp,30,Pedal cycle,Morning,Slight
Normal,Darkness - no lighting,Dry,30,Bus/Coach,Morning,Slight
Fog or mist,Darkness - lights lit,Dry,50,Car,Night,Fatal
Normal,Darkness - no lighting,Snow,30,Motorcycle,Evening,Fatal
Normal,Darkness - lights lit,Dry,50,Motorcycle,Evening,Slight
Snowing,Darkness - lights lit,Dry,30,Pedal cycle,Afternoon,Slight
Snowing,Darkness - lights lit,Dry,30,Other,Afternoon,Serious
Raining,Darkness - lights lit,,20,Car,Morning,Slight
Normal,Darkness - lights lit,Wet or damp,30,Car,Afternoon,Slight
Normal,Darkness - lights lit,Dry,50,Car,Morning,Slight
,Darkness - no lighting,Snow,50,Goods vehicle,Morning,Fatal
Normal,Darkness - no lighting,Dry,20,Car,Morning,Slight
Normal,Daylight,Dry,30,Pedal cycle,Afternoon,Slight
Normal,Daylight,Wet or damp,20,Goods vehicle,Afternoon,Slight
Other,Darkness - lights lit,Wet or damp,30,Car,Afternoon,Slight
Normal,Daylight,Dry,30,Bus/Coach,Night,Slight
Normal,Daylight,Snow,30,Bus/Coach,Afternoon,Slight
Normal,Darkness - lighting unknown,Dry,30,Other,Morning,Slight
Other,Darkness - no lighting,Dry,40,Car,Night,Serious
Raining,Darkness - lights lit,Dry,50,Goods vehicle,Night,Serious
Raining,Darkness - lights lit,Dry,30,Pedal cycle,Afternoon,Slight
Normal,Daylight,Dry,20,Car,Afternoon,Slight
Raining,Daylight,Dry,20,Car,Afternoon,Slight
Snowing,Daylight,Wet or damp,30,Other,Night,Serious
Normal,Darkness - lights lit,Wet or damp,30,Other,Afternoon,Slight
Raining,Daylight,Wet or damp,20,Car,Morning,Slight
Normal,Darkness - lighting unknown,,40,Car,Evening,Slight
Normal,Daylight,Dry,30,Car,Night,Slight
Unknown,Darkness - lights lit,Flood over road,60,Car,Afternoon,Serious
Normal,Daylight,Dry,40,Car,Morning,Slight
Raining,Darkness - lighting unknown,Dry,30,Car,Morning,Slight
,Darkness - lighting unknown,Dry,20,Car,Afternoon,Slight
Normal,Daylight,Dry,20,Car,Morning,Slight
Normal,Darkness - lights lit,Dry,30,Car,Afternoon,Slight
Normal,Darkness - lights lit,Wet or damp,40,Car,Afternoon,Slight
Normal,Daylight,Dry,50,Motorcycle,Morning,Slight
Normal,Darkness - no lighting,Dry,70,Car,Afternoon,Slight
Normal,Daylight,Dry,30,Bus/Coach,Afternoon,Slight
Normal,Daylight,Dry,40,Other,Morning,Slight
Normal,Daylight,Dry,30,Car,Afternoon,Slight
Unknown,Daylight,Wet or damp,40,Car,Evening,Serious
Normal,Darkness - lighting unknown,Wet or damp,40,Bus/Coach,Morning,Slight
Normal,Darkness - lights lit,Dry,20,Car,Morning,Slight
Normal,Darkness - lights lit,Dry,30,Car,Afternoon,Slight
Raining,Daylight,Dry,30,Car,Morning,Slight
Normal,Daylight,Dry,20,Bus/Coach,Afternoon,Slight
Raining,Daylight,Wet or damp,30,Motorcycle,Evening,Slight
Raining,Darkness - no lighting,Wet or damp,40,Car,Morning,Serious
Normal,Daylight,Snow,20,Car,Evening,Serious
Raining,Daylight,Dry,40,Car,Afternoon,Slight
Raining,Darkness - lights lit,Dry,50,Car,Evening,Serious
Raining,Daylight,Snow,30,Goods vehicle,Evening,Serious
Fog or mist,Daylight,Flood over road,20,Car,Morning,Slight
,Daylight,Wet or damp,20,Car,Afternoon,Slight
Normal,Daylight,Dry,40,Bus/Coach,Afternoon,Slight
Normal,Daylight,Dry,20,Goods vehicle,Afternoon,Slight
Normal,Darkness - no lighting,Dry,40,Other,Afternoon,Slight
Snowing,Darkness - lights lit,Wet or damp,50,Car,Night,Fatal
Raining,Daylight,Dry,70,Car,Afternoon,Slight
Normal,Daylight,Dry,40,Motorcycle,Afternoon,Slight
Normal,Darkness - lights lit,Wet or damp,50,Bus/Coach,Afternoon,Slight
Raining,Darkness - no lighting,Wet or damp,70,Goods vehicle,Night,Fatal
Raining,Darkness - lights lit,Dry,20,Car,Morning,Slight
Normal,Daylight,Dry,20,Car,Night,Slight
Normal,Daylight,Dry,60,Car,Morning,Slight
Raining,Daylight,Wet or damp,20,Other,Evening,Fatal
Unknown,Darkness - lights lit,Dry,20,Motorcycle,Afternoon,Serious
Normal,Darkness - no lighting,Dry,30,Goods vehicle,Morning,Slight
Normal,Daylight,Dry,30,Car,Night,Slight
Normal,Daylight,Dry,30,Pedal cycle,Morning,Slight
Normal,Daylight,Dry,30,Car,Afternoon,Slight
Normal,Daylight,Flood over road,30,Bus/Coach,Morning,Slight
Normal,Daylight,,30,Goods vehicle,Afternoon,Slight
,Darkness - lights lit,Wet or damp,20,Goods vehicle,Morning,Slight
Normal,Darkness - lights lit,Snow,60,Car,Night,Slight
Normal,Daylight,Dry,30,Car,Night,Slight
Normal,Darkness - no lighting,Dry,30,Motorcycle,Afternoon,Slight
Normal,Darkness - lights lit,Dry,30,Car,Afternoon,Slight
Fog or mist,Darkness - lights lit,Dry,60,Car,Afternoon,Slight
Normal,Darkness - lights lit,Dry,30,Bus/Coach,Night,Slight
Raining,Darkness - lights lit,Wet or damp,40,Other,Night,Serious
Normal,Darkness - no lighting,Flood over road,40,Motorcycle,Evening,Serious
Unknown,Daylight,Wet or damp,40,Car,Evening,Slight
Normal,Daylight,Dry,40,Pedal cycle,Morning,Slight
Normal,Daylight,Ice,30,Motorcycle,Afternoon,Slight
Raining,Daylight,Dry,50,Bus/Coach,Afternoon,Slight
Unknown,Darkness - lights lit,Dry,40,Goods vehicle,Morning,Serious
Normal,Darkness - lights lit,Dry,30,Car,Afternoon,Slight
Normal,Daylight,Dry,30,Motorcycle,Morning,Slight
Normal,Daylight,,40,Car,Morning,Slight
Snowing,Darkness - lights lit,Wet or damp,30,Motorcycle,Morning,Serious
,Daylight,Dry,30,Car,Morning,Slight
Normal,Darkness - lights lit,Dry,30,Car,Night,Slight
Normal,Daylight,Snow,70,Car,Afternoon,Slight
Normal,Daylight,Wet or damp,40,Car,Afternoon,Slight
Normal,Daylight,Dry,20,Car,Evening,Slight
Normal,Daylight,Dry,70,Goods vehicle,Morning,Slight
Normal,Darkness - lighting unknown,Dry,20,Car,Evening,Slight
Raining,Daylight,Snow,20,Pedal cycle,Afternoon,Slight
Other,Darkness - lighting unknown,Dry,20,Car,Afternoon,Slight
Normal,Daylight,Wet or damp,40,Car,Afternoon,Slight
Normal,Daylight,Dry,20,Car,Afternoon,Slight
Normal,Daylight,Ice,20,Goods vehicle,Afternoon,Slight
Normal,Daylight,Snow,30,Car,Afternoon,Slight
Raining,Daylight,Wet or damp,40,Car,Morning,Slight
Normal,Darkness - lighting unknown,Wet or damp,20,Goods vehicle,Morning,Slight
Raining,Darkness - lights lit,Dry,20,Car,Morning,Slight
Normal,Daylight,Snow,30,Car,Evening,Slight
Fog or mist,Daylight,Dry,30,Motorcycle,Afternoon,Slight
Normal,Daylight,Dry,30,Motorcycle,Afternoon,Slight
Normal,Daylight,Dry,30,Goods vehicle,Morning,Slight
Unknown,Daylight,Dry,30,Bus/Coach,Morning,Slight
Normal,Daylight,Dry,40,Motorcycle,Morning,Slight
Normal,Darkness - lights lit,Dry,30,Car,Morning,Slight
Raining,Daylight,,40,Goods vehicle,Morning,Slight
Other,Darkness - lights lit,Wet or damp,20,Car,Afternoon,Slight
,Daylight,Dry,20,Car,Morning,Slight
Normal,Daylight,Wet or damp,30,Car,Afternoon,Slight
Normal,Darkness - lights lit,Wet or damp,40,Goods vehicle,Night,Serious
,Daylight,Flood over road,40,Car,Evening,Serious
Normal,Darkness - lights lit,Dry,20,Car,Afternoon,Slight
Normal,Daylight,Wet or damp,20,Goods vehicle,Morning,Slight
Normal,Daylight,Wet or damp,20,Car,Morning,Slight
Normal,Daylight,Dry,30,Car,Morning,Slight
Normal,Darkness - lights lit,Wet or damp,50,Car,Night,Slight
Unknown,Daylight,Dry,30,Car,Evening,Slight
Unknown,Daylight,Dry,20,Other,Afternoon,Slight
Normal,Daylight,Snow,20,Car,Morning,Slight
Normal,Daylight,Dry,30,Car,Morning,Slight
,Darkness - lights lit,Ice,60,Car,Evening,Fatal
Normal,Daylight,Wet or damp,30,Motorcycle,Morning,Slight
Normal,Daylight,Wet or damp,40,Car,Afternoon,Slight
Raining,Daylight,Wet or damp,30,Pedal cycle,Evening,Serious
Normal,Daylight,Snow,20,Car,Night,Slight
Normal,Daylight,Dry,20,Car,Afternoon,Slight
Normal,Daylight,Wet or damp,60,Car,Night,Serious
Fog or mist,Daylight,Dry,30,Bus/Coach,Morning,Slight
Normal,Darkness - lights lit,Wet or damp,30,Car,Morning,Slight
Snowing,Darkness - lights lit,Wet or damp,70,Pedal cycle,Evening,Serious
Normal,Daylight,Dry,30,Car,Afternoon,Slight
Normal,Darkness - lights lit,Dry,20,Car,Evening,Slight
Normal,Darkness - no lighting,Dry,70,Car,Morning,Slight
Normal,Daylight,Wet or damp,50,Car,Afternoon,Slight
Normal,Daylight,Dry,40,Car,Morning,Slight
Normal,Daylight,Wet or damp,30,Car,Afternoon,Slight
Raining,Daylight,Dry,50,Bus/Coach,Morning,Slight
Snowing,Daylight,Dry,40,Motorcycle,Afternoon,Slight
Normal,Darkness - lights lit,Dry,30,Car,Afternoon,Slight
Normal,Darkness - lights lit,Flood over road,40,Car,Evening,Serious
Fog or mist,Darkness - no lighting,Wet or damp,70,Motorcycle,Night,Fatal
Normal,Daylight,Dry,40,Other,Afternoon,Slight
,Darkness - no lighting,Ice,50,Motorcycle,Evening,Serious
Normal,Darkness - lights lit,Ice,30,Bus/Coach,Afternoon,Slight
Normal,Darkness - lights lit,Dry,20,Goods vehicle,Afternoon,Slight
Normal,Daylight,Flood over road,30,Pedal cycle,Night,Serious
Normal,Daylight,Wet or damp,30,Car,Afternoon,Slight
Snowing,Darkness - lights lit,Flood over road,30,Bus/Coach,Morning,Slight
Normal,Darkness - no lighting,Wet or damp,60,Goods vehicle,Evening,Slight
Raining,Daylight,Dry,20,Motorcycle,Morning,Slight
Normal,Darkness - no lighting,Wet or damp,30,Car,Morning,Slight
Normal,Darkness - lighting unknown,Dry,20,Car,Afternoon,Slight
Normal,Darkness - lighting unknown,Dry,20,Car,Afternoon,Slight
Normal,Daylight,,20,Car,Afternoon,Slight
Normal,Daylight,Dry,30,Car,Morning,Slight
Fog or mist,Darkness - lights lit,Wet or damp,50,Other,Afternoon,Slight
Normal,Daylight,Dry,70,Car,Afternoon,Slight
Normal,Daylight,Dry,30,Bus/Coach,Evening,Slight
,Darkness - no lighting,Wet or damp,40,Goods vehicle,Afternoon,Serious
Normal,Darkness - lights lit,Dry,30,Motorcycle,Afternoon,Slight
Raining,Daylight,Wet or damp,40,Goods vehicle,Morning,Serious
Raining,Daylight,Wet or damp,50,Bus/Coach,Afternoon,Slight
Unknown,Daylight,Dry,20,Motorcycle,Night,Slight
Normal,Darkness - lights lit,Snow,20,Car,Afternoon,Slight
Snowing,Daylight,Dry,20,Car,Morning,Slight
Raining,Daylight,,30,Motorcycle,Morning,Slight
Normal,Daylight,Wet or damp,40,Motorcycle,Afternoon,Slight
Raining,Darkness - lighting unknown,Ice,20,Car,Evening,Serious
Normal,Darkness - lights lit,Dry,20,Car,Afternoon,Slight
Normal,Daylight,Dry,20,Bus/Coach,Morning,Slight
Raining,Darkness - lights lit,Dry,30,Bus/Coach,Afternoon,Slight
Normal,Daylight,Dry,40,Car,Morning,Slight
Normal,Daylight,Dry,30,Car,Morning,Slight
Normal,Daylight,Dry,20,Car,Morning,Slight
Normal,Daylight,Dry,30,Goods vehicle,Morning,Slight
Normal,Darkness - lights lit,Dry,30,Car,Morning,Slight
Raining,Darkness - no lighting,Wet or damp,40,Car,Evening,Serious
Normal,Daylight,Wet or damp,30,Motorcycle,Morning,Slight
Normal,Darkness - lights lit,Ice,20,Car,Afternoon,Slight
,Daylight,Flood over road,60,Car,Night,Serious
Normal,Daylight,Wet or damp,30,Car,Night,Slight
Raining,Daylight,Dry,20,Goods vehicle,Afternoon,Slight
Normal,Darkness - lights lit,Dry,20,Car,Evening,Slight
Normal,Darkness - no lighting,Wet or damp,20,Other,Afternoon,Slight
Normal,Daylight,Wet or damp,20,Car,Morning,Slight
Normal,Daylight,Dry,40,Car,Morning,Slight
Normal,Darkness - lighting unknown,Wet or damp,20,Car,Afternoon,Slight
Normal,Darkness - lights lit,Wet or damp,30,Goods vehicle,Afternoon,Slight
Other,Daylight,Dry,50,Bus/Coach,Night,Slight
Normal,Daylight,Dry,20,Car,Morning,Slight
Normal,Daylight,Dry,20,Pedal cycle,Morning,Slight
Raining,Daylight,Wet or damp,30,Pedal cycle,Morning,Slight
Fog or mist,Darkness - no lighting,Snow,60,Car,Evening,Fatal
Snowing,Darkness - no lighting,Ice,60,Car,Night,Fatal
Normal,Darkness - lighting unknown,Dry,30,Car,Afternoon,Slight
Normal,Darkness - lights lit,Dry,40,Car,Night,Slight
Normal,Daylight,Wet or damp,50,Car,Afternoon,Slight
Other,Darkness - no lighting,Flood over road,50,Pedal cycle,Morning,Slight
Snowing,Darkness - lighting unknown,Wet or damp,20,Motorcycle,Evening,Serious
Normal,Daylight,Dry,30,Car,Night,Slight
Normal,Darkness - lights lit,Wet or damp,20,Car,Afternoon,Slight
,Daylight,Dry,70,Car,Afternoon,Slight
Normal,Daylight,Dry,30,Car,Afternoon,Slight
Normal,Darkness - lights lit,Dry,20,Motorcycle,Afternoon,Slight
Normal,Darkness - lights lit,Dry,20,Car,Evening,Slight
Normal,Daylight,Dry,30,Goods vehicle,Afternoon,Slight
Fog or mist,Daylight,Dry,20,Motorcycle,Afternoon,Slight
Unknown,Darkness - lights lit,Wet or damp,30,Car,Morning,Slight
Raining,Daylight,Wet or damp,20,Car,Afternoon,Slight
Snowing,Darkness - lighting unknown,Dry,20,Car,Afternoon,Slight
Raining,Daylight,Dry,40,Car,Afternoon,Slight
Normal,Daylight,Dry,60,Pedal cycle,Evening,Slight
Raining,Daylight,Dry,30,Car,Morning,Slight
Other,Daylight,Snow,20,Car,Afternoon,Slight
Normal,Daylight,Dry,30,Bus/Coach,Afternoon,Slight
Snowing,Daylight,Wet or damp,40,Other,Afternoon,Slight
Normal,Daylight,Dry,30,Goods vehicle,Morning,Slight
Fog or mist,Darkness - lights lit,Wet or damp,40,Other,Morning,Serious
Normal,Darkness - no lighting,Wet or damp,30,Car,Morning,Slight
Snowing,Darkness - lights lit,Wet or damp,30,Car,Morning,Slight
Normal,Darkness - lights lit,Dry,40,Motorcycle,Afternoon,Slight
Normal,Daylight,Wet or damp,20,Goods vehicle,Afternoon,Slight
Raining,Daylight,Wet or damp,20,Car,Morning,Slight
Raining,Darkness - lights lit,Snow,20,Car,Afternoon,Slight
Normal,Daylight,Dry,30,Car,Afternoon,Slight
Normal,Darkness - lighting unknown,Wet or damp,70,Car,Evening,Serious
Raining,Daylight,Dry,60,Car,Morning,Slight
Normal,Daylight,Dry,70,Bus/Coach,Morning,Slight
Unknown,Darkness - lights lit,Snow,30,Bus/Coach,Afternoon,Slight
Normal,Daylight,Dry,50,Goods vehicle,Evening,Slight
Raining,Darkness - lights lit,Ice,40,Car,Evening,Serious
,Daylight,Dry,70,Bus/Coach,Afternoon,Slight
Raining,Darkness - lights lit,Dry,70,Car,Night,Slight
Normal,Daylight,Dry,30,Other,Night,Slight
Raining,Darkness - lighting unknown,Snow,70,Car,Night,Fatal
Other,Darkness - no lighting,Ice,40,Goods vehicle,Night,Fatal
Normal,Daylight,Wet or damp,20,Car,Morning,Slight
Raining,Daylight,Dry,30,Car,Evening,Slight
Normal,Darkness - lights lit,Dry,50,Car,Afternoon,Slight
Normal,Daylight,Wet or damp,70,Car,Evening,Slight
Other,Darkness - lights lit,Dry,40,Car,Morning,Slight
Fog or mist,Darkness - no lighting,Wet or damp,70,Goods vehicle,Morning,Slight
,Daylight,Dry,30,Goods vehicle,Evening,Slight
Fog or mist,Daylight,Wet or damp,30,Car,Night,Slight
Normal,Daylight,Dry,70,Car,Evening,Slight
Normal,Daylight,Wet or damp,20,Car,Morning,Slight
Raining,Daylight,Dry,20,Car,Afternoon,Slight
Normal,Daylight,Dry,50,Bus/Coach,Afternoon,Slight
Raining,Darkness - lights lit,Dry,40,Bus/Coach,Afternoon,Slight
Raining,Daylight,Wet or damp,50,Goods vehicle,Afternoon,Slight
Normal,Darkness - lights lit,Wet or damp,30,Car,Night,Slight
Raining,Darkness - no lighting,Ice,70,Other,Afternoon,Fatal
Normal,Darkness - lights lit,Wet or damp,70,Car,Evening,Slight
Normal,Daylight,Wet or damp,70,Car,Morning,Slight
Raining,Darkness - lighting unknown,Dry,20,Motorcycle,Morning,Serious
,Daylight,Dry,70,Car,Afternoon,Slight
,Darkness - lights lit,Snow,60,Pedal cycle,Evening,Serious
Raining,Daylight,Ice,40,Other,Morning,Serious
Fog or mist,Daylight,Snow,70,Goods vehicle,Afternoon,Slight
Snowing,Darkness - lights lit,Dry,70,Motorcycle,Night,Slight
Normal,Daylight,Dry,40,Car,Night,Slight
Normal,Daylight,Dry,20,Car,Afternoon,Slight
Normal,Darkness - lights lit,Dry,30,Car,Morning,Slight
Normal,Darkness - lights lit,Snow,20,Other,Morning,Slight
Normal,Daylight,Dry,30,Goods vehicle,Afternoon,Slight
Raining,Darkness - no lighting,Dry,30,Car,Afternoon,Slight
Normal,Daylight,Dry,30,Car,Afternoon,Slight
Normal,Darkness - no lighting,Dry,20,Car,Evening,Slight
Normal,Daylight,Dry,30,Other,Afternoon,Slight
Normal,Daylight,Wet or damp,30,Other,Afternoon,Slight
Normal,Daylight,Dry,30,Bus/Coach,Afternoon,Slight
Normal,Daylight,Snow,30,Bus/Coach,Morning,Slight
Raining,Darkness - no lighting,Dry,30,Motorcycle,Morning,Slight
Fog or mist,Daylight,Flood over road,20,Bus/Coach,Afternoon,Slight
Other,Daylight,Wet or damp,30,Car,Night,Slight
Raining,Daylight,Wet or damp,30,Car,Afternoon,Slight
Normal,Daylight,Dry,20,Car,Afternoon,Slight
Normal,Daylight,Wet or damp,30,Goods vehicle,Afternoon,Slight
Normal,Daylight,Wet or damp,50,Car,Morning,Slight
Normal,Darkness - lights lit,Dry,30,Car,Morning,Slight
Snowing,Daylight,Wet or damp,20,Car,Morning,Slight
Raining,Daylight,Dry,20,Car,Afternoon,Slight
Raining,Daylight,Dry,20,Bus/Coach,Afternoon,Slight
Normal,Daylight,Dry,20,Car,Afternoon,Slight
Normal,Darkness - lights lit,Dry,60,Car,Afternoon,Slight
Normal,Daylight,Dry,60,Car,Night,Slight
Normal,Daylight,Wet or damp,30,Pedal cycle,Morning,Slight
Normal,Daylight,Dry,30,Car,Morning,Slight
Normal,Daylight,Dry,20,Other,Night,Slight
Unknown,Daylight,Dry,20,Pedal cycle,Afternoon,Slight
,Darkness - lights lit,,30,Car,Morning,Serious
,Daylight,Dry,30,Car,Afternoon,Slight
,Daylight,Dry,50,Car,Afternoon,Slight
Raining,Darkness - no lighting,Dry,20,Goods vehicle,Afternoon,Slight
Normal,Darkness - lights lit,Dry,20,Car,Morning,Slight
Normal,Daylight,Dry,60,Car,Afternoon,Slight
Normal,Daylight,Dry,20,Other,Afternoon,Slight
Normal,Daylight,Dry,30,Car,Morning,Slight
Normal,Darkness - lights lit,Dry,20,Car,Night,Slight
Raining,Darkness - lighting unknown,Wet or damp,70,Car,Afternoon,Serious
Normal,Daylight,Dry,30,Car,Morning,Slight
,Darkness - lighting unknown,Snow,50,Motorcycle,Morning,Serious
Normal,Darkness - lights lit,Dry,60,Car,Afternoon,Slight
Normal,Darkness - lighting unknown,Dry,20,Car,Morning,Slight
Normal,Daylight,Dry,20,Goods vehicle,Afternoon,Slight
Normal,Daylight,Wet or damp,40,Pedal cycle,Morning,Slight
Normal,Daylight,Dry,20,Bus/Coach,Afternoon,Slight
Normal,Darkness - lighting unknown,Flood over road,70,Goods vehicle,Night,Serious
Normal,Daylight,Wet or damp,70,Car,Morning,Slight
Unknown,Daylight,Dry,30,Car,Morning,Slight
Snowing,Daylight,Dry,40,Other,Night,Slight
Other,Daylight,Wet or damp,30,Car,Afternoon,Slight
,Daylight,Dry,20,Car,Night,Slight
Other,Daylight,Dry,30,Car,Morning,Slight
Normal,Daylight,Dry,30,Bus/Coach,Afternoon,Slight
Normal,Darkness - no lighting,Snow,30,Car,Afternoon,Slight
Unknown,Darkness - lighting unknown,Wet or damp,20,Other,Afternoon,Slight
Raining,Darkness - lights lit,Wet or damp,30,Car,Night,Serious
Normal,Daylight,Dry,70,Car,Morning,Slight
Fog or mist,Daylight,Snow,50,Goods vehicle,Afternoon,Serious
Normal,Darkness - lights lit,Wet or damp,60,Pedal cycle,Night,Fatal
,Daylight,Ice,30,Motorcycle,Afternoon,Slight
Normal,Daylight,Wet or damp,40,Bus/Coach,Night,Slight
,Darkness - lighting unknown,Dry,40,Motorcycle,Afternoon,Serious
Snowing,Darkness - no lighting,Flood over road,30,Goods vehicle,Evening,Serious
Normal,Darkness - lights lit,Dry,50,Car,Morning,Slight
Normal,Darkness - lighting unknown,Dry,70,Other,Night,Slight
Other,Daylight,Dry,20,Pedal cycle,Morning,Slight
Normal,Daylight,Dry,50,Car,Night,Slight
Other,Daylight,Dry,30,Car,Evening,Slight
Raining,Darkness - lights lit,Dry,30,Car,Afternoon,Slight
Unknown,Daylight,Dry,20,Car,Evening,Slight
Snowing,Darkness - no lighting,Wet or damp,20,Car,Night,Serious
Normal,Daylight,Dry,70,Car,Afternoon,Slight
Normal,Darkness - lights lit,Dry,40,Bus/Coach,Afternoon,Slight
Normal,Daylight,,30,Car,Night,Slight
Snowing,Darkness - lights lit,Dry,30,Car,Afternoon,Slight
Snowing,Daylight,Wet or damp,70,Motorcycle,Evening,Serious
Normal,Daylight,Wet or damp,30,Car,Afternoon,Slight
Normal,Daylight,Dry,30,Car,Afternoon,Slight
Normal,Daylight,Dry,30,Car,Night,Slight
Normal,Darkness - no lighting,Dry,50,Car,Afternoon,Slight
Normal,Daylight,Dry,30,Pedal cycle,Morning,Slight
Normal,Daylight,Wet or damp,30,Car,Afternoon,Slight
Raining,Darkness - lights lit,Dry,30,Car,Afternoon,Serious
,Daylight,Dry,40,Bus/Coach,Afternoon,Serious
Normal,Daylight,Dry,20,Car,Morning,Slight
Raining,Darkness - lights lit,Dry,50,Car,Evening,Slight
Normal,Daylight,Dry,70,Car,Morning,Slight
Normal,Daylight,Dry,20,Goods vehicle,Morning,Slight
Normal,Darkness - lighting unknown,Dry,20,Other,Morning,Slight
Normal,Darkness - no lighting,Flood over road,50,Car,Afternoon,Slight
Snowing,Darkness - no lighting,Dry,30,Car,Afternoon,Slight
Normal,Daylight,Dry,50,Goods vehicle,Night,Slight
Normal,Daylight,Flood over road,30,Motorcycle,Afternoon,Slight
Normal,Daylight,Wet or damp,60,Bus/Coach,Afternoon,Serious
Raining,Darkness - lights lit,Dry,20,Pedal cycle,Afternoon,Slight
Normal,Daylight,Wet or damp,20,Car,Afternoon,Slight
Normal,Daylight,Snow,30,Car,Morning,Slight
Normal,Darkness - no lighting,Snow,70,Goods vehicle,Night,Fatal
Snowing,Daylight,Snow,30,Motorcycle,Morning,Slight
Normal,Daylight,Dry,20,Car,Morning,Slight
Normal,Darkness - no lighting,Dry,40,Motorcycle,Night,Serious
Raining,Darkness - no lighting,Dry,40,Car,Afternoon,Serious
Raining,Daylight,Wet or damp,30,Car,Afternoon,Slight
Other,Darkness - lights lit,Snow,50,Car,Morning,Serious
Normal,Daylight,,30,Bus/Coach,Afternoon,Slight
Normal,Daylight,Wet or damp,70,Car,Evening,Slight
Normal,Daylight,Dry,20,Car,Morning,Slight
Normal,Daylight,Dry,40,Bus/Coach,Afternoon,Slight
Normal,Darkness - lights lit,Dry,20,Car,Afternoon,Slight
Normal,Daylight,Dry,60,Car,Afternoon,Slight
Normal,Daylight,Dry,20,Car,Evening,Slight
Normal,Daylight,Ice,20,Goods vehicle,Afternoon,Slight
Normal,Daylight,Dry,20,Car,Afternoon,Slight
Snowing,Darkness - lights lit,Dry,70,Car,Morning,Slight
Normal,Daylight,Dry,20,Car,Evening,Slight
Raining,Darkness - lights lit,Wet or damp,30,Motorcycle,Evening,Serious
Normal,Darkness - lighting unknown,Wet or damp,20,Motorcycle,Night,Slight
Normal,Daylight,Dry,50,Car,Morning,Slight
Normal,Daylight,Wet or damp,20,Motorcycle,Afternoon,Slight
Normal,Daylight,Dry,30,Motorcycle,Night,Slight
Normal,Daylight,Dry,30,Car,Morning,Slight
Normal,Daylight,,20,Goods vehicle,Night,Slight
Normal,Daylight,Dry,30,Car,Afternoon,Slight
Normal,Darkness - lights lit,Dry,30,Car,Afternoon,Slight
Normal,Daylight,Dry,30,Bus/Coach,Morning,Slight
Normal,Daylight,,50,Motorcycle,Evening,Slight
Other,Daylight,Ice,20,Car,Afternoon,Slight
Raining,Darkness - lights lit,Snow,60,Motorcycle,Night,Fatal
Fog or mist,Darkness - lights lit,,50,Motorcycle,Afternoon,Fatal
Normal,Darkness - lights lit,Snow,20,Other,Afternoon,Slight
Normal,Daylight,Dry,30,Car,Afternoon,Slight
Normal,Daylight,Dry,30,Car,Evening,Slight
Normal,Daylight,Dry,20,Motorcycle,Evening,Slight
Normal,Darkness - lights lit,Dry,60,Car,Afternoon,Slight
Normal,Darkness - lights lit,Dry,20,Motorcycle,Afternoon,Slight
Unknown,Darkness - lights lit,Dry,30,Car,Afternoon,Slight
Normal,Darkness - no lighting,Wet or damp,40,Other,Evening,Serious
Normal,Daylight,Dry,60,Motorcycle,Evening,Slight
Normal,Darkness - lighting unknown,Dry,20,Car,Morning,Slight
Snowing,Darkness - lighting unknown,Dry,40,Goods vehicle,Afternoon,Slight
Normal,Daylight,Dry,30,Car,Morning,Slight
Normal,Daylight,Wet or damp,20,Goods vehicle,Night,Slight
Raining,Darkness - no lighting,Dry,70,Bus/Coach,Afternoon,Slight
Normal,Daylight,Dry,40,Car,Morning,Slight
Normal,Daylight,Dry,30,Car,Morning,Slight
Snowing,Darkness - no lighting,Dry,50,Motorcycle,Night,Serious
Normal,Darkness - lights lit,Dry,20,Motorcycle,Morning,Slight
Raining,Daylight,Dry,60,Car,Morning,Slight
Normal,Daylight,Dry,30,Car,Afternoon,Slight
Snowing,Darkness - lights lit,,50,Car,Morning,Serious
Normal,Daylight,Ice,70,Car,Afternoon,Serious
Raining,Daylight,,70,Car,Night,Slight
Raining,Darkness - no lighting,Wet or damp,70,Goods vehicle,Evening,Fatal
Raining,Daylight,Dry,20,Car,Night,Slight
Raining,Darkness - lights lit,Dry,30,Motorcycle,Afternoon,Serious
Other,Daylight,Dry,20,Other,Afternoon,Slight
Raining,Darkness - lights lit,Wet or damp,30,Bus/Coach,Night,Serious
Normal,Darkness - lights lit,Dry,30,Motorcycle,Morning,Slight
Raining,Darkness - no lighting,Snow,60,Car,Afternoon,Serious
,Darkness - lights lit,Dry,50,Car,Morning,Slight
Raining,Darkness - no lighting,Dry,70,Motorcycle,Evening,Serious
Normal,Darkness - no lighting,Wet or damp,20,Car,Afternoon,Slight
Raining,Daylight,Dry,30,Car,Afternoon,Slight
Normal,Darkness - no lighting,Wet or damp,60,Car,Afternoon,Fatal
Normal,Darkness - lights lit,Wet or damp,70,Car,Morning,Slight
Normal,Daylight,Dry,30,Car,Morning,Slight
Normal,Daylight,Wet or damp,20,Bus/Coach,Morning,Slight
Raining,Daylight,Dry,50,Car,Morning,Slight
Raining,Daylight,Dry,50,Car,Morning,Slight
Fog or mist,Daylight,Wet or damp,30,Car,Afternoon,Slight
Raining,Darkness - lights lit,Flood over road,60,Motorcycle,Night,Fatal
Raining,Darkness - no lighting,Dry,20,Motorcycle,Afternoon,Slight
Normal,Daylight,Dry,30,Bus/Coach,Afternoon,Slight
Normal,Darkness - lights lit,Dry,30,Car,Morning,Slight
Normal,Daylight,Dry,20,Car,Afternoon,Slight
Raining,Darkness - lights lit,Dry,30,Car,Afternoon,Slight
Fog or mist,Daylight,Snow,20,Car,Morning,Slight
Normal,Darkness - lights lit,Wet or damp,30,Car,Night,Slight
Raining,Darkness - no lighting,Wet or damp,40,Car,Afternoon,Serious
Normal,Daylight,Ice,70,Car,Afternoon,Slight
Normal,Daylight,Dry,30,Car,Morning,Slight
Normal,Daylight,Dry,30,Car,Evening,Serious
Raining,Daylight,Dry,30,Motorcycle,Afternoon,Slight
Normal,Darkness - lights lit,Ice,20,Car,Afternoon,Serious
Normal,Daylight,Dry,30,Car,Morning,Slight
Fog or mist,Daylight,Wet or damp,30,Car,Afternoon,Slight
Raining,Darkness - no lighting,,20,Car,Morning,Serious
Normal,Darkness - lights lit,Dry,30,Car,Night,Slight
Fog or mist,Darkness - lighting unknown,Dry,20,Car,Morning,Slight
Normal,Daylight,Dry,30,Motorcycle,Morning,Slight
Raining,Daylight,Snow,70,Car,Afternoon,Serious
Normal,Darkness - lights lit,Dry,40,Motorcycle,Afternoon,Slight
Normal,Daylight,Dry,30,Goods vehicle,Morning,Slight
Normal,Darkness - lights lit,,20,Goods vehicle,Afternoon,Slight
Raining,Darkness - lights lit,Dry,20,Motorcycle,Night,Serious
Normal,Darkness - lights lit,Wet or damp,20,Car,Morning,Slight
Fog or mist,Daylight,Dry,50,Other,Evening,Serious
Normal,Daylight,Dry,50,Car,Evening,Slight
Raining,Daylight,Dry,30,Car,Night,Slight
Normal,Darkness - lights lit,Wet or damp,30,Pedal cycle,Morning,Slight
Normal,Daylight,Dry,30,Car,Evening,Slight
Unknown,Darkness - lights lit,Dry,20,Car,Evening,Slight
Normal,Darkness - no lighting,Dry,20,Car,Evening,Slight
Normal,Darkness - lights lit,Ice,50,Pedal cycle,Evening,Serious
Normal,Daylight,Snow,40,Pedal cycle,Morning,Serious
Normal,Darkness - lights lit,Dry,50,Goods vehicle,Afternoon,Serious
Normal,Darkness - lights lit,Dry,20,Car,Night,Slight
Normal,Darkness - lights lit,Dry,20,Other,Afternoon,Slight
Normal,Darkness - lights lit,Dry,20,Car,Afternoon,Slight
Normal,Daylight,Dry,40,Car,Evening,Slight
Raining,Daylight,Dry,70,Other,Morning,Slight
Normal,Darkness - lights lit,Dry,30,Car,Night,Slight
Normal,Daylight,Dry,30,Pedal cycle,Evening,Slight
Raining,Daylight,Dry,70,Car,Morning,Slight
Normal,Darkness - no lighting,Flood over road,60,Car,Evening,Fatal
Normal,Darkness - lights lit,Dry,30,Car,Afternoon,Slight
Normal,Darkness - no lighting,Wet or damp,40,Car,Afternoon,Serious
Normal,Darkness - no lighting,Dry,60,Car,Morning,Slight
Normal,Darkness - lights lit,Dry,30,Car,Afternoon,Slight
Raining,Darkness - no lighting,,70,Goods vehicle,Afternoon,Serious
Fog or mist,Daylight,Wet or damp,30,Car,Afternoon,Slight
Normal,Daylight,Dry,40,Pedal cycle,Evening,Slight
Normal,Darkness - lights lit,Dry,30,Pedal cycle,Afternoon,Slight
Normal,Daylight,Dry,60,Car,Afternoon,Slight
,Darkness - lights lit,Dry,60,Car,Morning,Serious
Normal,Daylight,Dry,20,Motorcycle,Morning,Slight
Normal,Darkness - no lighting,Wet or damp,70,Motorcycle,Afternoon,Slight
Normal,Daylight,Dry,30,Car,Afternoon,Slight
Normal,Daylight,Flood over road,20,Car,Evening,Slight
Normal,Daylight,,20,Car,Afternoon,Slight
Raining,Darkness - lights lit,Dry,40,Pedal cycle,Morning,Serious
Raining,Darkness - no lighting,Wet or damp,40,Goods vehicle,Evening,Serious
Other,Daylight,Dry,30,Bus/Coach,Night,Slight
Normal,Daylight,Dry,30,Car,Morning,Slight
Normal,Darkness - lights lit,Dry,20,Car,Morning,Slight
Normal,Darkness - lighting unknown,Dry,30,Car,Morning,Slight
Unknown,Darkness - lights lit,Dry,50,Car,Evening,Serious
Normal,Darkness - lighting unknown,Flood over road,70,Motorcycle,Afternoon,Serious
Normal,Daylight,,30,Car,Morning,Slight
Raining,Daylight,Dry,70,Car,Afternoon,Slight
Raining,Daylight,Snow,60,Car,Afternoon,Slight
Normal,Daylight,Wet or damp,30,Motorcycle,Morning,Slight
Normal,Daylight,Dry,40,Motorcycle,Afternoon,Slight
Normal,Daylight,,40,Car,Morning,Slight
Fog or mist,Daylight,Wet or damp,30,Car,Afternoon,Slight
Normal,Darkness - lights lit,Dry,40,Pedal cycle,Afternoon,Serious
Snowing,Daylight,Dry,50,Car,Afternoon,Slight
Normal,Daylight,Dry,70,Other,Evening,Slight
,Daylight,Dry,40,Car,Morning,Slight
Raining,Darkness - lights lit,Wet or damp,70,Bus/Coach,Afternoon,Serious
Normal,Darkness - lighting unknown,Dry,30,Car,Evening,Slight
Normal,Daylight,Dry,60,Pedal cycle,Night,Slight
Fog or mist,Darkness - lights lit,,50,Car,Afternoon,Serious
Raining,Darkness - no lighting,Dry,50,Motorcycle,Morning,Fatal
Normal,Darkness - lights lit,Dry,20,Car,Afternoon,Slight
Normal,Daylight,,40,Goods vehicle,Morning,Slight
Normal,Daylight,,30,Car,Morning,Slight
Fog or mist,Darkness - no lighting,Snow,60,Motorcycle,Morning,Fatal
Normal,Daylight,Wet or damp,20,Car,Morning,Slight
Normal,Daylight,Dry,30,Car,Morning,Slight
Normal,Daylight,Wet or damp,30,Car,Night,Slight
Unknown,Darkness - lights lit,Wet or damp,30,Bus/Coach,Night,Serious
Snowing,Daylight,Dry,60,Bus/Coach,Night,Slight
Normal,Daylight,Snow,30,Car,Afternoon,Slight
Normal,Darkness - lights lit,,30,Goods vehicle,Afternoon,Slight
Normal,Darkness - lighting unknown,Dry,20,Pedal cycle,Evening,Serious
Unknown,Daylight,Ice,30,Car,Afternoon,Slight
Normal,Daylight,Dry,20,Car,Evening,Slight
Raining,Darkness - lighting unknown,Dry,70,Car,Morning,Slight
Normal,Darkness - lights lit,Dry,20,Bus/Coach,Afternoon,Slight
Normal,Darkness - no lighting,Wet or damp,30,Car,Morning,Slight
Raining,Daylight,Dry,60,Goods vehicle,Afternoon,Slight
Normal,Daylight,,20,Goods vehicle,Night,Slight
Normal,Darkness - lights lit,Snow,50,Car,Morning,Slight
Normal,Daylight,Dry,40,Car,Evening,Slight
Raining,Daylight,Dry,40,Bus/Coach,Night,Slight
,Daylight,Dry,50,Car,Morning,Slight
Normal,Darkness - no lighting,Dry,30,Goods vehicle,Afternoon,Slight
Normal,Daylight,Dry,30,Car,Morning,Slight
Normal,Darkness - no lighting,Dry,50,Car,Afternoon,Slight
Other,Daylight,Dry,70,Goods vehicle,Afternoon,Slight
Fog or mist,Darkness - lights lit,Snow,50,Motorcycle,Night,Fatal
Normal,Darkness - lights lit,Dry,70,Other,Night,Slight
Normal,Darkness - lights lit,Dry,30,Bus/Coach,Morning,Serious
Other,Darkness - no lighting,Snow,60,Goods vehicle,Night,Fatal
Normal,Daylight,Ice,20,Car,Evening,Slight
Fog or mist,Darkness - lights lit,,40,Car,Evening,Serious
Normal,Darkness - no lighting,Dry,60,Car,Morning,Slight
Raining,Daylight,Wet or damp,20,Pedal cycle,Morning,Slight
Raining,Darkness - no lighting,Wet or damp,30,Other,Afternoon,Serious
Raining,Daylight,Dry,30,Goods vehicle,Morning,Slight
Raining,Darkness - lights lit,Snow,40,Motorcycle,Afternoon,Slight
Raining,Darkness - lighting unknown,Wet or damp,20,Car,Afternoon,Slight
Raining,Daylight,Dry,60,Motorcycle,Morning,Slight
Fog or mist,Darkness - lights lit,,20,Car,Morning,Slight
Normal,Daylight,Wet or damp,20,Car,Morning,Slight
Normal,Daylight,Wet or damp,40,Goods vehicle,Afternoon,Slight
Normal,Darkness - lighting unknown,Dry,20,Car,Night,Slight
Fog or mist,Darkness - no lighting,Snow,70,Bus/Coach,Night,Fatal
Normal,Darkness - lights lit,Dry,60,Car,Night,Slight
Raining,Daylight,Dry,30,Other,Afternoon,Slight
Fog or mist,Daylight,Dry,20,Goods vehicle,Morning,Slight
Fog or mist,Darkness - lights lit,Dry,40,Pedal cycle,Morning,Slight
Raining,Darkness - lights lit,Wet or damp,50,Car,Evening,Serious
Normal,Daylight,Wet or damp,30,Car,Afternoon,Slight
Normal,Darkness - lights lit,Dry,20,Car,Night,Slight
Normal,Daylight,Dry,30,Goods vehicle,Morning,Slight
Normal,Daylight,Dry,20,Pedal cycle,Morning,Slight
Normal,Daylight,Wet or damp,50,Car,Afternoon,Slight
Normal,Daylight,Wet or damp,20,Car,Morning,Slight
Normal,Daylight,Wet or damp,20,Bus/Coach,Afternoon,Slight
Unknown,Darkness - no lighting,Ice,50,Goods vehicle,Night,Fatal
Normal,Daylight,Dry,30,Car,Afternoon,Slight
Snowing,Darkness - no lighting,Wet or damp,60,Motorcycle,Evening,Fatal
Normal,Daylight,Dry,30,Car,Afternoon,Slight
,Daylight,Dry,20,Car,Morning,Slight
,Daylight,Snow,40,Car,Night,Slight
Normal,Darkness - lighting unknown,Wet or damp,30,Motorcycle,Afternoon,Slight
Normal,Daylight,Snow,20,Bus/Coach,Morning,Slight
Normal,Daylight,Dry,30,Car,Morning,Slight
Normal,Daylight,Dry,30,Pedal cycle,Morning,Slight
Normal,Daylight,Dry,30,Goods vehicle,Morning,Slight
Normal,Daylight,Dry,40,Goods vehicle,Evening,Slight
Raining,Daylight,Wet or damp,60,Car,Afternoon,Slight
Raining,Daylight,Ice,30,Car,Morning,Slight
Normal,Daylight,,30,Motorcycle,Morning,Slight
Other,Daylight,Wet or damp,60,Motorcycle,Afternoon,Slight
Normal,Daylight,Wet or damp,70,Car,Morning,Slight
,Daylight,Dry,30,Car,Morning,Slight
Raining,Darkness - lighting unknown,Wet or damp,30,Car,Night,Serious
Normal,Darkness - lights lit,Dry,30,Car,Evening,Slight
Normal,Daylight,Dry,30,Car,Morning,Slight
,Darkness - lights lit,Wet or damp,40,Pedal cycle,Morning,Serious
Snowing,Darkness - no lighting,Dry,20,Motorcycle,Night,Serious
Normal,Daylight,Dry,40,Car,Morning,Slight
Normal,Darkness - lights lit,,30,Car,Afternoon,Slight
Other,Darkness - no lighting,Wet or damp,70,Goods vehicle,Night,Fatal
Other,Daylight,Dry,20,Motorcycle,Afternoon,Slight
Raining,Darkness - lights lit,Wet or damp,20,Motorcycle,Morning,Slight
Normal,Darkness - lights lit,,20,Car,Afternoon,Slight
Other,Daylight,Dry,30,Goods vehicle,Morning,Serious
Normal,Daylight,Dry,30,Car,Afternoon,Slight
Normal,Darkness - no lighting,Flood over road,70,Motorcycle,Night,Fatal
Raining,Darkness - lighting unknown,Dry,30,Car,Afternoon,Slight
Normal,Daylight,Dry,30,Car,Morning,Slight
,Daylight,Wet or damp,20,Pedal cycle,Afternoon,Slight
Normal,Daylight,Ice,30,Car,Morning,Slight
Normal,Darkness - lights lit,Wet or damp,40,Motorcycle,Evening,Serious
Fog or mist,Darkness - no lighting,Dry,50,Car,Morning,Serious
Fog or mist,Darkness - lights lit,Ice,70,Bus/Coach,Evening,Serious
Normal,Daylight,Wet or damp,30,Car,Morning,Slight
Other,Daylight,Dry,70,Pedal cycle,Afternoon,Slight
Raining,Daylight,Dry,50,Motorcycle,Evening,Serious
Normal,Daylight,Dry,20,Motorcycle,Afternoon,Slight
Normal,Daylight,Wet or damp,70,Goods vehicle,Afternoon,Slight
Normal,Darkness - no lighting,Dry,20,Car,Afternoon,Slight
Normal,Darkness - lights lit,Dry,30,Car,Morning,Slight
Normal,Daylight,Wet or damp,30,Car,Afternoon,Slight
Normal,Daylight,Wet or damp,50,Car,Evening,Serious
Fog or mist,Daylight,Wet or damp,20,Car,Afternoon,Slight
Raining,Daylight,Dry,20,Bus/Coach,Morning,Slight
Fog or mist,Darkness - no lighting,Dry,50,Car,Night,Serious
Normal,Darkness - lights lit,Dry,30,Car,Night,Slight
,Darkness - lighting unknown,Wet or damp,70,Car,Evening,Serious
Normal,Daylight,Dry,70,Car,Afternoon,Slight
Normal,Daylight,Dry,20,Bus/Coach,Morning,Slight
Normal,Daylight,Snow,50,Car,Morning,Slight
Normal,Daylight,Wet or damp,30,Car,Afternoon,Slight
Raining,Daylight,Dry,30,Pedal cycle,Morning,Slight
Normal,Darkness - no lighting,Snow,30,Pedal cycle,Evening,Serious
Normal,Daylight,Dry,40,Bus/Coach,Afternoon,Slight
Normal,Daylight,Snow,20,Car,Afternoon,Slight
Normal,Daylight,Dry,70,Car,Afternoon,Slight
Normal,Daylight,Dry,30,Car,Morning,Slight
Snowing,Darkness - no lighting,Dry,20,Bus/Coach,Morning,Slight
Raining,Darkness - lights lit,Ice,40,Motorcycle,Morning,Slight
Normal,Darkness - lighting unknown,Wet or damp,30,Pedal cycle,Morning,Serious
Normal,Darkness - no lighting,Wet or damp,50,Car,Morning,Serious
Normal,Darkness - lights lit,Wet or damp,40,Car,Morning,Serious
Snowing,Daylight,Flood over road,20,Car,Afternoon,Slight
Normal,Darkness - lights lit,Dry,40,Car,Morning,Slight
Fog or mist,Daylight,Wet or damp,30,Car,Afternoon,Slight
Snowing,Darkness - lights lit,Ice,30,Other,Night,Serious
,Daylight,Dry,30,Car,Afternoon,Slight
Normal,Daylight,Dry,30,Goods vehicle,Morning,Slight
Normal,Daylight,Dry,20,Motorcycle,Afternoon,Slight
Normal,Darkness - lights lit,Dry,20,Motorcycle,Morning,Slight
Snowing,Darkness - no lighting,Snow,60,Car,Night,Fatal
Normal,Daylight,Dry,20,Motorcycle,Afternoon,Slight
Normal,Daylight,Dry,30,Car,Afternoon,Slight
Fog or mist,Darkness - lighting unknown,Flood over road,50,Other,Night,Serious
Normal,Daylight,Wet or damp,30,Goods vehicle,Morning,Slight
Raining,Darkness - no lighting,Dry,50,Bus/Coach,Morning,Slight
Normal,Daylight,Dry,20,Car,Evening,Slight
Normal,Daylight,Wet or damp,50,Car,Night,Slight
Snowing,Darkness - no lighting,Dry,30,Car,Morning,Serious
Snowing,Daylight,Ice,30,Car,Afternoon,Slight
Unknown,Darkness - lights lit,Dry,60,Bus/Coach,Morning,Slight
Normal,Daylight,,20,Car,Morning,Slight
Fog or mist,Darkness - lights lit,,40,Goods vehicle,Morning,Fatal
,Darkness - lights lit,Dry,40,Motorcycle,Evening,Serious
Normal,Daylight,Wet or damp,20,Car,Afternoon,Slight
Raining,Darkness - lights lit,Dry,20,Car,Morning,Slight
Other,Daylight,Dry,60,Bus/Coach,Morning,Slight
Normal,Darkness - lighting unknown,Dry,50,Car,Evening,Slight
Unknown,Darkness - no lighting,Dry,40,Bus/Coach,Night,Slight
Normal,Darkness - lights lit,Wet or damp,30,Goods vehicle,Morning,Slight
Normal,Daylight,,30,Car,Afternoon,Slight
Normal,Darkness - lights lit,Dry,30,Motorcycle,Night,Slight
Normal,Darkness - lights lit,Flood over road,30,Other,Afternoon,Slight
Normal,Daylight,Dry,20,Car,Morning,Slight
Normal,Daylight,Flood over road,20,Car,Morning,Slight
Normal,Daylight,Wet or damp,20,Car,Morning,Slight
Snowing,Daylight,Wet or damp,70,Car,Evening,Serious
Normal,Darkness - lighting unknown,Flood over road,40,Car,Afternoon,Slight
Unknown,Darkness - lights lit,Dry,20,Car,Night,Slight
Normal,Daylight,Dry,60,Other,Night,Slight
Normal,Daylight,Dry,40,Car,Afternoon,Slight
Normal,Darkness - lights lit,Snow,30,Car,Night,Slight
Normal,Daylight,Dry,30,Goods vehicle,Morning,Slight
Normal,Daylight,Dry,20,Car,Morning,Slight
Normal,Daylight,Dry,20,Car,Night,Slight
,Darkness - no lighting,Wet or damp,20,Car,Afternoon,Serious
Normal,Darkness - lights lit,Dry,30,Car,Morning,Slight
Fog or mist,Darkness - lighting unknown,Snow,60,Motorcycle,Evening,Fatal
Raining,Daylight,Dry,40,Goods vehicle,Afternoon,Slight
Normal,Daylight,Dry,20,Motorcycle,Morning,Slight
Snowing,Daylight,Wet or damp,30,Car,Afternoon,Slight
Normal,Darkness - no lighting,Dry,70,Car,Morning,Slight
Normal,Daylight,Dry,30,Car,Afternoon,Slight
Normal,Darkness - lights lit,Ice,20,Car,Afternoon,Slight
Raining,Daylight,Wet or damp,50,Goods vehicle,Night,Serious
Other,Daylight,Flood over road,50,Motorcycle,Afternoon,Slight
Normal,Daylight,Dry,30,Car,Evening,Slight
Normal,Daylight,Dry,20,Car,Afternoon,Slight
Normal,Darkness - lights lit,Dry,30,Car,Afternoon,Slight
Snowing,Darkness - lights lit,Dry,60,Motorcycle,Morning,Serious
Normal,Daylight,Snow,30,Car,Afternoon,Slight
Normal,Darkness - lights lit,Snow,30,Motorcycle,Morning,Serious
Raining,Daylight,Wet or damp,40,Car,Afternoon,Slight
,Daylight,Dry,30,Car,Evening,Slight
Fog or mist,Daylight,Dry,60,Motorcycle,Afternoon,Slight
Normal,Darkness - no lighting,Wet or damp,60,Goods vehicle,Night,Fatal
Raining,Darkness - no lighting,Dry,20,Motorcycle,Night,Slight
Snowing,Darkness - no lighting,Wet or damp,50,Other,Afternoon,Fatal
Normal,Daylight,Dry,20,Pedal cycle,Night,Slight
Normal,Darkness - lights lit,Dry,30,Car,Morning,Slight
Normal,Daylight,Wet or damp,40,Car,Afternoon,Slight
Normal,Darkness - lights lit,Dry,30,Motorcycle,Night,Slight
Raining,Darkness - lighting unknown,Wet or damp,30,Car,Morning,Slight
Raining,Daylight,Ice,20,Bus/Coach,Afternoon,Slight
Raining,Daylight,Dry,30,Car,Afternoon,Slight
Normal,Darkness - no lighting,Snow,70,Pedal cycle,Night,Fatal
Normal,Daylight,Dry,40,Motorcycle,Afternoon,Slight
Raining,Daylight,Dry,20,Goods vehicle,Morning,Slight
Normal,Darkness - lights lit,Flood over road,40,Car,Afternoon,Serious
Raining,Darkness - lights lit,Wet or damp,40,Car,Evening,Serious
Normal,Darkness - lights lit,Wet or damp,60,Car,Morning,Slight
Normal,Daylight,Ice,40,Motorcycle,Afternoon,Serious
Normal,Darkness - no lighting,Wet or damp,40,Car,Afternoon,Serious
Normal,Darkness - no lighting,,30,Car,Afternoon,Slight
Normal,Darkness - lights lit,Dry,30,Motorcycle,Afternoon,Slight
Normal,Darkness - lights lit,Dry,40,Car,Morning,Slight
Normal,Daylight,Dry,30,Pedal cycle,Afternoon,Slight
Other,Darkness - lighting unknown,Ice,40,Other,Night,Serious
Normal,Darkness - lighting unknown,,50,Car,Afternoon,Serious
Snowing,Darkness - no lighting,,30,Motorcycle,Evening,Fatal
Normal,Daylight,Dry,30,Pedal cycle,Afternoon,Slight
Normal,Darkness - lights lit,Ice,30,Car,Afternoon,Slight
,Daylight,Wet or damp,70,Car,Night,Slight
Raining,Daylight,Dry,30,Car,Morning,Slight
Normal,Daylight,Snow,20,Car,Morning,Slight
Normal,Daylight,Dry,20,Bus/Coach,Afternoon,Slight
Normal,Darkness - lights lit,Dry,60,Car,Morning,Slight
Snowing,Daylight,Dry,30,Pedal cycle,Afternoon,Slight
Normal,Daylight,Dry,20,Motorcycle,Morning,Slight
Normal,Daylight,Dry,20,Car,Evening,Slight
Normal,Daylight,Dry,30,Car,Afternoon,Slight
Normal,Darkness - lights lit,Wet or damp,60,Car,Afternoon,Slight
Fog or mist,Daylight,Wet or damp,20,Motorcycle,Morning,Slight
Snowing,Daylight,Dry,20,Car,Morning,Slight
Snowing,Daylight,Dry,50,Pedal cycle,Afternoon,Slight
Raining,Daylight,Snow,40,Bus/Coach,Morning,Slight
Raining,Darkness - lights lit,Dry,60,Car,Afternoon,Slight
Normal,Daylight,Wet or damp,30,Car,Afternoon,Slight
Raining,Daylight,Dry,50,Motorcycle,Evening,Serious
Raining,Daylight,Flood over road,40,Bus/Coach,Night,Serious
Raining,Daylight,Flood over road,50,Motorcycle,Evening,Serious
Snowing,Daylight,Wet or damp,50,Goods vehicle,Afternoon,Slight
Normal,Daylight,Ice,40,Car,Morning,Serious
Raining,Darkness - lights lit,Dry,50,Car,Afternoon,Slight
Raining,Daylight,Dry,50,Car,Night,Slight
Normal,Daylight,Dry,30,Other,Morning,Slight
,Daylight,Dry,30,Other,Morning,Slight
Normal,Daylight,Dry,30,Car,Night,Slight
Normal,Darkness - lights lit,Snow,70,Other,Night,Serious
Fog or mist,Darkness - lights lit,Dry,30,Car,Afternoon,Slight
Normal,Daylight,,20,Bus/Coach,Morning,Slight
Fog or mist,Darkness - lighting unknown,Snow,30,Motorcycle,Morning,Serious
Raining,Darkness - no lighting,Ice,70,Goods vehicle,Night,Fatal
Normal,Daylight,Wet or damp,30,Car,Night,Slight
Snowing,Darkness - lights lit,Wet or damp,20,Car,Evening,Slight
Raining,Darkness - lights lit,,70,Car,Morning,Serious
Normal,Darkness - no lighting,Dry,20,Car,Afternoon,Slight
Normal,Daylight,Wet or damp,20,Other,Afternoon,Slight
Normal,Daylight,,30,Car,Afternoon,Slight
Normal,Daylight,Wet or damp,20,Goods vehicle,Afternoon,Slight
Normal,Darkness - lighting unknown,,60,Motorcycle,Morning,Fatal
Raining,Daylight,Dry,20,Bus/Coach,Evening,Serious
Normal,Daylight,Dry,20,Car,Morning,Slight
Snowing,Darkness - lighting unknown,Wet or damp,60,Bus/Coach,Afternoon,Serious
Raining,Darkness - no lighting,Dry,20,Motorcycle,Night,Slight
Normal,Daylight,Dry,50,Bus/Coach,Afternoon,Slight
Fog or mist,Daylight,Ice,30,Goods vehicle,Evening,Slight
Other,Daylight,Wet or damp,70,Car,Afternoon,Slight
Raining,Darkness - lights lit,Dry,50,Car,Morning,Slight
Normal,Daylight,Dry,30,Bus/Coach,Morning,Slight
Normal,Darkness - no lighting,Wet or damp,40,Pedal cycle,Afternoon,Slight
Snowing,Darkness - lights lit,Dry,40,Goods vehicle,Night,Slight
Raining,Darkness - no lighting,Wet or damp,50,Goods vehicle,Evening,Fatal
Normal,Darkness - lights lit,,30,Car,Morning,Slight
Fog or mist,Darkness - no lighting,Ice,50,Goods vehicle,Evening,Fatal
Normal,Daylight,Dry,30,Bus/Coach,Morning,Slight
Raining,Daylight,,20,Car,Night,Slight
Normal,Darkness - lights lit,Dry,40,Pedal cycle,Morning,Slight
Normal,Darkness - lights lit,Ice,60,Pedal cycle,Night,Serious
Normal,Daylight,Dry,30,Bus/Coach,Afternoon,Slight
Snowing,Daylight,Wet or damp,40,Motorcycle,Night,Serious
Snowing,Darkness - lights lit,Dry,40,Car,Morning,Slight
Normal,Daylight,,30,Motorcycle,Morning,Slight
Normal,Daylight,,30,Car,Afternoon,Slight
Raining,Daylight,Dry,30,Car,Morning,Slight
Raining,Darkness - lighting unknown,Snow,50,Motorcycle,Morning,Fatal
Fog or mist,Darkness - no lighting,Wet or damp,40,Other,Afternoon,Serious
Normal,Darkness - lighting unknown,Wet or damp,70,Car,Morning,Slight
Raining,Darkness - lights lit,Dry,30,Car,Evening,Slight
Normal,Daylight,Dry,60,Car,Morning,Slight
Normal,Daylight,Dry,30,Car,Evening,Slight
Unknown,Darkness - lighting unknown,Wet or damp,40,Goods vehicle,Morning,Serious
Normal,Daylight,Dry,20,Car,Afternoon,Slight
Other,Daylight,Dry,30,Car,Afternoon,Slight
Snowing,Darkness - lights lit,Dry,20,Car,Morning,Slight
Unknown,Daylight,Wet or damp,30,Goods vehicle,Morning,Slight
Snowing,Daylight,Dry,70,Bus/Coach,Morning,Slight
Normal,Daylight,Dry,20,Motorcycle,Afternoon,Slight
Normal,Darkness - no lighting,Dry,40,Other,Afternoon,Serious
Normal,Daylight,Wet or damp,70,Bus/Coach,Evening,Slight
Snowing,Daylight,Snow,30,Pedal cycle,Morning,Slight
Raining,Darkness - lighting unknown,Wet or damp,30,Car,Morning,Slight
Normal,Daylight,Dry,60,Pedal cycle,Morning,Slight
Normal,Daylight,Dry,30,Car,Afternoon,Slight
Normal,Darkness - lights lit,Wet or damp,30,Car,Morning,Slight
Normal,Daylight,Dry,20,Bus/Coach,Morning,Slight
,Daylight,Wet or damp,30,Car,Afternoon,Slight
Normal,Daylight,Wet or damp,20,Car,Morning,Slight
Fog or mist,Darkness - lights lit,Wet or damp,70,Motorcycle,Afternoon,Slight
Normal,Darkness - no lighting,Ice,70,Goods vehicle,Night,Fatal
Raining,Daylight,Dry,40,Motorcycle,Afternoon,Serious
Fog or mist,Daylight,Wet or damp,60,Car,Afternoon,Slight
Raining,Daylight,Dry,20,Car,Morning,Slight
Normal,Darkness - lighting unknown,Dry,60,Bus/Coach,Afternoon,Slight
Normal,Darkness - lights lit,Snow,30,Car,Afternoon,Slight
,Darkness - lights lit,Dry,30,Pedal cycle,Afternoon,Slight
,Daylight,Wet or damp,30,Car,Morning,Slight
Normal,Daylight,,20,Car,Night,Slight
Normal,Daylight,Wet or damp,20,Pedal cycle,Afternoon,Slight
Normal,Darkness - no lighting,Snow,40,Car,Evening,Serious
Raining,Daylight,Dry,30,Car,Night,Slight
Raining,Darkness - no lighting,Ice,30,Pedal cycle,Morning,Serious
Normal,Darkness - lights lit,Dry,20,Motorcycle,Morning,Slight
Normal,Daylight,Dry,30,Car,Morning,Slight
Normal,Daylight,Dry,40,Car,Evening,Slight
Normal,Daylight,Dry,30,Bus/Coach,Afternoon,Slight
Normal,Darkness - lights lit,Flood over road,30,Motorcycle,Afternoon,Slight
Unknown,Darkness - no lighting,Wet or damp,20,Goods vehicle,Evening,Serious
Normal,Daylight,Dry,40,Car,Afternoon,Slight
Normal,Daylight,Dry,30,Pedal cycle,Night,Slight
Raining,Daylight,Snow,40,Car,Afternoon,Slight
Raining,Daylight,Dry,30,Other,Night,Slight
Raining,Darkness - lights lit,Wet or damp,20,Car,Morning,Slight
Normal,Daylight,Dry,30,Motorcycle,Morning,Slight
Other,Darkness - lights lit,Ice,30,Goods vehicle,Morning,Serious
Normal,Daylight,,30,Car,Evening,Slight
Normal,Daylight,Wet or damp,30,Car,Afternoon,Slight
Normal,Daylight,Dry,20,Car,Morning,Slight
Other,Daylight,Wet or damp,20,Car,Evening,Slight
Normal,Daylight,Dry,50,Car,Afternoon,Slight
Unknown,Darkness - lights lit,Dry,40,Bus/Coach,Afternoon,Slight
Other,Daylight,Dry,50,Car,Morning,Serious
Raining,Daylight,Dry,20,Car,Morning,Slight
Raining,Darkness - lights lit,Wet or damp,20,Car,Morning,Slight
Normal,Darkness - lights lit,Dry,20,Pedal cycle,Afternoon,Slight
Unknown,Darkness - lights lit,Dry,50,Car,Afternoon,Serious
Normal,Daylight,Dry,40,Car,Morning,Slight
Normal,Darkness - lights lit,Wet or damp,30,Car,Morning,Slight
Normal,Daylight,Dry,20,Bus/Coach,Afternoon,Slight
Normal,Darkness - lights lit,Ice,20,Bus/Coach,Evening,Slight
Normal,Daylight,Dry,30,Pedal cycle,Afternoon,Slight
Normal,Daylight,Dry,30,Pedal cycle,Afternoon,Slight
Normal,Daylight,Dry,30,Motorcycle,Morning,Slight
Normal,Daylight,Wet or damp,20,Motorcycle,Morning,Slight
Raining,Daylight,Wet or damp,30,Car,Afternoon,Slight
Normal,Darkness - lights lit,Snow,30,Car,Morning,Slight
Normal,Darkness - lights lit,Dry,40,Car,Afternoon,Slight
Normal,Daylight,Wet or damp,50,Motorcycle,Afternoon,Serious
Normal,Darkness - lights lit,Dry,30,Motorcycle,Evening,Slight
Raining,Daylight,Dry,20,Goods vehicle,Evening,Slight
Normal,Darkness - no lighting,Snow,70,Bus/Coach,Night,Fatal
Normal,Daylight,Dry,30,Car,Morning,Slight
Snowing,Darkness - lights lit,Dry,20,Car,Night,Slight
Normal,Darkness - lights lit,Dry,50,Car,Morning,Slight
Snowing,Darkness - lights lit,Dry,20,Car,Night,Slight
Raining,Daylight,Dry,30,Bus/Coach,Evening,Slight
Normal,Daylight,Dry,60,Car,Evening,Slight
Raining,Darkness - no lighting,Dry,50,Car,Afternoon,Slight
Normal,Darkness - lights lit,Wet or damp,50,Car,Afternoon,Slight
Raining,Daylight,Dry,30,Car,Morning,Slight
Normal,Darkness - lights lit,Dry,20,Car,Afternoon,Slight
Normal,Daylight,Dry,20,Car,Afternoon,Slight
Normal,Daylight,Dry,60,Car,Afternoon,Slight
Normal,Darkness - no lighting,Dry,30,Car,Morning,Slight
Normal,Daylight,Dry,30,Car,Morning,Slight
Normal,Daylight,Dry,20,Car,Night,Slight
Normal,Daylight,Dry,30,Car,Afternoon,Slight
Raining,Daylight,Dry,40,Car,Afternoon,Slight
,Daylight,Ice,30,Pedal cycle,Morning,Slight
Fog or mist,Daylight,Ice,20,Pedal cycle,Afternoon,Slight
Snowing,Daylight,Dry,20,Motorcycle,Night,Slight
Normal,Daylight,Wet or damp,20,Car,Morning,Slight
,Daylight,Dry,30,Bus/Coach,Morning,Slight
Normal,Darkness - lights lit,Dry,30,Car,Morning,Slight
Raining,Darkness - lighting unknown,,40,Motorcycle,Night,Fatal
Snowing,Daylight,Dry,50,Pedal cycle,Afternoon,Slight
Normal,Daylight,Dry,20,Car,Morning,Slight
Snowing,Darkness - no lighting,Flood over road,40,Motorcycle,Night,Fatal
Raining,Daylight,Dry,20,Pedal cycle,Afternoon,Slight
Normal,Daylight,Dry,30,Car,Afternoon,Slight
Normal,Darkness - lights lit,Dry,30,Car,Morning,Slight
Raining,Daylight,Ice,70,Car,Evening,Slight
Normal,Daylight,Dry,60,Bus/Coach,Afternoon,Slight
Normal,Daylight,Dry,30,Car,Afternoon,Slight
Normal,Daylight,Wet or damp,20,Car,Evening,Slight
Fog or mist,Daylight,Wet or damp,70,Goods vehicle,Night,Fatal
Normal,Daylight,Dry,20,Other,Morning,Slight
Normal,Daylight,Dry,40,Car,Morning,Slight
Raining,Darkness - lighting unknown,Flood over road,70,Car,Morning,Serious
Raining,Darkness - lights lit,Ice,50,Goods vehicle,Night,Fatal
Normal,Daylight,Dry,30,Car,Afternoon,Slight
Normal,Darkness - lights lit,Dry,20,Motorcycle,Afternoon,Slight
Normal,Daylight,Dry,60,Pedal cycle,Afternoon,Slight
Snowing,Darkness - lighting unknown,Dry,30,Car,Morning,Slight
Raining,Darkness - lights lit,Wet or damp,20,Car,Morning,Slight
Fog or mist,Daylight,Wet or damp,20,Car,Afternoon,Slight
Normal,Daylight,Dry,70,Goods vehicle,Night,Slight
Fog or mist,Darkness - lights lit,Wet or damp,40,Pedal cycle,Morning,Serious
Fog or mist,Daylight,Flood over road,40,Car,Afternoon,Slight
Normal,Darkness - no lighting,Ice,30,Car,Afternoon,Serious
Normal,Darkness - lights lit,Dry,50,Car,Afternoon,Slight
Snowing,Daylight,Dry,50,Car,Morning,Slight
Raining,Daylight,Dry,30,Pedal cycle,Morning,Slight
Normal,Daylight,,30,Bus/Coach,Evening,Slight
Raining,Darkness - lighting unknown,Dry,50,Motorcycle,Night,Serious
Raining,Darkness - no lighting,Wet or damp,40,Car,Morning,Slight
Snowing,Darkness - no lighting,Wet or damp,20,Motorcycle,Evening,Fatal
Normal,Daylight,Dry,20,Car,Night,Slight
Snowing,Darkness - no lighting,Dry,20,Car,Afternoon,Slight
Normal,Daylight,Dry,70,Car,Night,Slight
,Daylight,Flood over road,20,Motorcycle,Evening,Slight
Normal,Darkness - lighting unknown,Wet or damp,30,Car,Night,Slight
Raining,Darkness - no lighting,Wet or damp,50,Car,Evening,Fatal
Normal,Daylight,Dry,30,Other,Evening,Slight
Fog or mist,Daylight,Dry,70,Car,Afternoon,Slight
,Daylight,Flood over road,30,Pedal cycle,Night,Slight
Normal,Daylight,Dry,20,Other,Afternoon,Slight
Normal,Daylight,Dry,60,Goods vehicle,Morning,Slight
Normal,Daylight,Dry,30,Motorcycle,Morning,Slight
Normal,Daylight,Dry,20,Car,Evening,Slight
Normal,Darkness - lighting unknown,Dry,40,Car,Morning,Slight
Normal,Daylight,Dry,60,Car,Afternoon,Slight
Raining,Darkness - lights lit,Wet or damp,30,Car,Morning,Slight
Raining,Darkness - lighting unknown,Dry,30,Car,Morning,Slight
Normal,Darkness - lighting unknown,Dry,70,Car,Morning,Slight
Normal,Daylight,Dry,30,Other,Afternoon,Slight
Normal,Daylight,Dry,50,Car,Afternoon,Slight
Normal,Darkness - lights lit,Dry,30,Bus/Coach,Afternoon,Slight
Normal,Darkness - lights lit,Ice,30,Goods vehicle,Afternoon,Slight
Normal,Daylight,Dry,40,Motorcycle,Night,Slight
Normal,Daylight,,50,Car,Night,Slight
Snowing,Darkness - no lighting,Wet or damp,50,Car,Evening,Fatal
Raining,Daylight,Dry,30,Other,Afternoon,Slight
Raining,Darkness - lights lit,Wet or damp,20,Goods vehicle,Morning,Slight
Normal,Darkness - lighting unknown,Flood over road,30,Other,Morning,Serious
Normal,Darkness - lighting unknown,Dry,30,Motorcycle,Night,Slight
Normal,Daylight,Dry,30,Car,Morning,Slight
,Darkness - lights lit,Wet or damp,20,Car,Afternoon,Serious
Normal,Darkness - lights lit,Snow,50,Goods vehicle,Night,Serious
Normal,Darkness - lights lit,Dry,20,Car,Morning,Slight
Normal,Daylight,Wet or damp,60,Car,Evening,Slight
Fog or mist,Daylight,Dry,20,Car,Morning,Slight
Normal,Daylight,Dry,70,Car,Morning,Slight
Snowing,Daylight,Wet or damp,30,Car,Morning,Slight
Normal,Daylight,Dry,40,Car,Afternoon,Slight
Normal,Daylight,Wet or damp,40,Car,Night,Slight
Normal,Daylight,Dry,20,Car,Afternoon,Slight
Normal,Darkness - lights lit,Dry,30,Bus/Coach,Afternoon,Slight
Normal,Daylight,Dry,30,Bus/Coach,Afternoon,Slight
Normal,Daylight,Dry,30,Car,Afternoon,Slight
Fog or mist,Daylight,Dry,30,Goods vehicle,Morning,Slight
Snowing,Darkness - lights lit,Dry,50,Bus/Coach,Afternoon,Slight
Unknown,Daylight,Dry,30,Car,Morning,Slight
Normal,Daylight,Wet or damp,30,Pedal cycle,Morning,Slight
Fog or mist,Darkness - lights lit,Dry,40,Pedal cycle,Night,Serious
Normal,Daylight,Dry,70,Car,Night,Slight
Unknown,Daylight,Dry,20,Goods vehicle,Evening,Serious
Raining,Daylight,Dry,30,Car,Morning,Slight
Snowing,Darkness - lights lit,Dry,40,Car,Morning,Slight
Normal,Daylight,Dry,30,Car,Evening,Slight
Snowing,Daylight,Dry,30,Car,Evening,Slight
Normal,Daylight,Dry,30,Motorcycle,Afternoon,Slight
Unknown,Daylight,Snow,20,Car,Morning,Slight
Normal,Daylight,Dry,40,Other,Evening,Slight
Normal,Daylight,Dry,30,Car,Morning,Slight
Raining,Daylight,Dry,50,Car,Morning,Slight
Normal,Daylight,Wet or damp,20,Car,Morning,Slight
Normal,Daylight,Dry,30,Car,Morning,Slight
Other,Daylight,Dry,20,Bus/Coach,Afternoon,Slight
Normal,Darkness - no lighting,Wet or damp,40,Car,Morning,Slight
,Daylight,Dry,30,Car,Afternoon,Slight
Normal,Daylight,Wet or damp,30,Car,Morning,Slight
Normal,Darkness - lighting unknown,Dry,20,Motorcycle,Morning,Slight
Normal,Darkness - lighting unknown,Wet or damp,60,Car,Afternoon,Serious
,Daylight,Dry,20,Motorcycle,Morning,Slight
Normal,Daylight,Dry,70,Car,Night,Slight
Normal,Daylight,Dry,30,Car,Morning,Slight
Unknown,Darkness - lights lit,Wet or damp,40,Car,Morning,Serious
Raining,Daylight,Dry,50,Car,Morning,Slight
Normal,Daylight,Dry,30,Goods vehicle,Afternoon,Slight
Normal,Darkness - lighting unknown,Dry,20,Other,Night,Slight
Normal,Daylight,Dry,30,Car,Morning,Slight
,Daylight,Dry,70,Car,Morning,Slight
Normal,Daylight,,20,Car,Morning,Slight
Normal,Daylight,Snow,30,Car,Afternoon,Slight
Raining,Darkness - lights lit,Dry,40,Car,Afternoon,Slight
Normal,Darkness - no lighting,Dry,70,Car,Afternoon,Slight
Normal,Daylight,Dry,20,Bus/Coach,Morning,Slight
Normal,Daylight,Wet or damp,70,Car,Morning,Serious
Normal,Darkness - lights lit,Dry,30,Car,Afternoon,Slight
Raining,Daylight,Snow,20,Car,Afternoon,Slight
Normal,Daylight,Dry,40,Goods vehicle,Afternoon,Slight
Normal,Darkness - lights lit,Dry,30,Other,Morning,Slight
Normal,Daylight,Snow,30,Car,Afternoon,Slight
Normal,Daylight,Dry,30,Car,Afternoon,Slight
Raining,Darkness - lighting unknown,Dry,70,Car,Evening,Fatal
Normal,Darkness - lights lit,Dry,30,Pedal cycle,Afternoon,Slight
Normal,Daylight,Wet or damp,20,Car,Morning,Slight
Normal,Daylight,Dry,40,Car,Afternoon,Slight
Fog or mist,Daylight,Flood over road,70,Bus/Coach,Morning,Slight
Normal,Darkness - lights lit,Wet or damp,70,Motorcycle,Afternoon,Slight
Normal,Daylight,Dry,60,Car,Evening,Slight
Raining,Darkness - lights lit,Wet or damp,40,Car,Afternoon,Serious
Normal,Darkness - no lighting,Ice,60,Motorcycle,Night,Fatal
Normal,Darkness - lighting unknown,Dry,30,Car,Morning,Slight
Fog or mist,Darkness - lights lit,Flood over road,70,Motorcycle,Night,Fatal
Normal,Daylight,Dry,30,Goods vehicle,Afternoon,Slight
Snowing,Daylight,Dry,20,Goods vehicle,Night,Slight
Fog or mist,Daylight,Wet or damp,30,Car,Afternoon,Slight
Normal,Daylight,Dry,30,Car,Morning,Slight
Other,Darkness - lights lit,Dry,70,Motorcycle,Afternoon,Slight
Normal,Daylight,Dry,30,Car,Afternoon,Slight
Raining,Daylight,Ice,30,Pedal cycle,Evening,Slight
Normal,Daylight,Ice,20,Car,Morning,Slight
Normal,Darkness - no lighting,Dry,70,Car,Morning,Slight
Raining,Daylight,,20,Car,Afternoon,Slight
Normal,Daylight,Dry,20,Car,Afternoon,Slight
Normal,Daylight,Dry,30,Car,Afternoon,Slight
Normal,Daylight,Dry,30,Bus/Coach,Afternoon,Slight
Normal,Darkness - lights lit,Ice,30,Goods vehicle,Morning,Slight
Normal,Daylight,Dry,40,Car,Afternoon,Slight
Normal,Daylight,Dry,30,Motorcycle,Morning,Slight
Normal,Daylight,Dry,20,Car,Afternoon,Slight
Snowing,Daylight,Wet or damp,30,Car,Morning,Serious
Normal,Daylight,Dry,20,Car,Afternoon,Slight
Raining,Daylight,Wet or damp,30,Motorcycle,Afternoon,Slight
Normal,Darkness - lights lit,Wet or damp,30,Car,Evening,Serious
Normal,Darkness - lighting unknown,Wet or damp,20,Car,Afternoon,Slight
Snowing,Darkness - no lighting,Dry,50,Car,Morning,Serious
Normal,Daylight,Wet or damp,30,Car,Afternoon,Slight
Snowing,Darkness - lights lit,Dry,20,Bus/Coach,Afternoon,Serious
Raining,Darkness - lights lit,Snow,50,Bus/Coach,Night,Serious
,Darkness - no lighting,Ice,60,Car,Evening,Fatal
Normal,Daylight,Dry,60,Goods vehicle,Morning,Slight
Raining,Darkness - lights lit,Snow,70,Other,Afternoon,Slight
Raining,Daylight,Wet or damp,30,Bus/Coach,Morning,Slight
Normal,Darkness - no lighting,Dry,60,Goods vehicle,Afternoon,Slight
Normal,Daylight,Dry,50,Bus/Coach,Morning,Slight
Normal,Daylight,Dry,20,Car,Afternoon,Slight
Normal,Daylight,Dry,20,Car,Morning,Slight
Raining,Daylight,Dry,20,Car,Afternoon,Slight
Normal,Daylight,Dry,20,Motorcycle,Morning,Slight
Normal,Darkness - lights lit,Dry,30,Car,Morning,Slight
Normal,Daylight,Dry,30,Car,Evening,Slight
Normal,Darkness - lighting unknown,Wet or damp,50,Pedal cycle,Evening,Serious
Fog or mist,Daylight,Dry,30,Goods vehicle,Night,Slight
Snowing,Daylight,Ice,30,Car,Morning,Slight
Normal,Darkness - lights lit,Dry,70,Motorcycle,Afternoon,Slight
,Daylight,Wet or damp,70,Car,Morning,Slight
Fog or mist,Darkness - lights lit,Wet or damp,50,Car,Afternoon,Serious
Normal,Daylight,Ice,50,Pedal cycle,Evening,Slight
Raining,Darkness - no lighting,Snow,30,Car,Morning,Slight
Other,Daylight,Wet or damp,30,Motorcycle,Morning,Slight
Normal,Daylight,Dry,40,Car,Evening,Slight
,Daylight,,30,Motorcycle,Night,Slight
Normal,Darkness - lights lit,Dry,20,Car,Morning,Slight
Normal,Darkness - lights lit,Dry,30,Goods vehicle,Morning,Slight
Snowing,Daylight,Dry,70,Other,Morning,Slight
Normal,Daylight,Dry,30,Goods vehicle,Morning,Slight
Normal,Daylight,Wet or damp,20,Car,Night,Serious
Raining,Daylight,Dry,30,Goods vehicle,Afternoon,Slight
Fog or mist,Darkness - lights lit,Dry,40,Car,Afternoon,Slight
Normal,Daylight,Dry,30,Goods vehicle,Evening,Slight
Normal,Daylight,Dry,70,Motorcycle,Morning,Slight
Normal,Daylight,Dry,20,Car,Morning,Slight
Normal,Darkness - lights lit,Dry,60,Car,Morning,Slight
Normal,Darkness - no lighting,Dry,30,Pedal cycle,Morning,Slight
Normal,Daylight,Dry,30,Goods vehicle,Evening,Slight
Normal,Daylight,Dry,30,Goods vehicle,Afternoon,Slight
,Daylight,Dry,20,Car,Afternoon,Slight
Normal,Darkness - lighting unknown,Dry,20,Car,Afternoon,Slight
Snowing,Darkness - lighting unknown,Snow,60,Motorcycle,Night,Fatal
Snowing,Daylight,Dry,30,Motorcycle,Morning,Slight
,Daylight,Wet or damp,40,Car,Night,Slight
Normal,Daylight,Wet or damp,40,Pedal cycle,Evening,Serious
,Darkness - lights lit,Dry,30,Bus/Coach,Morning,Serious
Normal,Darkness - lights lit,Dry,40,Other,Evening,Slight
Normal,Daylight,Wet or damp,40,Motorcycle,Afternoon,Slight
Normal,Daylight,Dry,30,Car,Morning,Slight
Raining,Daylight,Wet or damp,30,Motorcycle,Afternoon,Serious
Normal,Darkness - lights lit,Ice,70,Car,Evening,Serious
Normal,Daylight,Wet or damp,20,Car,Afternoon,Slight
Snowing,Darkness - lights lit,Wet or damp,40,Goods vehicle,Night,Fatal
Normal,Darkness - lights lit,Dry,70,Car,Morning,Slight
,Darkness - lights lit,Wet or damp,20,Car,Morning,Slight
Normal,Darkness - lights lit,Dry,40,Goods vehicle,Night,Serious
Normal,Daylight,Flood over road,20,Car,Afternoon,Slight
Normal,Daylight,Wet or damp,30,Motorcycle,Afternoon,Slight
Normal,Daylight,Dry,20,Car,Afternoon,Slight
Normal,Daylight,Dry,20,Bus/Coach,Afternoon,Slight
Normal,Darkness - lights lit,Flood over road,30,Goods vehicle,Afternoon,Slight
,Darkness - lighting unknown,Wet or damp,50,Motorcycle,Afternoon,Serious
Snowing,Daylight,Dry,30,Car,Evening,Slight
Raining,Daylight,Wet or damp,40,Car,Morning,Serious
Normal,Daylight,Dry,30,Car,Night,Slight
Normal,Daylight,Wet or damp,40,Bus/Coach,Morning,Slight
Raining,Daylight,Wet or damp,20,Car,Evening,Slight
Normal,Daylight,Wet or damp,20,Car,Morning,Slight
,Darkness - lights lit,Wet or damp,40,Car,Night,Serious
Normal,Daylight,Dry,30,Car,Afternoon,Slight
Normal,Daylight,Flood over road,20,Other,Afternoon,Slight
Normal,Darkness - lights lit,Dry,40,Other,Morning,Serious
Normal,Darkness - lights lit,Dry,20,Car,Afternoon,Slight
Normal,Daylight,Ice,30,Bus/Coach,Afternoon,Slight
Normal,Daylight,Dry,30,Car,Morning,Slight
Raining,Darkness - lights lit,Dry,20,Goods vehicle,Afternoon,Slight
Raining,Darkness - no lighting,Wet or damp,60,Car,Afternoon,Fatal
Normal,Daylight,Dry,50,Bus/Coach,Afternoon,Slight
Raining,Darkness - lights lit,Flood over road,20,Motorcycle,Evening,Fatal
Normal,Daylight,Dry,40,Car,Morning,Slight
Raining,Darkness - lights lit,Wet or damp,20,Car,Morning,Slight
Normal,Darkness - lighting unknown,Dry,70,Car,Night,Slight
Fog or mist,Daylight,Snow,20,Car,Afternoon,Slight
Normal,Darkness - lighting unknown,Dry,40,Car,Afternoon,Slight
Snowing,Daylight,Dry,20,Car,Morning,Slight
Normal,Daylight,Wet or damp,20,Goods vehicle,Morning,Slight
Normal,Daylight,Dry,30,Car,Afternoon,Slight
Normal,Darkness - lights lit,Wet or damp,30,Goods vehicle,Night,Slight
Normal,Darkness - no lighting,Dry,20,Car,Afternoon,Slight
Raining,Darkness - lighting unknown,Dry,20,Bus/Coach,Night,Serious
Normal,Daylight,Dry,30,Car,Night,Slight
Normal,Daylight,Dry,30,Goods vehicle,Afternoon,Slight
Fog or mist,Daylight,Dry,50,Motorcycle,Afternoon,Serious
Normal,Darkness - no lighting,,20,Car,Afternoon,Slight
Fog or mist,Darkness - lights lit,Dry,20,Car,Afternoon,Slight
Unknown,Darkness - lights lit,Wet or damp,20,Car,Morning,Serious
Normal,Daylight,Dry,30,Car,Afternoon,Slight
Other,Daylight,Snow,30,Car,Morning,Slight
Normal,Darkness - lights lit,Dry,30,Car,Morning,Slight
Fog or mist,Darkness - lights lit,Dry,30,Other,Afternoon,Serious
Normal,Darkness - lighting unknown,Wet or damp,40,Bus/Coach,Night,Serious
Fog or mist,Darkness - no lighting,Snow,70,Goods vehicle,Evening,Fatal
Normal,Daylight,Wet or damp,30,Car,Afternoon,Slight
Normal,Darkness - no lighting,Dry,50,Car,Night,Slight
Normal,Daylight,Ice,20,Car,Night,Slight
Normal,Daylight,Dry,30,Car,Afternoon,Slight
Normal,Daylight,,30,Goods vehicle,Night,Slight
Raining,Darkness - no lighting,Flood over road,40,Car,Morning,Serious
Fog or mist,Daylight,Dry,20,Car,Afternoon,Slight
Raining,Darkness - no lighting,Wet or damp,60,Bus/Coach,Night,Fatal
Normal,Daylight,Snow,20,Car,Afternoon,Slight
Raining,Darkness - no lighting,Dry,60,Bus/Coach,Morning,Slight
Raining,Darkness - lights lit,Wet or damp,40,Car,Evening,Serious
,Daylight,Flood over road,20,Car,Afternoon,Serious
Normal,Daylight,Wet or damp,70,Goods vehicle,Afternoon,Slight
Raining,Daylight,Wet or damp,30,Car,Afternoon,Slight
Raining,Daylight,Dry,60,Other,Morning,Slight
Normal,Daylight,Dry,30,Goods vehicle,Afternoon,Slight
Normal,Daylight,Dry,30,Car,Afternoon,Slight
Normal,Daylight,Dry,20,Car,Afternoon,Slight
Normal,Daylight,Wet or damp,30,Car,Night,Slight
Normal,Darkness - no lighting,Wet or damp,70,Motorcycle,Evening,Serious
Normal,Darkness - lights lit,Dry,20,Car,Night,Slight
Normal,Daylight,Dry,30,Bus/Coach,Night,Slight
Normal,Daylight,Dry,30,Car,Morning,Slight
Raining,Darkness - lighting unknown,Dry,30,Car,Night,Slight
Raining,Daylight,Dry,30,Car,Morning,Slight
Raining,Daylight,Dry,20,Car,Afternoon,Slight
Normal,Daylight,Dry,30,Other,Morning,Slight
Normal,Daylight,Dry,30,Car,Morning,Slight
Normal,Darkness - lights lit,Wet or damp,20,Car,Morning,Slight
Raining,Daylight,Dry,20,Goods vehicle,Morning,Slight
Normal,Daylight,Dry,50,Car,Afternoon,Slight
Normal,Darkness - lights lit,Dry,40,Goods vehicle,Morning,Slight
Fog or mist,Daylight,Dry,20,Car,Morning,Slight
Normal,Daylight,Dry,30,Car,Afternoon,Slight
Normal,Daylight,Dry,20,Bus/Coach,Morning,Slight
Raining,Darkness - lights lit,Snow,50,Bus/Coach,Night,Serious
Raining,Daylight,Wet or damp,20,Car,Afternoon,Slight
Normal,Daylight,Dry,50,Motorcycle,Evening,Slight
Normal,Daylight,Dry,30,Car,Afternoon,Slight
Normal,Darkness - lights lit,Wet or damp,40,Other,Morning,Slight
Snowing,Daylight,Wet or damp,30,Car,Morning,Slight
Fog or mist,Darkness - no lighting,Snow,40,Car,Night,Fatal
Normal,Daylight,Dry,30,Car,Afternoon,Slight
Normal,Darkness - lights lit,,70,Car,Afternoon,Serious
Normal,Darkness - lighting unknown,Wet or damp,30,Motorcycle,Morning,Slight
Raining,Daylight,Dry,60,Car,Afternoon,Slight
Normal,Darkness - lights lit,Dry,30,Car,Afternoon,Slight
Raining,Darkness - lighting unknown,Flood over road,70,Pedal cycle,Morning,Serious
Normal,Daylight,Dry,40,Bus/Coach,Afternoon,Serious
Normal,Daylight,Wet or damp,20,Car,Morning,Slight
Normal,Daylight,Dry,30,Car,Night,Slight
Raining,Darkness - lights lit,Dry,70,Bus/Coach,Afternoon,Slight
Normal,Daylight,Dry,50,Goods vehicle,Morning,Slight
Raining,Daylight,Dry,30,Bus/Coach,Evening,Slight
Normal,Darkness - lights lit,Wet or damp,20,Car,Evening,Slight
Normal,Darkness - lights lit,Dry,50,Car,Morning,Slight
Normal,Daylight,Dry,20,Pedal cycle,Afternoon,Slight
Normal,Daylight,Dry,20,Goods vehicle,Afternoon,Slight
Normal,Daylight,Dry,50,Motorcycle,Afternoon,Slight
Other,Daylight,Dry,30,Bus/Coach,Morning,Slight
Raining,Daylight,Dry,30,Bus/Coach,Morning,Slight
Other,Daylight,Dry,50,Car,Morning,Slight
Normal,Darkness - lights lit,Dry,20,Goods vehicle,Morning,Slight
Normal,Daylight,Dry,20,Car,Afternoon,Slight
Normal,Daylight,Dry,30,Motorcycle,Afternoon,Slight
Normal,Daylight,Dry,60,Bus/Coach,Afternoon,Slight
Normal,Darkness - lights lit,Wet or damp,20,Bus/Coach,Afternoon,Slight
Raining,Daylight,Wet or damp,20,Car,Morning,Slight
Normal,Daylight,Dry,30,Bus/Coach,Afternoon,Slight
Normal,Daylight,Dry,20,Car,Morning,Slight
Unknown,Daylight,Wet or damp,20,Motorcycle,Afternoon,Slight
,Darkness - lights lit,Dry,40,Other,Evening,Serious
Normal,Darkness - lights lit,Dry,20,Goods vehicle,Morning,Slight
Normal,Daylight,Dry,20,Bus/Coach,Afternoon,Slight
Raining,Darkness - no lighting,Snow,30,Car,Afternoon,Serious
Normal,Daylight,Dry,20,Car,Afternoon,Slight
Raining,Darkness - lights lit,Wet or damp,30,Car,Evening,Serious
Raining,Darkness - lights lit,Dry,30,Car,Afternoon,Slight
Unknown,Darkness - lights lit,Snow,20,Car,Morning,Slight
Normal,Daylight,Dry,60,Pedal cycle,Morning,Slight
Raining,Darkness - lights lit,Snow,20,Pedal cycle,Evening,Serious
Unknown,Darkness - lights lit,Dry,30,Car,Morning,Serious
Normal,Darkness - lighting unknown,Snow,30,Motorcycle,Afternoon,Serious
Normal,Daylight,Dry,30,Bus/Coach,Evening,Slight
Normal,Darkness - lights lit,Flood over road,30,Car,Morning,Slight
Normal,Daylight,Dry,20,Car,Morning,Slight
Raining,Darkness - lighting unknown,Wet or damp,30,Car,Evening,Serious
Normal,Darkness - lights lit,Wet or damp,20,Goods vehicle,Afternoon,Slight
Normal,Daylight,Dry,30,Car,Morning,Slight
Normal,Daylight,Dry,50,Car,Afternoon,Slight
Raining,Daylight,Dry,20,Other,Afternoon,Slight
Normal,Daylight,Dry,40,Car,Afternoon,Slight
Normal,Daylight,Dry,30,Car,Afternoon,Slight
Normal,Darkness - no lighting,Dry,40,Bus/Coach,Evening,Serious
Raining,Darkness - lighting unknown,Dry,50,Car,Night,Slight
Raining,Daylight,Wet or damp,30,Car,Morning,Slight
Raining,Darkness - lights lit,Wet or damp,60,Car,Morning,Serious
,Darkness - lights lit,Dry,60,Car,Evening,Serious
Normal,Darkness - no lighting,Wet or damp,50,Car,Evening,Serious
Normal,Darkness - no lighting,Dry,50,Car,Morning,Slight
Normal,Darkness - no lighting,,40,Bus/Coach,Afternoon,Serious
Raining,Daylight,Dry,50,Goods vehicle,Afternoon,Slight
Normal,Daylight,Dry,70,Car,Afternoon,Slight
Raining,Darkness - no lighting,Wet or damp,30,Pedal cycle,Afternoon,Serious
Normal,Darkness - lights lit,Dry,20,Car,Afternoon,Slight
Normal,Daylight,Dry,40,Car,Morning,Slight
Normal,Darkness - no lighting,Dry,30,Car,Afternoon,Slight
Raining,Daylight,Wet or damp,30,Pedal cycle,Morning,Slight
,Daylight,Dry,70,Car,Morning,Slight
Normal,Darkness - lights lit,Dry,30,Car,Morning,Slight
Fog or mist,Darkness - lights lit,Dry,70,Car,Afternoon,Serious
Normal,Darkness - lights lit,Dry,70,Car,Afternoon,Slight
Fog or mist,Darkness - no lighting,Wet or damp,70,Motorcycle,Night,Fatal
Normal,Darkness - lights lit,Dry,20,Car,Afternoon,Slight
Normal,Daylight,,70,Car,Afternoon,Slight
Normal,Darkness - no lighting,,50,Car,Morning,Slight
Normal,Darkness - lights lit,Dry,30,Car,Evening,Slight
Normal,Daylight,Dry,20,Car,Afternoon,Slight
Fog or mist,Darkness - no lighting,Snow,70,Motorcycle,Evening,Fatal
Normal,Daylight,Wet or damp,20,Car,Afternoon,Serious
Unknown,Daylight,Dry,20,Motorcycle,Afternoon,Slight
Normal,Daylight,Dry,20,Car,Afternoon,Slight
Fog or mist,Darkness - no lighting,Ice,70,Pedal cycle,Morning,Fatal
Raining,Daylight,Dry,30,Car,Morning,Slight
Normal,Darkness - lights lit,Wet or damp,50,Goods vehicle,Afternoon,Slight
Normal,Darkness - no lighting,Dry,40,Car,Night,Slight
Raining,Daylight,Dry,30,Other,Afternoon,Slight
Snowing,Darkness - no lighting,Wet or damp,40,Car,Night,Serious
Fog or mist,Darkness - lights lit,Wet or damp,70,Car,Night,Fatal
Normal,Darkness - lights lit,Dry,30,Other,Afternoon,Slight
Raining,Daylight,Dry,30,Car,Afternoon,Slight
Normal,Daylight,Dry,20,Car,Evening,Slight
Normal,Daylight,Dry,30,Pedal cycle,Afternoon,Slight
Normal,Daylight,Dry,20,Car,Morning,Slight
Normal,Daylight,Wet or damp,30,Goods vehicle,Afternoon,Slight
Normal,Darkness - lights lit,Dry,20,Car,Morning,Slight
Normal,Daylight,Dry,30,Motorcycle,Afternoon,Slight
Normal,Daylight,Dry,30,Car,Morning,Slight
Normal,Daylight,Dry,70,Car,Afternoon,Slight
Normal,Darkness - no lighting,Wet or damp,40,Other,Morning,Slight
Snowing,Daylight,Flood over road,20,Car,Night,Slight
Raining,Daylight,Dry,60,Car,Morning,Slight
Snowing,Darkness - lights lit,Dry,20,Goods vehicle,Evening,Slight
Normal,Darkness - lights lit,Dry,70,Car,Afternoon,Slight
Fog or mist,Daylight,Dry,30,Goods vehicle,Afternoon,Slight
Normal,Daylight,Dry,20,Motorcycle,Afternoon,Slight
Other,Darkness - lights lit,Snow,20,Car,Morning,Serious
Normal,Daylight,,30,Car,Afternoon,Slight
Normal,Daylight,Dry,30,Bus/Coach,Morning,Slight
,Daylight,Dry,30,Motorcycle,Afternoon,Slight
Normal,Daylight,Dry,40,Goods vehicle,Morning,Slight
Normal,Daylight,Dry,30,Other,Morning,Slight
Normal,Daylight,Dry,40,Car,Night,Slight
Normal,Daylight,Dry,30,Car,Morning,Slight
Normal,Darkness - lights lit,Wet or damp,20,Car,Morning,Serious
Normal,Darkness - lights lit,Wet or damp,20,Car,Afternoon,Slight
Normal,Darkness - lights lit,Dry,40,Car,Afternoon,Slight
Raining,Daylight,Dry,40,Goods vehicle,Afternoon,Slight
Snowing,Daylight,Dry,60,Car,Morning,Slight
Raining,Daylight,Dry,30,Motorcycle,Evening,Slight
Normal,Darkness - lights lit,Dry,30,Car,Afternoon,Slight
Normal,Daylight,Dry,40,Bus/Coach,Morning,Slight
Raining,Daylight,Dry,50,Motorcycle,Afternoon,Slight
Raining,Daylight,Wet or damp,70,Other,Evening,Slight
Snowing,Daylight,Wet or damp,20,Motorcycle,Morning,Slight
Normal,Daylight,Wet or damp,30,Car,Afternoon,Slight
Normal,Darkness - lighting unknown,Dry,20,Car,Night,Slight
Normal,Daylight,Wet or damp,50,Car,Afternoon,Slight
Normal,Daylight,Dry,20,Goods vehicle,Morning,Slight
Normal,Daylight,Dry,30,Bus/Coach,Night,Slight
Normal,Darkness - no lighting,Dry,30,Car,Morning,Slight
Normal,Darkness - lights lit,Dry,50,Goods vehicle,Afternoon,Serious
Raining,Daylight,Dry,30,Car,Afternoon,Slight
Normal,Darkness - lights lit,Dry,20,Car,Morning,Slight
Unknown,Daylight,Dry,20,Motorcycle,Night,Slight
Raining,Darkness - lighting unknown,Dry,30,Motorcycle,Evening,Slight
Normal,Daylight,,50,Car,Morning,Slight
Normal,Daylight,Dry,30,Car,Morning,Slight
Raining,Darkness - lights lit,Dry,30,Goods vehicle,Afternoon,Slight
Other,Daylight,Dry,30,Car,Night,Serious
Normal,Darkness - lights lit,Wet or damp,40,Bus/Coach,Night,Serious
Normal,Daylight,Dry,30,Car,Afternoon,Slight
Normal,Daylight,Wet or damp,50,Car,Morning,Slight
Normal,Darkness - lights lit,Wet or damp,30,Car,Afternoon,Serious
Raining,Darkness - lighting unknown,Dry,20,Bus/Coach,Afternoon,Slight
Normal,Daylight,Dry,20,Other,Morning,Slight
Fog or mist,Darkness - no lighting,Ice,60,Car,Evening,Fatal
Normal,Daylight,Dry,30,Car,Afternoon,Slight
Snowing,Daylight,Wet or damp,30,Motorcycle,Afternoon,Slight
Unknown,Daylight,Dry,20,Car,Afternoon,Slight
Raining,Daylight,Dry,20,Motorcycle,Evening,Slight
Normal,Darkness - lighting unknown,Dry,30,Car,Morning,Slight
Normal,Darkness - lights lit,Dry,50,Car,Afternoon,Slight
Fog or mist,Daylight,Dry,40,Other,Night,Slight
Normal,Daylight,Snow,30,Car,Night,Slight
Raining,Daylight,Dry,30,Car,Afternoon,Slight
Normal,Darkness - lighting unknown,Dry,20,Car,Morning,Slight
Raining,Darkness - no lighting,Ice,60,Motorcycle,Night,Fatal
Normal,Daylight,Snow,30,Bus/Coach,Night,Slight
Normal,Daylight,Dry,20,Other,Afternoon,Slight
Raining,Daylight,Dry,20,Car,Evening,Slight
Normal,Daylight,Wet or damp,60,Car,Afternoon,Slight
Normal,Darkness - lights lit,Dry,30,Car,Morning,Slight
Normal,Daylight,Dry,30,Car,Afternoon,Slight
Other,Darkness - no lighting,Dry,20,Motorcycle,Afternoon,Slight
Normal,Daylight,Snow,60,Car,Morning,Slight
Normal,Darkness - lights lit,Wet or damp,30,Car,Morning,Slight
Normal,Darkness - lights lit,Snow,50,Other,Afternoon,Serious
Normal,Darkness - no lighting,Wet or damp,50,Car,Afternoon,Slight
Normal,Daylight,Dry,30,Goods vehicle,Afternoon,Slight
Normal,Daylight,Dry,30,Goods vehicle,Afternoon,Slight
Snowing,Darkness - lights lit,Wet or damp,50,Car,Night,Serious
Normal,Darkness - lighting unknown,Dry,60,Car,Afternoon,Slight
Raining,Daylight,Dry,20,Goods vehicle,Morning,Slight
Raining,Darkness - no lighting,Dry,50,Car,Afternoon,Slight
Normal,Daylight,Dry,30,Pedal cycle,Morning,Slight
Raining,Darkness - lighting unknown,Snow,60,Car,Evening,Serious
Normal,Daylight,Wet or damp,20,Car,Afternoon,Slight
Normal,Darkness - lights lit,Dry,40,Car,Evening,Slight
Raining,Daylight,Dry,20,Goods vehicle,Afternoon,Slight
Normal,Daylight,Dry,30,Motorcycle,Night,Slight
Snowing,Daylight,Wet or damp,60,Motorcycle,Night,Fatal
Fog or mist,Darkness - lights lit,Wet or damp,70,Goods vehicle,Evening,Fatal
Normal,Daylight,Dry,50,Motorcycle,Morning,Slight
,Darkness - lights lit,Dry,70,Car,Afternoon,Slight
Normal,Daylight,,30,Car,Morning,Slight
Normal,Darkness - lighting unknown,Wet or damp,70,Car,Afternoon,Slight
Raining,Daylight,Dry,30,Car,Afternoon,Slight
Raining,Darkness - lighting unknown,Dry,30,Goods vehicle,Afternoon,Slight
Raining,Daylight,Dry,20,Car,Morning,Slight
Normal,Daylight,Dry,30,Car,Morning,Slight
Normal,Daylight,Dry,30,Motorcycle,Night,Slight
Normal,Daylight,Wet or damp,20,Car,Afternoon,Slight
Fog or mist,Darkness - no lighting,Dry,20,Goods vehicle,Afternoon,Slight
Raining,Daylight,Ice,30,Car,Afternoon,Slight
Raining,Darkness - lights lit,Flood over road,50,Car,Evening,Serious
Normal,Daylight,Wet or damp,30,Bus/Coach,Afternoon,Slight
Raining,Daylight,Snow,60,Motorcycle,Evening,Fatal
Normal,Daylight,Wet or damp,40,Car,Afternoon,Slight
Snowing,Darkness - lights lit,Dry,20,Car,Morning,Slight
Normal,Daylight,Dry,60,Motorcycle,Morning,Slight
Normal,Darkness - lights lit,Dry,30,Car,Afternoon,Slight
Normal,Daylight,Dry,30,Motorcycle,Morning,Slight
Raining,Daylight,Dry,30,Car,Morning,Slight
Normal,Darkness - lighting unknown,Dry,40,Goods vehicle,Night,Slight
Snowing,Darkness - lighting unknown,Dry,30,Car,Afternoon,Slight
,Darkness - lights lit,Dry,50,Car,Afternoon,Slight
Normal,Darkness - lights lit,Dry,30,Pedal cycle,Morning,Slight
,Daylight,Dry,70,Car,Night,Serious
,Darkness - no lighting,Ice,50,Car,Evening,Fatal
Raining,Daylight,Dry,60,Car,Afternoon,Slight
,Darkness - no lighting,Dry,20,Car,Morning,Slight
Normal,Daylight,Dry,40,Motorcycle,Morning,Slight
Raining,Daylight,Dry,20,Goods vehicle,Evening,Slight
Normal,Daylight,Wet or damp,30,Car,Afternoon,Slight
Normal,Darkness - lights lit,Wet or damp,50,Bus/Coach,Evening,Serious
Normal,Daylight,Dry,30,Motorcycle,Morning,Slight
Normal,Daylight,Dry,60,Car,Afternoon,Slight
Normal,Daylight,,30,Car,Afternoon,Slight
Normal,Daylight,Dry,30,Car,Morning,Slight
Fog or mist,Darkness - no lighting,Ice,40,Bus/Coach,Evening,Serious
Normal,Daylight,,40,Goods vehicle,Morning,Slight
Normal,Daylight,Dry,30,Car,Morning,Slight
Snowing,Daylight,Dry,20,Car,Afternoon,Slight
Raining,Daylight,Wet or damp,20,Car,Morning,Slight
,Daylight,Dry,20,Car,Morning,Slight
Normal,Daylight,Dry,20,Goods vehicle,Afternoon,Slight
Normal,Daylight,Ice,30,Car,Afternoon,Slight
Normal,Darkness - no lighting,Wet or damp,20,Car,Afternoon,Slight
Normal,Daylight,Dry,40,Bus/Coach,Night,Slight
Snowing,Daylight,Dry,20,Motorcycle,Morning,Slight
Raining,Daylight,Snow,60,Bus/Coach,Morning,Serious
Snowing,Darkness - lights lit,Wet or damp,40,Pedal cycle,Afternoon,Serious
,Daylight,Snow,30,Car,Morning,Slight
,Darkness - lighting unknown,Wet or damp,30,Car,Afternoon,Serious
Fog or mist,Daylight,Wet or damp,70,Car,Evening,Slight
,Daylight,Dry,20,Other,Evening,Slight
Unknown,Daylight,Wet or damp,20,Car,Afternoon,Slight
Normal,Daylight,Dry,30,Other,Morning,Slight
Normal,Daylight,Wet or damp,40,Car,Morning,Slight
Fog or mist,Daylight,Dry,30,Car,Afternoon,Slight
Normal,Daylight,Dry,30,Car,Afternoon,Slight
,Daylight,Dry,30,Car,Afternoon,Slight
Raining,Daylight,Dry,30,Car,Morning,Slight
,Daylight,Dry,70,Goods vehicle,Morning,Slight
Normal,Daylight,Wet or damp,20,Car,Night,Slight
Snowing,Darkness - no lighting,Snow,30,Motorcycle,Afternoon,Serious
,Daylight,Dry,20,Car,Evening,Slight
Normal,Daylight,Dry,40,Car,Night,Slight
Unknown,Darkness - no lighting,Flood over road,60,Goods vehicle,Night,Fatal
Fog or mist,Darkness - lights lit,Dry,40,Goods vehicle,Afternoon,Serious
Normal,Daylight,Snow,30,Bus/Coach,Afternoon,Slight
Normal,Daylight,Flood over road,50,Bus/Coach,Afternoon,Serious
Normal,Daylight,Dry,30,Car,Afternoon,Slight
Snowing,Darkness - no lighting,Snow,60,Car,Afternoon,Fatal
Normal,Darkness - lights lit,Dry,50,Other,Morning,Slight
Normal,Daylight,Dry,50,Other,Afternoon,Slight
,Daylight,Dry,30,Car,Night,Slight
Normal,Darkness - no lighting,Dry,20,Goods vehicle,Night,Slight
Normal,Darkness - lights lit,Dry,30,Car,Night,Slight
Snowing,Daylight,Dry,60,Car,Afternoon,Slight
Raining,Daylight,Dry,30,Car,Morning,Slight
Normal,Daylight,Dry,60,Car,Afternoon,Slight
Normal,Daylight,Dry,40,Car,Evening,Slight
,Daylight,Ice,20,Car,Afternoon,Slight
Normal,Daylight,Dry,20,Goods vehicle,Night,Slight
,Daylight,Dry,30,Car,Night,Slight
Normal,Daylight,Dry,50,Car,Night,Slight
Normal,Darkness - lighting unknown,Dry,30,Bus/Coach,Morning,Slight
Normal,Daylight,Dry,60,Car,Morning,Slight
Normal,Daylight,Dry,40,Motorcycle,Morning,Slight
Normal,Darkness - lights lit,Dry,20,Car,Afternoon,Slight
Normal,Darkness - no lighting,Dry,50,Motorcycle,Night,Fatal
Raining,Daylight,Wet or damp,30,Car,Night,Slight
Normal,Darkness - lights lit,Dry,30,Goods vehicle,Night,Slight
Normal,Daylight,Wet or damp,30,Goods vehicle,Morning,Slight
Normal,Darkness - lighting unknown,Dry,70,Pedal cycle,Night,Slight
Fog or mist,Darkness - no lighting,Wet or damp,20,Car,Morning,Serious
Normal,Darkness - no lighting,Dry,30,Bus/Coach,Afternoon,Slight
Snowing,Daylight,Dry,20,Car,Evening,Slight
Unknown,Daylight,Dry,60,Pedal cycle,Morning,Slight
Raining,Daylight,Dry,40,Car,Morning,Slight
Fog or mist,Daylight,,30,Car,Morning,Slight
Normal,Daylight,Wet or damp,40,Car,Afternoon,Slight
Normal,Daylight,Dry,30,Car,Morning,Slight
Other,Darkness - lights lit,Dry,60,Motorcycle,Afternoon,Slight
Normal,Daylight,Dry,20,Car,Morning,Slight
Raining,Daylight,,30,Car,Morning,Slight
Normal,Darkness - lights lit,Wet or damp,40,Car,Afternoon,Serious
Fog or mist,Darkness - lighting unknown,Wet or damp,40,Car,Night,Serious
Normal,Darkness - no lighting,Dry,30,Car,Afternoon,Slight
Raining,Daylight,Dry,40,Motorcycle,Morning,Serious
Normal,Darkness - lights lit,Dry,40,Car,Morning,Slight
Normal,Darkness - no lighting,Wet or damp,60,Motorcycle,Morning,Fatal
Normal,Darkness - lights lit,Dry,20,Motorcycle,Morning,Slight
Normal,Daylight,Wet or damp,40,Motorcycle,Evening,Slight
Normal,Darkness - lighting unknown,Dry,30,Car,Night,Slight
Normal,Daylight,Dry,30,Goods vehicle,Afternoon,Slight
Raining,Daylight,Dry,30,Goods vehicle,Morning,Slight
Normal,Darkness - lights lit,Dry,20,Car,Afternoon,Slight
Normal,Darkness - lights lit,Flood over road,20,Car,Morning,Slight
Normal,Daylight,Wet or damp,50,Car,Morning,Slight
Normal,Darkness - lights lit,Dry,30,Bus/Coach,Afternoon,Slight
Normal,Darkness - lights lit,Dry,20,Car,Evening,Slight
Normal,Darkness - lighting unknown,Snow,70,Car,Evening,Slight
Normal,Daylight,Dry,20,Car,Evening,Slight
Normal,Daylight,Snow,20,Car,Morning,Slight
Normal,Darkness - lights lit,Wet or damp,60,Car,Evening,Serious
Other,Daylight,Dry,30,Car,Morning,Slight
Other,Daylight,Wet or damp,20,Pedal cycle,Morning,Slight
Normal,Darkness - lights lit,Wet or damp,30,Car,Morning,Slight
Normal,Daylight,Dry,40,Bus/Coach,Morning,Slight
Normal,Darkness - lights lit,Dry,40,Car,Afternoon,Slight
Normal,Daylight,Dry,50,Car,Morning,Slight
Normal,Daylight,Wet or damp,30,Car,Morning,Slight
Normal,Daylight,Flood over road,30,Car,Morning,Slight
Snowing,Daylight,Flood over road,40,Bus/Coach,Night,Serious
Fog or mist,Darkness - lights lit,Flood over road,20,Car,Afternoon,Slight
Normal,Daylight,Wet or damp,70,Car,Morning,Slight
Normal,Daylight,Snow,20,Car,Afternoon,Slight
Normal,Darkness - lights lit,Wet or damp,30,Bus/Coach,Morning,Slight
Normal,Daylight,Dry,20,Motorcycle,Afternoon,Slight
Normal,Daylight,Dry,30,Bus/Coach,Morning,Slight
Normal,Daylight,Ice,30,Car,Afternoon,Slight
Normal,Darkness - lights lit,Wet or damp,30,Car,Afternoon,Slight
Normal,Daylight,Dry,20,Car,Afternoon,Slight
Normal,Daylight,Wet or damp,20,Car,Morning,Slight
Fog or mist,Daylight,Dry,40,Car,Morning,Slight
Normal,Daylight,Dry,20,Car,Afternoon,Slight
Snowing,Darkness - lights lit,Flood over road,20,Car,Afternoon,Serious
Normal,Daylight,Dry,30,Pedal cycle,Morning,Slight
Raining,Daylight,Dry,30,Bus/Coach,Evening,Slight
Normal,Daylight,Dry,60,Motorcycle,Morning,Slight
Normal,Darkness - lighting unknown,Wet or damp,20,Bus/Coach,Afternoon,Slight
Normal,Daylight,Dry,30,Motorcycle,Morning,Slight
Normal,Daylight,Wet or damp,20,Car,Morning,Slight
Normal,Daylight,,50,Car,Morning,Slight
Normal,Daylight,Dry,20,Goods vehicle,Morning,Slight
Normal,Daylight,,30,Car,Night,Slight
Snowing,Darkness - lights lit,Dry,20,Car,Evening,Slight
Raining,Daylight,Dry,60,Other,Morning,Serious
Normal,Daylight,,30,Motorcycle,Afternoon,Slight
Normal,Darkness - lights lit,Dry,30,Car,Morning,Slight
Normal,Daylight,Dry,50,Car,Morning,Slight
Raining,Daylight,Dry,30,Car,Evening,Slight
Raining,Darkness - no lighting,Dry,40,Goods vehicle,Afternoon,Serious
Snowing,Daylight,Dry,30,Goods vehicle,Evening,Slight
Raining,Darkness - lights lit,Dry,40,Car,Morning,Slight
Normal,Daylight,Dry,20,Car,Afternoon,Slight
Snowing,Darkness - lights lit,Dry,40,Car,Morning,Slight
Normal,Darkness - lights lit,Dry,20,Goods vehicle,Afternoon,Slight
Snowing,Daylight,Dry,30,Car,Afternoon,Serious
Fog or mist,Darkness - lights lit,Wet or damp,20,Car,Afternoon,Slight
Raining,Darkness - no lighting,Dry,40,Car,Afternoon,Slight
Normal,Darkness - lights lit,Wet or damp,30,Car,Afternoon,Slight
Other,Darkness - lights lit,Wet or damp,30,Car,Morning,Slight
Raining,Darkness - lights lit,Dry,30,Car,Morning,Slight
Normal,Darkness - no lighting,Dry,30,Car,Night,Slight
Raining,Darkness - lighting unknown,Wet or damp,30,Motorcycle,Afternoon,Serious
Fog or mist,Darkness - lights lit,Dry,20,Car,Morning,Slight
Normal,Darkness - lights lit,Wet or damp,20,Car,Morning,Slight
Normal,Daylight,Dry,50,Car,Afternoon,Slight
Snowing,Daylight,Dry,20,Car,Afternoon,Slight
Fog or mist,Darkness - no lighting,Snow,60,Goods vehicle,Night,Fatal
Normal,Darkness - lights lit,Dry,20,Motorcycle,Evening,Slight
Unknown,Daylight,Dry,30,Pedal cycle,Morning,Slight
Normal,Daylight,Wet or damp,30,Goods vehicle,Night,Slight
Raining,Daylight,Dry,30,Bus/Coach,Morning,Slight
Fog or mist,Darkness - lights lit,Dry,30,Car,Morning,Slight
Normal,Daylight,Wet or damp,20,Car,Morning,Slight
Normal,Daylight,Dry,20,Car,Afternoon,Slight
,Daylight,Dry,70,Car,Afternoon,Slight
Fog or mist,Daylight,,60,Car,Morning,Slight
Snowing,Darkness - no lighting,Ice,50,Car,Night,Fatal
Raining,Daylight,Wet or damp,30,Car,Morning,Slight
Snowing,Daylight,Wet or damp,20,Car,Morning,Slight
Normal,Daylight,Dry,30,Car,Afternoon,Slight
Normal,Daylight,Wet or damp,50,Bus/Coach,Night,Serious
Normal,Darkness - lights lit,,70,Car,Afternoon,Serious
Normal,Darkness - lights lit,Flood over road,60,Car,Afternoon,Serious
Fog or mist,Darkness - lighting unknown,Wet or damp,30,Car,Afternoon,Slight
Normal,Daylight,Dry,60,Car,Afternoon,Slight
Raining,Daylight,Dry,20,Car,Morning,Slight
Normal,Daylight,Dry,30,Bus/Coach,Morning,Slight
Raining,Daylight,Wet or damp,30,Car,Afternoon,Slight
Raining,Daylight,Dry,30,Car,Afternoon,Slight
Raining,Darkness - lighting unknown,Dry,40,Car,Morning,Slight
Normal,Darkness - lighting unknown,Dry,30,Car,Afternoon,Slight
Raining,Daylight,Wet or damp,50,Motorcycle,Morning,Slight
Snowing,Daylight,Dry,30,Car,Morning,Slight
Normal,Daylight,Dry,30,Bus/Coach,Morning,Slight
Normal,Daylight,Dry,20,Goods vehicle,Morning,Slight
Fog or mist,Daylight,Dry,20,Pedal cycle,Afternoon,Slight
Normal,Darkness - lights lit,,20,Car,Afternoon,Slight
Raining,Daylight,Dry,30,Car,Afternoon,Slight
Raining,Darkness - lights lit,Snow,50,Car,Morning,Fatal
Normal,Daylight,,40,Car,Night,Slight
Normal,Darkness - lighting unknown,Dry,30,Car,Afternoon,Slight
Normal,Daylight,Wet or damp,20,Car,Afternoon,Slight
Normal,Daylight,,30,Bus/Coach,Night,Serious
Normal,Darkness - lights lit,Dry,70,Other,Afternoon,Serious
Raining,Daylight,Dry,20,Car,Evening,Slight
Normal,Daylight,Wet or damp,50,Bus/Coach,Evening,Serious
Normal,Daylight,Flood over road,20,Car,Morning,Slight
Normal,Daylight,,30,Car,Morning,Slight
Normal,Darkness - lights lit,Dry,20,Car,Night,Slight
Normal,Daylight,Dry,20,Car,Morning,Slight
Normal,Daylight,Dry,20,Car,Morning,Slight
Normal,Daylight,Dry,20,Car,Morning,Slight
Normal,Daylight,Wet or damp,20,Other,Morning,Slight
Normal,Darkness - lights lit,Dry,30,Car,Night,Slight
Normal,Darkness - no lighting,Snow,40,Car,Night,Fatal
Normal,Daylight,Dry,30,Car,Afternoon,Slight
Normal,Daylight,Wet or damp,20,Bus/Coach,Morning,Slight
Normal,Daylight,Wet or damp,20,Car,Afternoon,Slight
Normal,Daylight,Dry,30,Car,Afternoon,Slight
Normal,Daylight,Dry,20,Other,Afternoon,Slight
Raining,Daylight,Dry,20,Bus/Coach,Afternoon,Slight
Normal,Daylight,Dry,20,Car,Afternoon,Slight
Normal,Daylight,Ice,60,Motorcycle,Morning,Serious
Raining,Daylight,Dry,30,Car,Afternoon,Slight
Normal,Daylight,Dry,30,Bus/Coach,Night,Slight
Normal,Darkness - lighting unknown,Dry,60,Car,Morning,Slight
Raining,Darkness - lights lit,Dry,20,Car,Afternoon,Slight
Normal,Daylight,Dry,20,Motorcycle,Afternoon,Slight
Raining,Darkness - lights lit,Dry,70,Car,Afternoon,Serious
Raining,Darkness - lights lit,Dry,60,Car,Afternoon,Serious
Normal,Darkness - lighting unknown,Dry,30,Other,Morning,Slight
Normal,Daylight,Dry,20,Car,Morning,Slight
Normal,Daylight,Dry,30,Other,Night,Slight
Unknown,Darkness - lighting unknown,Dry,30,Other,Afternoon,Slight
Normal,Daylight,Dry,20,Car,Morning,Slight
Normal,Daylight,Dry,40,Other,Morning,Serious
,Daylight,Dry,30,Car,Morning,Slight
Normal,Daylight,Ice,60,Car,Night,Serious
Normal,Daylight,Dry,20,Car,Afternoon,Slight
Normal,Darkness - lights lit,Wet or damp,50,Goods vehicle,Afternoon,Serious
Normal,Darkness - lights lit,Dry,20,Car,Evening,Slight
Other,Daylight,Dry,30,Motorcycle,Evening,Slight
Raining,Darkness - lights lit,Flood over road,40,Pedal cycle,Night,Serious
Raining,Daylight,Dry,30,Car,Afternoon,Slight
Normal,Daylight,Wet or damp,40,Motorcycle,Afternoon,Serious
Normal,Darkness - lights lit,Dry,30,Other,Evening,Slight
Normal,Darkness - lights lit,Dry,40,Car,Morning,Slight
,Daylight,Dry,20,Other,Morning,Slight
Raining,Daylight,Dry,30,Car,Afternoon,Slight
,Darkness - lights lit,Dry,40,Goods vehicle,Afternoon,Serious
Normal,Daylight,Dry,30,Car,Night,Slight
Normal,Daylight,Dry,20,Bus/Coach,Afternoon,Slight
Other,Daylight,Dry,20,Car,Afternoon,Slight
Normal,Daylight,Wet or damp,40,Car,Morning,Slight
Normal,Daylight,Dry,30,Bus/Coach,Morning,Slight
Fog or mist,Daylight,Snow,60,Bus/Coach,Evening,Fatal
Normal,Daylight,Snow,30,Car,Morning,Slight
Raining,Darkness - no lighting,Ice,60,Motorcycle,Morning,Serious
Normal,Daylight,Dry,30,Motorcycle,Morning,Slight
Raining,Daylight,Dry,30,Other,Evening,Slight
Normal,Daylight,Dry,40,Motorcycle,Afternoon,Slight
Raining,Daylight,Wet or damp,30,Car,Morning,Slight
Snowing,Darkness - lights lit,,30,Motorcycle,Afternoon,Slight
Normal,Darkness - lights lit,Wet or damp,30,Goods vehicle,Afternoon,Slight
Normal,Daylight,Wet or damp,50,Motorcycle,Morning,Slight
Normal,Darkness - lights lit,Ice,20,Bus/Coach,Afternoon,Slight
Normal,Darkness - lights lit,Dry,50,Car,Morning,Slight
Raining,Daylight,Wet or damp,30,Car,Evening,Slight
Raining,Daylight,Dry,40,Goods vehicle,Morning,Slight
Normal,Daylight,Dry,20,Goods vehicle,Afternoon,Slight
Raining,Daylight,Dry,50,Goods vehicle,Morning,Slight
Normal,Darkness - lights lit,Dry,40,Car,Afternoon,Slight
Normal,Daylight,Snow,40,Car,Evening,Slight
Normal,Darkness - lights lit,Dry,50,Bus/Coach,Afternoon,Slight
Normal,Darkness - lighting unknown,Dry,30,Car,Morning,Slight
Normal,Darkness - lighting unknown,Dry,30,Car,Night,Slight
Normal,Daylight,Dry,30,Motorcycle,Morning,Slight
,Daylight,Dry,30,Car,Morning,Slight
Normal,Daylight,Dry,70,Other,Evening,Slight
,Darkness - lights lit,Dry,20,Car,Morning,Slight
Snowing,Darkness - no lighting,Ice,30,Goods vehicle,Afternoon,Serious
Normal,Darkness - lights lit,Ice,20,Car,Morning,Slight
Normal,Darkness - lights lit,Dry,30,Bus/Coach,Morning,Slight
Raining,Darkness - lights lit,Dry,20,Car,Morning,Slight
Normal,Darkness - lights lit,,30,Car,Afternoon,Slight
Snowing,Daylight,Dry,30,Car,Morning,Slight
Normal,Daylight,Flood over road,30,Car,Afternoon,Slight
Normal,Daylight,,40,Car,Night,Slight
Normal,Daylight,Dry,30,Car,Morning,Slight
Normal,Daylight,Dry,30,Pedal cycle,Evening,Serious
Snowing,Darkness - lights lit,Wet or damp,50,Motorcycle,Afternoon,Slight
Normal,Daylight,Wet or damp,30,Pedal cycle,Morning,Slight
Normal,Daylight,Dry,20,Car,Night,Slight
Normal,Daylight,Dry,40,Bus/Coach,Night,Slight
Normal,Darkness - lights lit,Flood over road,70,Bus/Coach,Morning,Slight
Raining,Darkness - lights lit,Wet or damp,20,Motorcycle,Morning,Slight
Normal,Darkness - no lighting,Dry,30,Car,Afternoon,Slight
Fog or mist,Daylight,Dry,40,Car,Morning,Slight
Normal,Daylight,Dry,50,Car,Morning,Slight
Normal,Daylight,Wet or damp,30,Car,Night,Slight
Normal,Daylight,Dry,30,Car,Morning,Slight
Raining,Daylight,Dry,30,Car,Morning,Slight
Normal,Daylight,Dry,40,Car,Night,Slight
Unknown,Darkness - no lighting,Wet or damp,40,Car,Evening,Serious
Normal,Daylight,Dry,30,Car,Afternoon,Slight
Fog or mist,Darkness - no lighting,Dry,70,Car,Night,Serious
,Darkness - lights lit,Dry,30,Motorcycle,Afternoon,Slight
Normal,Daylight,Dry,20,Car,Afternoon,Slight
Normal,Daylight,Ice,50,Bus/Coach,Afternoon,Slight
Normal,Daylight,Wet or damp,30,Car,Morning,Slight
Normal,Daylight,Dry,30,Car,Afternoon,Slight
Raining,Daylight,Dry,60,Car,Morning,Slight
Normal,Daylight,,30,Car,Afternoon,Slight
Normal,Daylight,Dry,40,Car,Afternoon,Slight
Normal,Daylight,Dry,50,Car,Afternoon,Slight
Raining,Daylight,Dry,50,Car,Morning,Slight
Raining,Darkness - lights lit,Wet or damp,60,Car,Afternoon,Slight
Unknown,Daylight,,20,Bus/Coach,Afternoon,Slight
,Daylight,Dry,40,Bus/Coach,Night,Serious
Normal,Daylight,Dry,40,Goods vehicle,Night,Slight
Normal,Daylight,Dry,70,Car,Morning,Slight
Normal,Daylight,Wet or damp,20,Pedal cycle,Morning,Slight
Normal,Daylight,,30,Car,Afternoon,Slight
Normal,Darkness - lighting unknown,,20,Car,Afternoon,Slight
Normal,Daylight,Dry,20,Bus/Coach,Morning,Slight
Raining,Darkness - lights lit,Dry,50,Motorcycle,Morning,Slight
Raining,Daylight,Dry,30,Car,Afternoon,Slight
Normal,Daylight,Dry,40,Motorcycle,Afternoon,Slight
Normal,Darkness - lights lit,Wet or damp,50,Bus/Coach,Morning,Fatal
Normal,Daylight,Wet or damp,40,Car,Afternoon,Slight
Normal,Darkness - lights lit,Dry,20,Car,Morning,Slight
Normal,Daylight,Snow,30,Goods vehicle,Afternoon,Slight
Normal,Daylight,Dry,30,Car,Afternoon,Slight
,Daylight,Dry,50,Car,Morning,Slight
Snowing,Daylight,Dry,30,Goods vehicle,Night,Slight
Fog or mist,Daylight,Dry,60,Car,Morning,Slight
,Darkness - lights lit,Wet or damp,30,Goods vehicle,Afternoon,Slight
Raining,Daylight,Dry,30,Motorcycle,Morning,Slight
,Daylight,Wet or damp,20,Car,Afternoon,Slight
Normal,Daylight,Flood over road,40,Other,Afternoon,Serious
Normal,Daylight,Wet or damp,70,Other,Evening,Slight
Raining,Darkness - no lighting,Dry,40,Bus/Coach,Night,Serious
Raining,Daylight,Wet or damp,70,Car,Night,Slight
Normal,Darkness - lights lit,Dry,30,Car,Morning,Slight
,Darkness - no lighting,Dry,30,Pedal cycle,Night,Slight
Normal,Daylight,Dry,20,Bus/Coach,Morning,Slight
Normal,Daylight,Dry,50,Car,Morning,Slight
Normal,Daylight,Dry,20,Goods vehicle,Afternoon,Slight
Normal,Daylight,Dry,30,Motorcycle,Morning,Slight
Normal,Daylight,Wet or damp,30,Car,Evening,Slight
Normal,Darkness - lights lit,Dry,50,Car,Morning,Slight
Normal,Daylight,Dry,20,Car,Afternoon,Slight
Fog or mist,Darkness - lighting unknown,Snow,20,Motorcycle,Night,Fatal
Normal,Daylight,Dry,20,Car,Afternoon,Slight
Normal,Darkness - lights lit,Dry,40,Car,Afternoon,Slight
Other,Daylight,Dry,30,Car,Afternoon,Slight
Normal,Daylight,Wet or damp,30,Car,Evening,Slight
Normal,Daylight,Dry,30,Pedal cycle,Morning,Slight
Fog or mist,Darkness - lighting unknown,Dry,40,Car,Afternoon,Slight
Normal,Daylight,Dry,20,Car,Night,Serious
Normal,Darkness - lights lit,Dry,30,Car,Afternoon,Slight
Raining,Daylight,Dry,30,Motorcycle,Morning,Slight
Snowing,Daylight,Dry,30,Goods vehicle,Morning,Slight
Normal,Daylight,Dry,50,Other,Morning,Slight
Normal,Daylight,Dry,20,Car,Morning,Slight
Normal,Daylight,Dry,20,Motorcycle,Evening,Slight
Normal,Daylight,Dry,30,Motorcycle,Morning,Slight
Normal,Daylight,Dry,30,Bus/Coach,Morning,Slight
Snowing,Darkness - no lighting,Wet or damp,60,Goods vehicle,Night,Fatal
Normal,Daylight,Dry,40,Car,Morning,Slight
Snowing,Darkness - lights lit,Dry,60,Car,Morning,Slight
Normal,Daylight,Dry,30,Motorcycle,Afternoon,Slight
Normal,Daylight,Dry,60,Car,Morning,Slight
Raining,Daylight,Dry,20,Other,Morning,Slight
Normal,Daylight,Dry,40,Goods vehicle,Morning,Slight
Normal,Daylight,Dry,20,Motorcycle,Morning,Slight
Raining,Darkness - no lighting,Flood over road,70,Motorcycle,Afternoon,Serious
Raining,Daylight,Snow,20,Car,Morning,Slight
,Darkness - lights lit,Wet or damp,20,Motorcycle,Evening,Serious
Normal,Darkness - lighting unknown,Flood over road,30,Car,Morning,Slight
Raining,Darkness - no lighting,Dry,50,Car,Night,Fatal
Normal,Daylight,Wet or damp,20,Car,Afternoon,Slight
Normal,Darkness - lights lit,Wet or damp,60,Car,Afternoon,Serious
Normal,Daylight,Flood over road,20,Pedal cycle,Morning,Slight
Raining,Daylight,Wet or damp,40,Car,Afternoon,Serious
Normal,Darkness - lights lit,Dry,60,Pedal cycle,Morning,Slight
Normal,Daylight,Dry,20,Motorcycle,Afternoon,Slight
Snowing,Daylight,Dry,30,Car,Afternoon,Slight
Normal,Daylight,Dry,30,Motorcycle,Morning,Slight
Raining,Daylight,Dry,30,Goods vehicle,Evening,Slight
Normal,Darkness - lights lit,Dry,20,Car,Afternoon,Slight
Normal,Darkness - lights lit,Wet or damp,30,Car,Evening,Slight
Normal,Daylight,Dry,30,Car,Morning,Slight
Normal,Darkness - lights lit,Dry,30,Bus/Coach,Afternoon,Slight
Normal,Darkness - lights lit,Flood over road,30,Bus/Coach,Morning,Slight
Unknown,Darkness - lights lit,Snow,40,Car,Night,Serious
Normal,Daylight,Wet or damp,40,Car,Afternoon,Slight
Snowing,Darkness - lighting unknown,Ice,60,Motorcycle,Evening,Fatal
Normal,Darkness - lights lit,Wet or damp,30,Bus/Coach,Afternoon,Slight
Normal,Darkness - lights lit,Dry,20,Car,Morning,Slight
Normal,Darkness - lights lit,Dry,30,Car,Night,Slight
Raining,Darkness - lights lit,Wet or damp,50,Car,Afternoon,Slight
Raining,Darkness - lighting unknown,Snow,20,Car,Morning,Slight
Normal,Daylight,Flood over road,30,Motorcycle,Afternoon,Slight
Other,Daylight,Dry,30,Other,Morning,Slight
Normal,Daylight,Wet or damp,30,Car,Morning,Slight
Normal,Darkness - no lighting,Wet or damp,70,Other,Evening,Fatal
Normal,Darkness - lights lit,Dry,20,Car,Morning,Slight
Snowing,Darkness - lights lit,Dry,30,Motorcycle,Afternoon,Slight
Normal,Daylight,Wet or damp,30,Car,Morning,Slight
Normal,Daylight,Dry,50,Car,Afternoon,Slight
Normal,Daylight,,20,Goods vehicle,Evening,Slight
Raining,Daylight,Dry,70,Car,Morning,Slight
,Daylight,Snow,30,Goods vehicle,Morning,Slight
Normal,Daylight,Dry,60,Car,Afternoon,Slight
,Daylight,Dry,50,Bus/Coach,Morning,Slight
Normal,Darkness - lights lit,Wet or damp,50,Car,Morning,Slight
Other,Darkness - no lighting,Dry,40,Pedal cycle,Morning,Slight
Normal,Darkness - lights lit,Dry,40,Pedal cycle,Evening,Serious
Normal,Daylight,Dry,30,Car,Afternoon,Slight
Raining,Darkness - no lighting,Flood over road,50,Bus/Coach,Evening,Serious
,Darkness - lights lit,Dry,50,Motorcycle,Afternoon,Slight
Normal,Darkness - lights lit,Dry,60,Car,Afternoon,Slight
Normal,Darkness - no lighting,Wet or damp,70,Motorcycle,Night,Fatal
Normal,Daylight,Wet or damp,40,Car,Morning,Serious
Normal,Darkness - lights lit,Wet or damp,40,Car,Morning,Slight
Unknown,Daylight,Dry,20,Motorcycle,Afternoon,Slight
Normal,Daylight,Dry,30,Goods vehicle,Afternoon,Slight
Snowing,Darkness - no lighting,,20,Goods vehicle,Morning,Slight
,Darkness - lighting unknown,Wet or damp,50,Car,Night,Serious
Normal,Daylight,Snow,30,Motorcycle,Afternoon,Slight
Raining,Darkness - lights lit,Snow,50,Car,Morning,Serious
Normal,Daylight,Dry,70,Car,Afternoon,Slight
Normal,Daylight,Ice,20,Car,Morning,Slight
Normal,Darkness - lights lit,Wet or damp,30,Pedal cycle,Morning,Slight
Normal,Darkness - lights lit,Wet or damp,60,Car,Afternoon,Slight
Raining,Daylight,Dry,20,Car,Evening,Slight
Normal,Darkness - lighting unknown,Dry,40,Car,Night,Serious
,Daylight,Dry,30,Car,Morning,Slight
Raining,Daylight,Dry,20,Car,Evening,Serious
Raining,Daylight,Dry,60,Car,Morning,Slight
Normal,Daylight,Dry,50,Bus/Coach,Afternoon,Slight
Normal,Daylight,Dry,30,Car,Morning,Slight
Normal,Daylight,Dry,20,Car,Morning,Slight
Normal,Daylight,Wet or damp,30,Car,Morning,Slight
Normal,Darkness - lighting unknown,Wet or damp,20,Motorcycle,Morning,Slight
Raining,Daylight,Dry,30,Car,Night,Slight
Raining,Daylight,Dry,40,Other,Afternoon,Slight
Normal,Darkness - lights lit,,60,Goods vehicle,Evening,Fatal
Raining,Darkness - lights lit,Snow,30,Goods vehicle,Afternoon,Serious
Normal,Darkness - no lighting,Dry,30,Bus/Coach,Morning,Slight
Raining,Daylight,Wet or damp,30,Car,Afternoon,Serious
Normal,Daylight,Dry,30,Bus/Coach,Morning,Slight
Normal,Daylight,Dry,40,Goods vehicle,Afternoon,Slight
Normal,Darkness - no lighting,Dry,60,Car,Night,Slight
Raining,Daylight,Wet or damp,70,Pedal cycle,Morning,Serious
Raining,Daylight,Wet or damp,50,Pedal cycle,Morning,Slight
Normal,Darkness - no lighting,Dry,20,Car,Morning,Slight
Snowing,Darkness - lights lit,Dry,70,Car,Evening,Serious
Normal,Daylight,Dry,30,Car,Morning,Slight
Normal,Daylight,Wet or damp,60,Car,Night,Serious
Normal,Daylight,Dry,20,Motorcycle,Morning,Slight
Snowing,Darkness - lights lit,Dry,30,Motorcycle,Morning,Slight
Normal,Daylight,Wet or damp,20,Car,Morning,Slight
,Daylight,Snow,50,Bus/Coach,Evening,Fatal
Raining,Darkness - no lighting,Ice,70,Motorcycle,Night,Fatal
Normal,Darkness - lights lit,Snow,40,Car,Evening,Slight
Normal,Daylight,Dry,70,Car,Afternoon,Slight
Raining,Daylight,Dry,40,Car,Morning,Slight
Normal,Darkness - lighting unknown,Dry,70,Car,Night,Slight
Normal,Daylight,Dry,20,Car,Morning,Slight
Normal,Daylight,Wet or damp,30,Pedal cycle,Morning,Slight
Snowing,Darkness - lighting unknown,Dry,70,Goods vehicle,Morning,Fatal
Raining,Daylight,Dry,30,Car,Evening,Slight
Normal,Daylight,Dry,70,Car,Morning,Slight
Raining,Daylight,Dry,30,Car,Afternoon,Slight
Raining,Darkness - no lighting,Wet or damp,30,Car,Morning,Slight
Normal,Darkness - no lighting,,40,Motorcycle,Morning,Slight
Fog or mist,Darkness - no lighting,Wet or damp,20,Goods vehicle,Afternoon,Slight
Normal,Daylight,Dry,40,Car,Morning,Slight
Normal,Daylight,Dry,20,Motorcycle,Morning,Slight
Normal,Daylight,Dry,20,Car,Morning,Slight
Raining,Daylight,Wet or damp,50,Bus/Coach,Morning,Slight
Normal,Daylight,Dry,70,Car,Night,Serious
Fog or mist,Darkness - no lighting,Snow,30,Goods vehicle,Night,Slight
Normal,Darkness - lights lit,Dry,40,Car,Afternoon,Slight
Normal,Daylight,Wet or damp,20,Goods vehicle,Afternoon,Slight
Normal,Daylight,Dry,20,Car,Night,Slight
Normal,Darkness - lighting unknown,Wet or damp,50,Goods vehicle,Morning,Slight
Other,Darkness - lights lit,Wet or damp,40,Car,Afternoon,Serious
Normal,Daylight,Dry,40,Car,Morning,Slight
Normal,Daylight,Dry,40,Motorcycle,Morning,Slight
Normal,Darkness - lights lit,Dry,50,Car,Afternoon,Slight
Snowing,Darkness - lighting unknown,Wet or damp,70,Bus/Coach,Night,Serious
Normal,Darkness - lights lit,Dry,30,Goods vehicle,Morning,Slight
Normal,Daylight,Dry,20,Car,Morning,Slight
Raining,Daylight,Wet or damp,20,Car,Morning,Slight
Snowing,Darkness - no lighting,Dry,50,Motorcycle,Night,Serious
Normal,Daylight,Dry,20,Car,Morning,Slight
,Darkness - no lighting,Flood over road,70,Goods vehicle,Night,Fatal
Normal,Daylight,Dry,20,Motorcycle,Afternoon,Slight
Raining,Darkness - lights lit,Wet or damp,40,Other,Morning,Serious
Normal,Daylight,Dry,20,Car,Morning,Slight
Raining,Daylight,Wet or damp,30,Other,Afternoon,Serious
Raining,Darkness - no lighting,Wet or damp,30,Car,Night,Fatal
Normal,Darkness - lights lit,Dry,30,Goods vehicle,Afternoon,Slight
Normal,Darkness - lights lit,Dry,70,Pedal cycle,Night,Serious
Raining,Daylight,Dry,50,Car,Morning,Slight
Raining,Daylight,Dry,70,Car,Morning,Slight
Raining,Daylight,Dry,20,Car,Morning,Slight
Normal,Darkness - no lighting,Wet or damp,60,Motorcycle,Morning,Slight
Fog or mist,Daylight,Flood over road,20,Car,Morning,Slight
Normal,Daylight,Dry,30,Car,Afternoon,Slight
Normal,Daylight,Wet or damp,30,Pedal cycle,Afternoon,Slight
,Daylight,Dry,30,Car,Afternoon,Slight
Normal,Daylight,Flood over road,30,Car,Evening,Slight
Raining,Daylight,Dry,20,Car,Morning,Slight
Raining,Darkness - lights lit,Wet or damp,50,Car,Evening,Slight
Normal,Darkness - lights lit,Dry,40,Car,Morning,Slight
Normal,Darkness - lights lit,Flood over road,30,Car,Morning,Slight
Normal,Darkness - lighting unknown,Wet or damp,60,Motorcycle,Evening,Serious
Raining,Darkness - lights lit,Dry,30,Pedal cycle,Night,Slight
Normal,Daylight,Wet or damp,20,Car,Morning,Slight
Normal,Daylight,Dry,40,Pedal cycle,Morning,Slight
Normal,Darkness - lights lit,Wet or damp,40,Goods vehicle,Morning,Slight
Normal,Darkness - lights lit,Dry,70,Bus/Coach,Afternoon,Slight
,Darkness - lights lit,Dry,20,Pedal cycle,Evening,Slight
Raining,Daylight,Dry,30,Bus/Coach,Morning,Slight
Normal,Darkness - lighting unknown,Dry,30,Car,Afternoon,Slight
Raining,Daylight,Flood over road,30,Car,Morning,Slight
Fog or mist,Darkness - lights lit,,20,Car,Afternoon,Slight
Raining,Daylight,Dry,30,Pedal cycle,Afternoon,Slight
Normal,Daylight,Dry,40,Other,Afternoon,Slight
Normal,Darkness - lights lit,Dry,50,Goods vehicle,Afternoon,Slight
Raining,Daylight,Dry,20,Car,Afternoon,Slight
Normal,Darkness - lights lit,Dry,40,Car,Morning,Slight
Other,Darkness - lights lit,Dry,70,Bus/Coach,Morning,Slight
Normal,Daylight,Dry,20,Car,Morning,Slight
,Daylight,Dry,60,Car,Morning,Slight
Normal,Darkness - lights lit,Dry,30,Car,Morning,Slight
Normal,Daylight,Wet or damp,30,Car,Afternoon,Slight
Normal,Darkness - lights lit,Snow,60,Car,Night,Fatal
,Daylight,Wet or damp,30,Car,Night,Slight
Fog or mist,Daylight,Flood over road,30,Bus/Coach,Morning,Slight
Raining,Darkness - lights lit,Dry,30,Car,Morning,Slight
Raining,Daylight,Dry,70,Car,Afternoon,Slight
Raining,Darkness - lights lit,Wet or damp,20,Car,Afternoon,Slight
Normal,Darkness - lights lit,Wet or damp,30,Pedal cycle,Afternoon,Slight
Other,Darkness - no lighting,Ice,60,Goods vehicle,Night,Fatal
Normal,Daylight,Wet or damp,50,Car,Afternoon,Slight
Normal,Daylight,Wet or damp,70,Goods vehicle,Afternoon,Serious
Normal,Darkness - lights lit,Dry,30,Car,Night,Slight
Normal,Darkness - lights lit,Flood over road,30,Motorcycle,Morning,Slight
Normal,Daylight,Dry,50,Car,Afternoon,Slight
Normal,Daylight,Wet or damp,30,Bus/Coach,Afternoon,Slight
Normal,Daylight,Wet or damp,50,Car,Morning,Slight
,Daylight,Dry,30,Motorcycle,Morning,Slight
Normal,Daylight,Dry,20,Car,Morning,Slight
Normal,Daylight,Dry,20,Motorcycle,Morning,Slight
Normal,Darkness - lighting unknown,Ice,50,Other,Morning,Serious
Normal,Daylight,Dry,30,Car,Morning,Slight
Normal,Darkness - lighting unknown,Dry,30,Car,Afternoon,Slight
Other,Daylight,Dry,70,Pedal cycle,Afternoon,Slight
Raining,Daylight,Dry,20,Car,Afternoon,Slight
Fog or mist,Daylight,Dry,30,Goods vehicle,Night,Slight
Normal,Darkness - lighting unknown,Snow,20,Car,Afternoon,Slight
Unknown,Daylight,Dry,20,Car,Afternoon,Slight
Normal,Darkness - lighting unknown,Wet or damp,30,Car,Afternoon,Slight
,Daylight,Dry,20,Car,Afternoon,Slight
Normal,Darkness - lights lit,Dry,40,Motorcycle,Afternoon,Slight
Normal,Daylight,Dry,50,Car,Morning,Slight
Fog or mist,Daylight,Dry,50,Car,Morning,Slight
Normal,Daylight,Dry,60,Bus/Coach,Night,Slight
Normal,Darkness - lighting unknown,Dry,40,Car,Afternoon,Slight
Normal,Daylight,Dry,40,Car,Evening,Serious
Normal,Daylight,Dry,20,Bus/Coach,Evening,Slight
Normal,Darkness - lights lit,Dry,20,Motorcycle,Morning,Slight
Unknown,Daylight,Snow,20,Goods vehicle,Afternoon,Slight
Raining,Darkness - lights lit,Dry,40,Car,Afternoon,Slight
Normal,Daylight,Dry,60,Car,Afternoon,Slight
Raining,Daylight,Wet or damp,60,Car,Morning,Slight
Normal,Darkness - no lighting,Ice,60,Car,Evening,Fatal
Normal,Daylight,Dry,30,Car,Night,Slight
Normal,Darkness - no lighting,Dry,70,Car,Evening,Slight
Raining,Darkness - lights lit,Dry,30,Bus/Coach,Morning,Slight
Normal,Darkness - no lighting,Dry,30,Car,Morning,Slight
Normal,Daylight,Wet or damp,20,Bus/Coach,Afternoon,Slight
Normal,Daylight,Dry,20,Car,Morning,Slight
Normal,Daylight,Dry,30,Car,Morning,Slight
Normal,Daylight,,30,Car,Afternoon,Slight
,Darkness - lights lit,Dry,70,Car,Morning,Slight
Normal,Darkness - lights lit,Wet or damp,30,Car,Afternoon,Slight
Normal,Daylight,Dry,50,Bus/Coach,Morning,Slight
Snowing,Darkness - lights lit,Dry,30,Pedal cycle,Night,Slight
Normal,Darkness - lights lit,Dry,50,Car,Afternoon,Slight
Raining,Daylight,Dry,40,Car,Morning,Slight
Snowing,Darkness - no lighting,Snow,70,Goods vehicle,Night,Fatal
Raining,Darkness - no lighting,Ice,50,Motorcycle,Night,Fatal
Normal,Daylight,Dry,50,Car,Morning,Slight
Normal,Darkness - lights lit,Ice,50,Goods vehicle,Morning,Serious
Normal,Daylight,Dry,30,Car,Morning,Slight
Normal,Daylight,Dry,30,Goods vehicle,Evening,Slight
Normal,Daylight,Dry,50,Car,Morning,Slight
Normal,Darkness - lights lit,Dry,30,Car,Afternoon,Slight
Normal,Darkness - lights lit,Dry,30,Bus/Coach,Night,Slight
Normal,Daylight,,20,Car,Afternoon,Slight
Normal,Darkness - lighting unknown,Ice,60,Other,Evening,Serious
Normal,Daylight,Snow,30,Car,Afternoon,Slight
Raining,Daylight,,20,Pedal cycle,Morning,Slight
,Daylight,Dry,40,Bus/Coach,Morning,Serious
Normal,Darkness - lights lit,Dry,30,Motorcycle,Night,Slight
Fog or mist,Daylight,Ice,50,Other,Afternoon,Serious
Raining,Darkness - lights lit,Wet or damp,40,Motorcycle,Afternoon,Serious
Normal,Daylight,Dry,70,Motorcycle,Morning,Slight
Normal,Daylight,Dry,30,Car,Morning,Slight
Normal,Daylight,,40,Bus/Coach,Afternoon,Serious
Normal,Darkness - lighting unknown,Dry,30,Pedal cycle,Night,Slight
Raining,Daylight,Dry,30,Car,Morning,Slight
Normal,Daylight,Dry,70,Bus/Coach,Afternoon,Slight
Raining,Daylight,Wet or damp,30,Goods vehicle,Night,Serious
Normal,Daylight,Dry,40,Motorcycle,Morning,Slight
Normal,Darkness - lighting unknown,Wet or damp,50,Car,Afternoon,Serious
Raining,Darkness - lighting unknown,Wet or damp,70,Other,Afternoon,Serious
Raining,Daylight,Wet or damp,30,Bus/Coach,Morning,Slight
Normal,Darkness - lights lit,Dry,20,Other,Afternoon,Slight
Raining,Darkness - no lighting,,60,Car,Evening,Fatal
Raining,Darkness - lighting unknown,Dry,70,Bus/Coach,Evening,Serious
Fog or mist,Daylight,Dry,20,Motorcycle,Evening,Slight
Raining,Daylight,Snow,70,Car,Morning,Slight
Normal,Daylight,Dry,30,Car,Morning,Slight
Normal,Daylight,Dry,30,Goods vehicle,Morning,Slight
Raining,Daylight,Wet or damp,40,Goods vehicle,Afternoon,Serious
Snowing,Darkness - no lighting,Dry,40,Motorcycle,Evening,Fatal
Raining,Daylight,Dry,20,Car,Afternoon,Slight
Raining,Darkness - lighting unknown,Dry,20,Car,Morning,Slight
Raining,Daylight,Wet or damp,40,Goods vehicle,Morning,Slight
Raining,Daylight,Flood over road,70,Motorcycle,Night,Serious
Normal,Daylight,Dry,30,Car,Afternoon,Slight
Normal,Daylight,Dry,30,Car,Morning,Slight
,Darkness - no lighting,Dry,30,Car,Morning,Slight
Fog or mist,Daylight,Dry,30,Car,Night,Slight
Normal,Daylight,,20,Motorcycle,Morning,Slight
Normal,Darkness - lighting unknown,Dry,30,Bus/Coach,Morning,Slight
Normal,Daylight,Dry,30,Car,Afternoon,Slight
Snowing,Daylight,Dry,20,Car,Afternoon,Slight
Normal,Daylight,Ice,30,Car,Morning,Slight
Normal,Daylight,Dry,20,Goods vehicle,Night,Slight
Raining,Darkness - lights lit,Flood over road,30,Bus/Coach,Morning,Slight
Raining,Darkness - lights lit,Dry,50,Car,Morning,Slight
Snowing,Darkness - lighting unknown,Wet or damp,20,Car,Morning,Slight
Normal,Daylight,Dry,50,Motorcycle,Afternoon,Slight
Normal,Daylight,Dry,30,Car,Evening,Slight
Raining,Daylight,Flood over road,50,Bus/Coach,Evening,Serious
Normal,Daylight,Dry,30,Car,Evening,Slight
Normal,Daylight,Dry,20,Bus/Coach,Evening,Slight
Normal,Darkness - lights lit,Dry,20,Car,Night,Slight
Fog or mist,Daylight,Dry,30,Car,Morning,Slight
Normal,Daylight,Wet or damp,40,Other,Afternoon,Slight
Normal,Darkness - lights lit,Dry,30,Bus/Coach,Morning,Slight
Raining,Darkness - lights lit,Snow,40,Other,Night,Serious
Normal,Daylight,Dry,50,Car,Morning,Slight
Normal,Darkness - lights lit,Dry,20,Motorcycle,Evening,Slight
Snowing,Daylight,Wet or damp,70,Other,Evening,Serious
Other,Daylight,Dry,30,Other,Afternoon,Slight
Raining,Daylight,Dry,70,Motorcycle,Morning,Serious
Raining,Darkness - no lighting,Snow,40,Bus/Coach,Night,Fatal
Raining,Daylight,Dry,30,Goods vehicle,Afternoon,Slight
Raining,Daylight,Dry,20,Motorcycle,Afternoon,Slight
Raining,Daylight,Ice,30,Other,Afternoon,Serious
Normal,Daylight,Dry,30,Car,Morning,Slight
Normal,Daylight,Dry,30,Bus/Coach,Afternoon,Slight
Normal,Daylight,Wet or damp,30,Car,Morning,Slight
Snowing,Darkness - lights lit,Dry,60,Car,Evening,Serious
Normal,Daylight,Dry,60,Car,Evening,Slight
Fog or mist,Darkness - no lighting,Dry,30,Motorcycle,Afternoon,Slight
Raining,Daylight,Dry,30,Car,Afternoon,Slight
Snowing,Darkness - lighting unknown,Ice,70,Motorcycle,Afternoon,Fatal
Normal,Darkness - lighting unknown,,20,Motorcycle,Afternoon,Slight
Normal,Darkness - lights lit,Dry,20,Car,Morning,Slight
Other,Daylight,Dry,70,Bus/Coach,Morning,Slight
Snowing,Daylight,Dry,30,Car,Afternoon,Slight
Normal,Darkness - lights lit,Dry,30,Car,Afternoon,Slight
Raining,Daylight,Dry,50,Goods vehicle,Afternoon,Slight
Normal,Daylight,Dry,20,Other,Evening,Slight
Normal,Darkness - lights lit,Dry,30,Car,Morning,Slight
Unknown,Daylight,Dry,30,Goods vehicle,Evening,Slight
Snowing,Daylight,Dry,30,Car,Afternoon,Slight
Normal,Daylight,Dry,20,Car,Morning,Slight
Other,Daylight,Dry,50,Other,Afternoon,Serious
Raining,Darkness - lighting unknown,Dry,70,Motorcycle,Night,Serious
Normal,Darkness - lights lit,Wet or damp,30,Car,Afternoon,Slight
Normal,Darkness - lights lit,Ice,50,Pedal cycle,Night,Serious
Raining,Darkness - lighting unknown,Wet or damp,50,Car,Morning,Slight
Raining,Daylight,Dry,30,Bus/Coach,Evening,Slight
Normal,Darkness - lights lit,Wet or damp,40,Bus/Coach,Afternoon,Serious
Normal,Daylight,Dry,30,Car,Afternoon,Slight
Normal,Darkness - lighting unknown,Dry,30,Pedal cycle,Morning,Slight
Normal,Daylight,Dry,20,Goods vehicle,Morning,Slight
Other,Darkness - lighting unknown,Ice,30,Goods vehicle,Afternoon,Serious
Normal,Darkness - lights lit,Flood over road,20,Car,Afternoon,Serious
Normal,Daylight,Wet or damp,20,Car,Afternoon,Slight
Normal,Daylight,Dry,20,Car,Morning,Slight
Normal,Darkness - lights lit,Wet or damp,30,Car,Night,Slight
Unknown,Daylight,Wet or damp,30,Car,Night,Slight
Raining,Darkness - lighting unknown,Wet or damp,60,Car,Evening,Fatal
Normal,Daylight,Dry,20,Motorcycle,Morning,Slight
Normal,Darkness - lights lit,Dry,50,Car,Afternoon,Serious
Snowing,Daylight,Wet or damp,20,Car,Morning,Slight
Normal,Darkness - lighting unknown,Dry,30,Car,Morning,Slight
Snowing,Daylight,Wet or damp,20,Car,Afternoon,Slight
Normal,Daylight,Dry,50,Car,Afternoon,Slight
Snowing,Daylight,Dry,70,Car,Afternoon,Slight
Normal,Darkness - lighting unknown,Wet or damp,50,Other,Afternoon,Slight
Raining,Daylight,Dry,30,Pedal cycle,Morning,Slight
Raining,Daylight,Ice,70,Car,Afternoon,Serious
Raining,Daylight,Dry,40,Car,Morning,Slight
Other,Darkness - lighting unknown,Dry,70,Goods vehicle,Morning,Serious
Normal,Darkness - lights lit,Wet or damp,40,Car,Afternoon,Slight
Fog or mist,Daylight,Dry,20,Motorcycle,Afternoon,Slight
Normal,Daylight,Dry,30,Other,Afternoon,Slight
Unknown,Daylight,Wet or damp,30,Car,Morning,Slight
Snowing,Darkness - lights lit,Dry,20,Goods vehicle,Afternoon,Slight
Normal,Daylight,Dry,30,Car,Evening,Slight
Normal,Daylight,Wet or damp,20,Car,Evening,Slight
Normal,Darkness - lighting unknown,Dry,20,Car,Evening,Slight
Raining,Darkness - lights lit,Dry,40,Car,Afternoon,Slight
Normal,Daylight,Dry,30,Car,Afternoon,Slight
Snowing,Darkness - lights lit,Dry,30,Motorcycle,Evening,Slight
Normal,Daylight,,30,Car,Afternoon,Slight
Unknown,Daylight,Snow,70,Car,Afternoon,Serious
Normal,Darkness - lighting unknown,Wet or damp,20,Motorcycle,Afternoon,Serious
Normal,Daylight,Dry,20,Goods vehicle,Afternoon,Slight
Fog or mist,Darkness - lights lit,Dry,70,Goods vehicle,Morning,Serious
Normal,Daylight,Dry,20,Other,Evening,Slight
Normal,Daylight,,30,Car,Afternoon,Slight
Fog or mist,Darkness - no lighting,Dry,30,Car,Morning,Slight
Raining,Daylight,Wet or damp,70,Car,Morning,Serious
Raining,Darkness - lights lit,Dry,60,Pedal cycle,Afternoon,Serious
Normal,Daylight,Dry,30,Car,Night,Slight
Normal,Daylight,,20,Car,Afternoon,Slight
Snowing,Daylight,Dry,70,Car,Evening,Fatal
Fog or mist,Darkness - no lighting,Ice,60,Goods vehicle,Evening,Fatal
Raining,Darkness - no lighting,Wet or damp,40,Motorcycle,Evening,Fatal
Normal,Daylight,Dry,30,Goods vehicle,Morning,Slight
Normal,Darkness - lights lit,Dry,20,Goods vehicle,Evening,Slight
Normal,Darkness - lights lit,Dry,40,Goods vehicle,Evening,Slight
Snowing,Daylight,Dry,30,Motorcycle,Morning,Slight
Normal,Daylight,Wet or damp,40,Car,Night,Slight
Raining,Daylight,Flood over road,50,Car,Morning,Slight
Normal,Daylight,Dry,30,Car,Evening,Slight
Normal,Daylight,Dry,20,Car,Afternoon,Slight
Normal,Darkness - lights lit,Snow,70,Other,Morning,Serious
Normal,Daylight,Wet or damp,30,Goods vehicle,Afternoon,Slight
Normal,Darkness - lights lit,Wet or damp,20,Goods vehicle,Morning,Fatal
Normal,Daylight,Wet or damp,70,Car,Night,Slight
Normal,Darkness - lights lit,Dry,20,Motorcycle,Morning,Slight
Normal,Darkness - lights lit,Dry,30,Goods vehicle,Afternoon,Slight
Fog or mist,Darkness - lights lit,Dry,30,Car,Afternoon,Slight
Normal,Daylight,Dry,30,Goods vehicle,Morning,Slight
Normal,Daylight,Dry,20,Car,Evening,Slight
Normal,Daylight,Dry,20,Car,Night,Slight
Normal,Daylight,Wet or damp,20,Car,Evening,Slight
Snowing,Darkness - no lighting,Snow,50,Bus/Coach,Night,Fatal
Raining,Darkness - no lighting,Flood over road,70,Goods vehicle,Evening,Serious
Normal,Daylight,Dry,20,Car,Afternoon,Slight
Normal,Daylight,Dry,20,Other,Morning,Slight
Normal,Daylight,Dry,20,Pedal cycle,Evening,Slight
Normal,Daylight,Dry,50,Car,Afternoon,Slight
Normal,Darkness - lights lit,Dry,20,Motorcycle,Morning,Slight
Normal,Daylight,Dry,20,Car,Afternoon,Slight
Other,Daylight,Dry,50,Car,Afternoon,Slight
Normal,Darkness - lighting unknown,Dry,30,Goods vehicle,Morning,Serious
Snowing,Darkness - lighting unknown,Dry,70,Car,Morning,Slight
Normal,Daylight,Dry,30,Car,Night,Slight
Normal,Darkness - lights lit,Dry,50,Car,Morning,Slight
Normal,Daylight,Dry,50,Car,Morning,Slight
Normal,Darkness - lights lit,Dry,20,Motorcycle,Morning,Slight
Fog or mist,Daylight,Dry,30,Car,Afternoon,Slight
Normal,Daylight,Wet or damp,20,Car,Evening,Slight
Raining,Darkness - no lighting,Dry,30,Pedal cycle,Night,Serious
Normal,Daylight,Dry,40,Car,Afternoon,Slight
Snowing,Daylight,Dry,60,Car,Evening,Slight
Normal,Daylight,Dry,30,Car,Morning,Slight
Normal,Daylight,Dry,30,Car,Morning,Slight
Normal,Daylight,Dry,40,Motorcycle,Afternoon,Slight
Other,Daylight,Dry,60,Motorcycle,Morning,Slight
Normal,Daylight,Dry,40,Car,Evening,Slight
Normal,Daylight,Dry,30,Car,Morning,Slight
Normal,Daylight,Wet or damp,30,Motorcycle,Afternoon,Slight
Normal,Darkness - lighting unknown,Dry,20,Car,Afternoon,Slight
Normal,Daylight,Dry,30,Other,Afternoon,Slight
Normal,Daylight,Wet or damp,30,Other,Afternoon,Slight
Raining,Darkness - lights lit,Dry,30,Car,Afternoon,Slight
Normal,Daylight,Dry,60,Motorcycle,Afternoon,Slight
Normal,Darkness - lighting unknown,Dry,40,Car,Evening,Slight
Other,Daylight,Dry,30,Motorcycle,Afternoon,Serious
Raining,Daylight,Wet or damp,20,Car,Afternoon,Slight
Normal,Darkness - lights lit,Dry,50,Goods vehicle,Afternoon,Slight
Fog or mist,Darkness - lighting unknown,Ice,60,Motorcycle,Afternoon,Serious
Snowing,Daylight,Wet or damp,50,Motorcycle,Morning,Serious
,Daylight,Dry,40,Bus/Coach,Morning,Slight
Normal,Darkness - lights lit,Dry,30,Goods vehicle,Night,Slight
Normal,Daylight,,20,Car,Afternoon,Slight
Snowing,Daylight,Dry,70,Motorcycle,Night,Slight
Normal,Daylight,Dry,20,Motorcycle,Morning,Slight
Normal,Daylight,Dry,70,Car,Night,Slight
Normal,Daylight,Wet or damp,40,Goods vehicle,Morning,Slight
Normal,Daylight,Dry,40,Goods vehicle,Afternoon,Serious
Normal,Darkness - lighting unknown,Dry,30,Car,Afternoon,Slight
Snowing,Darkness - no lighting,Ice,70,Car,Night,Fatal
Normal,Daylight,Dry,20,Car,Night,Slight
Snowing,Darkness - lights lit,Dry,50,Car,Afternoon,Slight
Normal,Daylight,Dry,20,Motorcycle,Night,Slight
Raining,Darkness - no lighting,Dry,50,Goods vehicle,Night,Fatal
Normal,Daylight,Dry,50,Motorcycle,Afternoon,Slight
Normal,Daylight,Dry,40,Goods vehicle,Afternoon,Slight
Raining,Daylight,Dry,30,Car,Evening,Slight
Normal,Daylight,Dry,20,Car,Afternoon,Slight
Raining,Daylight,Dry,30,Bus/Coach,Afternoon,Slight
Fog or mist,Daylight,Snow,20,Bus/Coach,Afternoon,Slight
,Daylight,Wet or damp,50,Car,Morning,Slight
Normal,Daylight,Dry,30,Car,Morning,Slight
Normal,Daylight,Wet or damp,30,Car,Afternoon,Slight
Normal,Daylight,Dry,30,Car,Afternoon,Slight
Normal,Darkness - lights lit,Dry,30,Car,Morning,Slight
Raining,Daylight,Wet or damp,30,Car,Morning,Slight
Normal,Daylight,,70,Bus/Coach,Afternoon,Slight
Normal,Darkness - lighting unknown,Snow,30,Car,Morning,Slight
Normal,Daylight,Dry,30,Car,Afternoon,Slight
Raining,Daylight,Dry,20,Other,Afternoon,Slight
Normal,Daylight,Dry,70,Other,Afternoon,Slight
Normal,Darkness - lights lit,Wet or damp,30,Other,Morning,Fatal
Snowing,Darkness - lights lit,Dry,20,Car,Afternoon,Serious
Normal,Darkness - lights lit,Dry,20,Goods vehicle,Morning,Slight
Raining,Darkness - no lighting,Snow,20,Car,Morning,Slight
Raining,Darkness - lights lit,Ice,70,Bus/Coach,Afternoon,Fatal
Raining,Daylight,,20,Goods vehicle,Afternoon,Slight
Normal,Daylight,Flood over road,30,Motorcycle,Morning,Slight
Raining,Darkness - lights lit,Dry,20,Car,Night,Slight
Raining,Daylight,Snow,60,Car,Afternoon,Slight
Normal,Daylight,Dry,30,Car,Morning,Slight
Normal,Daylight,Dry,30,Goods vehicle,Afternoon,Slight
Normal,Daylight,,30,Car,Morning,Slight
Normal,Daylight,Dry,30,Car,Morning,Slight
Fog or mist,Darkness - no lighting,Wet or damp,30,Bus/Coach,Evening,Fatal
Normal,Daylight,Dry,30,Goods vehicle,Morning,Slight
Normal,Daylight,Dry,20,Car,Evening,Slight
Normal,Darkness - no lighting,Dry,40,Goods vehicle,Morning,Slight
Raining,Darkness - lights lit,Dry,30,Car,Evening,Slight
Fog or mist,Darkness - lighting unknown,,30,Car,Morning,Slight
Normal,Daylight,Dry,30,Bus/Coach,Morning,Slight
Normal,Darkness - lighting unknown,Wet or damp,20,Car,Night,Slight
Normal,Daylight,Dry,30,Car,Afternoon,Slight
Normal,Daylight,Dry,20,Motorcycle,Afternoon,Slight
Normal,Daylight,Dry,20,Car,Afternoon,Slight
Raining,Darkness - lights lit,Wet or damp,30,Car,Evening,Slight
Normal,Daylight,Snow,30,Car,Afternoon,Slight
Fog or mist,Daylight,Dry,30,Goods vehicle,Evening,Slight
Raining,Daylight,Snow,30,Goods vehicle,Afternoon,Slight
Normal,Daylight,Dry,30,Car,Night,Slight
Fog or mist,Darkness - no lighting,Wet or damp,50,Car,Night,Serious
Snowing,Darkness - lighting unknown,Wet or damp,40,Other,Afternoon,Serious
Normal,Daylight,Wet or damp,30,Car,Morning,Slight
Fog or mist,Daylight,Dry,20,Pedal cycle,Afternoon,Slight
Snowing,Darkness - no lighting,Ice,40,Motorcycle,Evening,Fatal
Normal,Daylight,Dry,30,Bus/Coach,Morning,Slight
Normal,Daylight,Dry,50,Goods vehicle,Morning,Slight
Normal,Darkness - lighting unknown,Dry,20,Car,Afternoon,Slight
Raining,Daylight,Dry,30,Car,Afternoon,Slight
Normal,Daylight,Wet or damp,20,Car,Morning,Slight
Normal,Daylight,Dry,20,Bus/Coach,Afternoon,Slight
Raining,Darkness - lights lit,,40,Car,Afternoon,Serious
Normal,Darkness - no lighting,Wet or damp,60,Other,Afternoon,Slight
Normal,Darkness - lights lit,Dry,30,Car,Afternoon,Slight
Normal,Darkness - lights lit,Dry,70,Car,Night,Slight
Raining,Daylight,Dry,50,Car,Morning,Slight
Normal,Daylight,Dry,20,Motorcycle,Evening,Slight
Normal,Daylight,Dry,30,Car,Night,Slight
Normal,Daylight,Dry,70,Other,Morning,Slight
Normal,Daylight,Dry,30,Car,Afternoon,Slight
Raining,Daylight,Dry,40,Car,Morning,Slight
Normal,Daylight,Wet or damp,30,Car,Evening,Slight
Normal,Daylight,Dry,30,Goods vehicle,Morning,Slight
Other,Daylight,Dry,40,Goods vehicle,Afternoon,Slight
Raining,Darkness - no lighting,Flood over road,40,Bus/Coach,Evening,Serious
Raining,Daylight,Wet or damp,40,Bus/Coach,Afternoon,Slight
Normal,Darkness - lights lit,Snow,20,Car,Evening,Slight
Normal,Daylight,Wet or damp,40,Bus/Coach,Afternoon,Slight
Unknown,Darkness - lights lit,Dry,60,Pedal cycle,Evening,Slight
Normal,Daylight,Dry,30,Car,Morning,Slight
Raining,Darkness - lights lit,Wet or damp,20,Pedal cycle,Afternoon,Serious
Normal,Daylight,Dry,20,Car,Afternoon,Slight
Normal,Daylight,Dry,30,Car,Morning,Slight
Normal,Daylight,Dry,60,Car,Afternoon,Slight
Raining,Darkness - no lighting,Wet or damp,40,Bus/Coach,Night,Fatal
Normal,Daylight,Dry,30,Car,Morning,Slight
Snowing,Daylight,Dry,20,Car,Afternoon,Slight
Normal,Daylight,Snow,20,Bus/Coach,Afternoon,Slight
Fog or mist,Darkness - lights lit,Dry,30,Car,Morning,Slight
Normal,Darkness - lights lit,Snow,60,Motorcycle,Evening,Serious
Raining,Daylight,Snow,20,Car,Afternoon,Slight
Raining,Daylight,Dry,30,Car,Afternoon,Slight
Normal,Daylight,Snow,20,Motorcycle,Afternoon,Slight
Normal,Daylight,Dry,30,Car,Morning,Slight
Normal,Daylight,Dry,30,Bus/Coach,Night,Slight
Normal,Daylight,Dry,30,Car,Afternoon,Slight
Unknown,Daylight,Dry,20,Car,Night,Slight
Normal,Daylight,Dry,20,Car,Afternoon,Slight
Snowing,Darkness - no lighting,Dry,70,Car,Night,Fatal
Normal,Daylight,Flood over road,30,Car,Morning,Slight
Normal,Darkness - lights lit,Snow,60,Car,Afternoon,Slight
Normal,Darkness - lights lit,Dry,50,Goods vehicle,Morning,Slight
Normal,Daylight,Dry,60,Car,Afternoon,Slight
Raining,Darkness - lights lit,Dry,30,Car,Afternoon,Slight
Normal,Darkness - no lighting,Dry,30,Car,Morning,Slight
Normal,Darkness - no lighting,Dry,30,Car,Morning,Slight
Normal,Darkness - lights lit,,50,Motorcycle,Afternoon,Serious
Fog or mist,Darkness - lights lit,Dry,50,Car,Afternoon,Slight
Raining,Daylight,Wet or damp,20,Bus/Coach,Morning,Slight
Normal,Daylight,Dry,20,Other,Afternoon,Slight
Normal,Daylight,Dry,40,Car,Afternoon,Slight
Unknown,Daylight,Dry,30,Other,Afternoon,Slight
Normal,Darkness - no lighting,Dry,20,Goods vehicle,Evening,Slight
Unknown,Daylight,Dry,30,Bus/Coach,Afternoon,Slight
Normal,Daylight,Wet or damp,50,Car,Night,Serious
Normal,Daylight,Wet or damp,30,Bus/Coach,Afternoon,Slight
Normal,Darkness - lights lit,Dry,60,Car,Morning,Slight
Normal,Daylight,Dry,40,Car,Morning,Slight
Normal,Daylight,Ice,30,Bus/Coach,Morning,Slight
Normal,Daylight,Dry,30,Goods vehicle,Night,Slight
,Daylight,Dry,60,Car,Afternoon,Slight
Normal,Daylight,Wet or damp,20,Car,Afternoon,Slight
Normal,Darkness - lights lit,Wet or damp,40,Pedal cycle,Afternoon,Slight
Normal,Darkness - lights lit,Flood over road,50,Pedal cycle,Morning,Serious
Raining,Daylight,Dry,30,Other,Evening,Serious
Raining,Darkness - lighting unknown,Wet or damp,30,Car,Night,Serious
,Daylight,Dry,50,Car,Afternoon,Slight
Raining,Darkness - no lighting,Wet or damp,70,Car,Evening,Serious
Normal,Daylight,Dry,20,Car,Night,Slight
Normal,Daylight,Dry,30,Other,Evening,Slight
Normal,Daylight,Dry,30,Bus/Coach,Morning,Slight
Normal,Darkness - lights lit,Flood over road,40,Car,Afternoon,Serious
Normal,Daylight,Dry,50,Car,Afternoon,Slight
Normal,Daylight,Dry,30,Car,Evening,Slight
,Darkness - lights lit,Wet or damp,20,Car,Night,Serious
Fog or mist,Daylight,Dry,20,Bus/Coach,Afternoon,Slight
Normal,Darkness - lights lit,Wet or damp,20,Car,Night,Slight
Normal,Darkness - no lighting,Dry,30,Car,Morning,Serious
Raining,Daylight,Ice,60,Car,Evening,Serious
Raining,Darkness - lights lit,Dry,30,Goods vehicle,Evening,Slight
Normal,Darkness - lights lit,Dry,30,Car,Afternoon,Slight
Normal,Daylight,,60,Pedal cycle,Evening,Slight
Normal,Daylight,Dry,30,Car,Night,Slight
,Daylight,Dry,60,Car,Morning,Slight
Raining,Darkness - lights lit,Wet or damp,50,Car,Night,Serious
Snowing,Darkness - no lighting,Ice,50,Other,Night,Fatal
Normal,Daylight,Dry,40,Car,Afternoon,Slight
Normal,Darkness - lights lit,Flood over road,50,Goods vehicle,Morning,Slight
Normal,Daylight,Dry,60,Car,Morning,Serious
Normal,Darkness - lights lit,Dry,30,Car,Morning,Slight
Normal,Daylight,Dry,50,Other,Morning,Slight
Raining,Daylight,Dry,30,Pedal cycle,Afternoon,Slight
Normal,Daylight,Dry,30,Goods vehicle,Morning,Slight
Normal,Daylight,Ice,20,Car,Morning,Slight
Fog or mist,Daylight,,20,Bus/Coach,Afternoon,Slight
Normal,Darkness - no lighting,Dry,30,Motorcycle,Afternoon,Slight
Normal,Daylight,Dry,30,Car,Afternoon,Slight
Normal,Daylight,Ice,50,Car,Afternoon,Serious
Normal,Daylight,Dry,40,Car,Afternoon,Slight
Raining,Darkness - no lighting,Wet or damp,50,Pedal cycle,Morning,Fatal
Normal,Daylight,Dry,20,Car,Morning,Slight
,Daylight,Dry,20,Bus/Coach,Morning,Slight
Raining,Daylight,Dry,30,Car,Morning,Slight
Raining,Darkness - no lighting,Ice,60,Motorcycle,Night,Fatal
Raining,Daylight,Wet or damp,30,Goods vehicle,Morning,Slight
Normal,Darkness - no lighting,Wet or damp,50,Bus/Coach,Morning,Serious
Normal,Daylight,Wet or damp,20,Car,Afternoon,Slight
Other,Daylight,Dry,20,Car,Morning,Slight
Normal,Daylight,Dry,20,Motorcycle,Night,Slight
Fog or mist,Darkness - no lighting,Wet or damp,40,Motorcycle,Night,Fatal
Normal,Darkness - lights lit,Wet or damp,40,Motorcycle,Afternoon,Serious
,Darkness - no lighting,Wet or damp,60,Car,Evening,Fatal
Normal,Daylight,Dry,50,Car,Morning,Slight
Normal,Daylight,Dry,60,Pedal cycle,Afternoon,Serious
Normal,Darkness - no lighting,Dry,50,Car,Morning,Slight
Raining,Daylight,Dry,30,Motorcycle,Afternoon,Slight
Normal,Daylight,Dry,40,Motorcycle,Afternoon,Slight
Normal,Daylight,Snow,30,Motorcycle,Afternoon,Slight
Raining,Darkness - lights lit,Wet or damp,40,Bus/Coach,Night,Serious
Normal,Darkness - lights lit,Dry,30,Goods vehicle,Night,Slight
Normal,Daylight,Dry,20,Car,Afternoon,Slight
Raining,Daylight,Dry,50,Bus/Coach,Evening,Slight
Fog or mist,Darkness - no lighting,Wet or damp,60,Bus/Coach,Evening,Fatal
Normal,Darkness - lights lit,Dry,30,Goods vehicle,Morning,Slight
Normal,Darkness - lights lit,Wet or damp,60,Goods vehicle,Afternoon,Slight
Normal,Daylight,Dry,40,Car,Morning,Slight
Normal,Daylight,Dry,40,Car,Night,Slight
Normal,Daylight,Dry,20,Car,Afternoon,Slight
Raining,Darkness - lights lit,Wet or damp,20,Car,Night,Serious
Unknown,Daylight,Dry,60,Car,Afternoon,Slight
Normal,Daylight,Wet or damp,20,Car,Night,Slight
Normal,Darkness - lighting unknown,Dry,30,Goods vehicle,Morning,Slight
Normal,Darkness - lights lit,Dry,30,Car,Morning,Slight
Normal,Daylight,Dry,20,Car,Morning,Slight
Normal,Daylight,Dry,30,Other,Morning,Slight
Raining,Daylight,Wet or damp,70,Car,Evening,Slight
Normal,Daylight,Dry,30,Car,Afternoon,Slight
Normal,Daylight,Dry,20,Bus/Coach,Morning,Slight
Normal,Daylight,Dry,30,Motorcycle,Afternoon,Slight
Snowing,Darkness - lights lit,Ice,60,Motorcycle,Morning,Serious
Normal,Daylight,Dry,30,Motorcycle,Afternoon,Slight
Normal,Daylight,Dry,40,Car,Morning,Slight
Normal,Daylight,Dry,20,Car,Morning,Slight
Snowing,Daylight,Dry,40,Goods vehicle,Morning,Slight
Normal,Daylight,Dry,70,Motorcycle,Night,Slight
Snowing,Daylight,Dry,40,Car,Morning,Slight
Normal,Daylight,Dry,40,Car,Afternoon,Slight
Raining,Daylight,Dry,20,Car,Afternoon,Slight
Normal,Daylight,Wet or damp,20,Car,Afternoon,Slight
Normal,Daylight,Dry,30,Motorcycle,Morning,Slight
Normal,Darkness - lights lit,Dry,30,Bus/Coach,Evening,Slight
Normal,Darkness - lights lit,Wet or damp,40,Car,Morning,Slight
Fog or mist,Darkness - lights lit,Wet or damp,30,Car,Afternoon,Slight
Normal,Darkness - no lighting,Dry,20,Pedal cycle,Morning,Slight
Snowing,Daylight,Wet or damp,30,Bus/Coach,Morning,Slight
Normal,Daylight,Dry,60,Bus/Coach,Night,Slight
Normal,Daylight,Flood over road,20,Car,Morning,Slight
Fog or mist,Daylight,Snow,30,Goods vehicle,Afternoon,Slight
Normal,Daylight,Dry,20,Car,Morning,Slight
Normal,Darkness - lights lit,Flood over road,30,Car,Morning,Slight
Raining,Daylight,Dry,30,Goods vehicle,Afternoon,Slight
Other,Darkness - lights lit,Dry,50,Motorcycle,Night,Fatal
Normal,Daylight,Wet or damp,60,Car,Morning,Slight
Snowing,Darkness - lighting unknown,Dry,30,Car,Afternoon,Slight
Normal,Darkness - lighting unknown,Dry,40,Car,Morning,Slight
Fog or mist,Darkness - lights lit,Wet or damp,40,Car,Afternoon,Slight
Normal,Daylight,Wet or damp,50,Car,Evening,Slight
Normal,Darkness - no lighting,Dry,20,Motorcycle,Night,Serious
Raining,Daylight,,50,Goods vehicle,Afternoon,Slight
Normal,Darkness - lights lit,Dry,50,Car,Morning,Serious
Snowing,Darkness - no lighting,Dry,40,Car,Morning,Serious
Normal,Daylight,Dry,30,Car,Afternoon,Slight
Raining,Daylight,Ice,60,Car,Afternoon,Slight
Raining,Daylight,Snow,30,Other,Evening,Slight
Raining,Darkness - lights lit,Ice,70,Car,Night,Fatal
Normal,Daylight,Snow,30,Bus/Coach,Morning,Slight
Fog or mist,Daylight,Dry,30,Pedal cycle,Morning,Slight
Normal,Daylight,Dry,60,Car,Afternoon,Slight
Normal,Darkness - lights lit,Snow,40,Car,Evening,Serious
Normal,Darkness - lighting unknown,Dry,50,Car,Night,Slight
Raining,Daylight,Dry,30,Bus/Coach,Evening,Slight
Fog or mist,Darkness - no lighting,Dry,20,Goods vehicle,Afternoon,Slight
Fog or mist,Daylight,,40,Other,Afternoon,Serious
Snowing,Daylight,Dry,30,Car,Afternoon,Slight
Other,Daylight,Dry,30,Motorcycle,Afternoon,Slight
Fog or mist,Daylight,Dry,30,Car,Morning,Slight
Normal,Daylight,Dry,30,Motorcycle,Morning,Slight
Fog or mist,Darkness - lighting unknown,Wet or damp,50,Car,Night,Serious
Normal,Daylight,Dry,30,Car,Afternoon,Slight
Fog or mist,Darkness - lights lit,Wet or damp,30,Car,Afternoon,Serious
Raining,Daylight,Dry,30,Car,Afternoon,Slight
Normal,Daylight,,20,Car,Morning,Slight
Raining,Daylight,Dry,60,Car,Night,Slight
Raining,Daylight,Wet or damp,20,Car,Morning,Slight
Raining,Darkness - lighting unknown,Dry,30,Car,Evening,Serious
Normal,Darkness - lighting unknown,Dry,50,Goods vehicle,Afternoon,Serious
Normal,Daylight,Snow,70,Bus/Coach,Afternoon,Slight
Normal,Darkness - lights lit,Dry,30,Bus/Coach,Afternoon,Slight
Raining,Daylight,Wet or damp,30,Car,Morning,Slight
Normal,Daylight,Dry,30,Car,Morning,Slight
Normal,Daylight,Dry,30,Car,Morning,Slight
Normal,Darkness - no lighting,Wet or damp,70,Pedal cycle,Evening,Fatal
Normal,Daylight,Wet or damp,40,Car,Afternoon,Serious
Raining,Daylight,Dry,30,Car,Morning,Slight
Normal,Daylight,Wet or damp,20,Car,Afternoon,Slight
Snowing,Darkness - no lighting,,60,Car,Night,Fatal
Normal,Daylight,Wet or damp,30,Goods vehicle,Morning,Slight
Normal,Daylight,Dry,50,Car,Afternoon,Slight
Normal,Darkness - lights lit,Dry,30,Car,Afternoon,Slight
Normal,Daylight,Ice,60,Car,Morning,Serious
Normal,Daylight,Dry,30,Car,Afternoon,Slight
Normal,Daylight,Dry,30,Car,Afternoon,Slight
Raining,Darkness - lights lit,Dry,30,Goods vehicle,Afternoon,Slight
Raining,Darkness - lighting unknown,,60,Motorcycle,Evening,Fatal
Normal,Darkness - lights lit,Dry,60,Car,Afternoon,Slight
Normal,Darkness - lights lit,Dry,20,Bus/Coach,Afternoon,Slight
Normal,Daylight,Dry,20,Car,Afternoon,Slight
Snowing,Daylight,Dry,20,Car,Morning,Slight
Fog or mist,Darkness - lights lit,Dry,30,Pedal cycle,Night,Serious
Normal,Daylight,Dry,20,Car,Morning,Slight
Normal,Daylight,Dry,20,Goods vehicle,Morning,Slight
Normal,Daylight,Dry,20,Goods vehicle,Afternoon,Slight
Normal,Darkness - lights lit,Dry,50,Other,Night,Serious
Normal,Daylight,Dry,20,Car,Morning,Slight
Normal,Darkness - lights lit,Dry,20,Motorcycle,Afternoon,Slight
Snowing,Daylight,Dry,30,Car,Afternoon,Slight
Normal,Darkness - no lighting,Dry,30,Car,Afternoon,Slight
Raining,Darkness - lights lit,Dry,20,Pedal cycle,Evening,Slight
Normal,Darkness - lights lit,,30,Car,Afternoon,Slight
Normal,Daylight,Wet or damp,30,Goods vehicle,Evening,Slight
Normal,Daylight,Wet or damp,20,Car,Morning,Slight
Normal,Daylight,Dry,50,Car,Morning,Slight
Raining,Daylight,Snow,60,Bus/Coach,Evening,Serious
Normal,Darkness - lights lit,Dry,20,Car,Afternoon,Slight
,Daylight,Dry,30,Car,Morning,Slight
Raining,Darkness - lights lit,Dry,40,Motorcycle,Morning,Serious
Normal,Daylight,Dry,20,Other,Night,Slight
Raining,Daylight,Dry,20,Car,Afternoon,Slight
Fog or mist,Darkness - lights lit,Wet or damp,50,Goods vehicle,Morning,Slight
Normal,Daylight,Dry,50,Other,Afternoon,Slight
Raining,Daylight,,50,Bus/Coach,Afternoon,Slight
Normal,Darkness - lights lit,Wet or damp,30,Car,Night,Serious
Normal,Daylight,Dry,50,Car,Afternoon,Slight
Raining,Daylight,Dry,70,Car,Afternoon,Slight
Snowing,Darkness - no lighting,Dry,20,Car,Night,Fatal
Raining,Darkness - lights lit,Wet or damp,50,Motorcycle,Night,Fatal
Snowing,Darkness - lights lit,Snow,50,Motorcycle,Afternoon,Serious
Normal,Darkness - lighting unknown,Dry,60,Car,Afternoon,Slight
Raining,Darkness - lighting unknown,Wet or damp,30,Car,Evening,Serious
Normal,Darkness - lights lit,Snow,30,Car,Afternoon,Serious
Normal,Daylight,Dry,30,Motorcycle,Afternoon,Slight
Other,Darkness - lights lit,Ice,30,Goods vehicle,Afternoon,Slight
Normal,Daylight,Dry,20,Car,Afternoon,Slight
Raining,Darkness - lights lit,,50,Motorcycle,Night,Serious
Normal,Daylight,Wet or damp,70,Car,Afternoon,Slight
Snowing,Daylight,Dry,30,Car,Afternoon,Slight
Normal,Daylight,Flood over road,60,Motorcycle,Evening,Slight
Normal,Daylight,,70,Goods vehicle,Afternoon,Slight
Fog or mist,Daylight,Wet or damp,20,Goods vehicle,Morning,Slight
Raining,Daylight,Dry,30,Goods vehicle,Morning,Slight
Fog or mist,Darkness - lights lit,Wet or damp,20,Car,Afternoon,Serious
Normal,Daylight,Wet or damp,30,Pedal cycle,Morning,Slight
Normal,Daylight,Wet or damp,30,Car,Morning,Slight
Normal,Daylight,Dry,30,Car,Afternoon,Slight
Normal,Daylight,Dry,20,Car,Morning,Slight
Raining,Darkness - lights lit,Dry,20,Motorcycle,Evening,Slight
Normal,Darkness - no lighting,Ice,70,Car,Night,Fatal
Normal,Daylight,Dry,40,Bus/Coach,Evening,Slight
Normal,Daylight,Dry,30,Car,Afternoon,Slight
Normal,Daylight,Dry,50,Motorcycle,Morning,Slight
Raining,Daylight,Wet or damp,20,Car,Night,Slight
,Daylight,Dry,30,Car,Morning,Slight
Normal,Darkness - lights lit,Wet or damp,40,Motorcycle,Afternoon,Serious
Raining,Darkness - lights lit,Wet or damp,20,Goods vehicle,Evening,Serious
Raining,Darkness - lights lit,Dry,50,Car,Afternoon,Slight
Normal,Daylight,Dry,20,Motorcycle,Morning,Slight
Normal,Daylight,Dry,30,Car,Night,Slight
Raining,Daylight,Wet or damp,30,Pedal cycle,Morning,Slight
Normal,Daylight,Dry,20,Bus/Coach,Morning,Slight
Normal,Daylight,Dry,30,Car,Morning,Slight
Fog or mist,Daylight,Dry,30,Car,Afternoon,Slight
Unknown,Darkness - no lighting,,70,Car,Evening,Fatal
Normal,Darkness - lighting unknown,Wet or damp,30,Goods vehicle,Afternoon,Slight
Normal,Daylight,Dry,40,Car,Morning,Serious
Other,Darkness - no lighting,Ice,70,Bus/Coach,Night,Fatal
Raining,Daylight,Wet or damp,40,Other,Evening,Serious
Snowing,Darkness - lights lit,Snow,30,Motorcycle,Night,Serious
Raining,Daylight,Wet or damp,20,Car,Afternoon,Slight
Normal,Daylight,,30,Car,Afternoon,Slight
Other,Darkness - lights lit,Wet or damp,40,Car,Afternoon,Serious
Normal,Daylight,Dry,20,Goods vehicle,Evening,Slight
Normal,Daylight,Dry,30,Car,Night,Serious
Fog or mist,Darkness - no lighting,,70,Pedal cycle,Night,Fatal
Normal,Daylight,Dry,60,Motorcycle,Afternoon,Slight
Normal,Daylight,Wet or damp,30,Other,Afternoon,Slight
,Darkness - lighting unknown,Dry,50,Car,Afternoon,Slight
Normal,Daylight,Dry,30,Motorcycle,Morning,Slight
Raining,Darkness - lights lit,Flood over road,30,Motorcycle,Evening,Serious
,Darkness - lights lit,Dry,30,Motorcycle,Afternoon,Slight
Snowing,Daylight,Wet or damp,40,Car,Night,Slight
Normal,Darkness - lights lit,Snow,40,Pedal cycle,Evening,Serious
Normal,Daylight,Dry,40,Motorcycle,Morning,Slight
Normal,Darkness - lights lit,Wet or damp,30,Car,Morning,Slight
Raining,Daylight,Dry,30,Other,Night,Slight
Fog or mist,Darkness - no lighting,Ice,70,Other,Evening,Fatal
Normal,Daylight,Wet or damp,50,Car,Morning,Slight
Raining,Darkness - lights lit,Ice,40,Motorcycle,Evening,Fatal
Normal,Daylight,Dry,20,Bus/Coach,Morning,Slight
Normal,Daylight,Dry,30,Other,Night,Slight
Normal,Daylight,Dry,40,Car,Evening,Slight
Raining,Darkness - lights lit,Wet or damp,30,Other,Afternoon,Serious
Raining,Daylight,Dry,30,Motorcycle,Afternoon,Slight
,Daylight,,70,Car,Morning,Slight
Unknown,Darkness - no lighting,Dry,40,Motorcycle,Night,Serious
Normal,Daylight,,30,Goods vehicle,Afternoon,Slight
Snowing,Daylight,Dry,30,Car,Morning,Slight
Fog or mist,Darkness - no lighting,Dry,20,Car,Morning,Slight
Normal,Daylight,Dry,20,Bus/Coach,Afternoon,Slight
,Darkness - no lighting,Dry,20,Motorcycle,Afternoon,Slight
Normal,Daylight,,30,Car,Morning,Slight
Normal,Daylight,Dry,20,Bus/Coach,Afternoon,Slight
,Darkness - lighting unknown,Dry,60,Motorcycle,Afternoon,Slight
Raining,Daylight,Wet or damp,50,Car,Morning,Slight
Normal,Darkness - lights lit,Dry,30,Car,Evening,Slight
Unknown,Darkness - lights lit,Wet or damp,20,Car,Morning,Slight
Raining,Daylight,Dry,30,Car,Afternoon,Slight
Normal,Daylight,Dry,20,Car,Evening,Slight
Normal,Daylight,Dry,50,Bus/Coach,Afternoon,Slight
Normal,Darkness - lights lit,Flood over road,40,Car,Evening,Serious
Snowing,Daylight,Dry,30,Car,Evening,Slight
Normal,Daylight,,50,Bus/Coach,Afternoon,Slight
Snowing,Darkness - lights lit,Dry,30,Car,Evening,Slight
Snowing,Daylight,Dry,50,Car,Afternoon,Slight
Fog or mist,Daylight,Dry,20,Car,Morning,Slight
Snowing,Daylight,Dry,50,Motorcycle,Morning,Slight
Raining,Darkness - lights lit,Dry,20,Goods vehicle,Morning,Slight
Normal,Daylight,Dry,20,Car,Morning,Slight
Normal,Daylight,Dry,50,Pedal cycle,Morning,Slight
Normal,Daylight,Dry,30,Bus/Coach,Afternoon,Slight
Snowing,Daylight,Dry,20,Other,Afternoon,Slight
Raining,Daylight,Wet or damp,30,Other,Afternoon,Slight
Normal,Darkness - no lighting,Dry,30,Bus/Coach,Afternoon,Slight
Normal,Daylight,Dry,30,Bus/Coach,Morning,Slight
Raining,Daylight,Dry,50,Motorcycle,Morning,Slight
Normal,Darkness - lights lit,Dry,30,Goods vehicle,Morning,Slight
Normal,Daylight,Dry,30,Car,Morning,Slight
Other,Daylight,Dry,30,Car,Morning,Slight
Fog or mist,Darkness - no lighting,,60,Car,Evening,Fatal
Normal,Daylight,Dry,60,Pedal cycle,Morning,Slight
Normal,Darkness - lights lit,Ice,50,Motorcycle,Morning,Slight
Normal,Daylight,Dry,40,Bus/Coach,Morning,Slight
Raining,Darkness - lighting unknown,,30,Car,Morning,Serious
Normal,Darkness - no lighting,Dry,30,Other,Afternoon,Slight
Normal,Daylight,Dry,30,Car,Afternoon,Slight
Raining,Daylight,Dry,20,Car,Morning,Slight
Unknown,Daylight,Dry,20,Goods vehicle,Afternoon,Slight
Normal,Daylight,Dry,50,Car,Afternoon,Slight
Normal,Daylight,Dry,20,Other,Morning,Slight
Normal,Darkness - lights lit,Dry,30,Car,Morning,Slight
Normal,Daylight,Wet or damp,50,Car,Afternoon,Slight
Snowing,Daylight,Wet or damp,70,Motorcycle,Night,Serious
Normal,Daylight,Dry,20,Goods vehicle,Afternoon,Slight
,Daylight,Dry,60,Car,Afternoon,Slight
Raining,Darkness - no lighting,Ice,50,Car,Night,Fatal
Normal,Daylight,Dry,40,Pedal cycle,Night,Slight
Normal,Darkness - no lighting,Dry,30,Pedal cycle,Afternoon,Serious
Normal,Darkness - no lighting,Dry,30,Motorcycle,Afternoon,Serious
Fog or mist,Daylight,Dry,20,Car,Afternoon,Slight
Normal,Darkness - lights lit,Dry,30,Motorcycle,Morning,Slight
Raining,Darkness - lights lit,Wet or damp,70,Bus/Coach,Afternoon,Serious
Normal,Daylight,Flood over road,30,Goods vehicle,Morning,Slight
Other,Daylight,Dry,60,Pedal cycle,Evening,Slight
Raining,Daylight,Snow,70,Motorcycle,Afternoon,Serious
Normal,Daylight,Wet or damp,30,Motorcycle,Morning,Slight
Normal,Daylight,Dry,20,Car,Afternoon,Slight
Fog or mist,Darkness - no lighting,Snow,60,Car,Night,Fatal
Raining,Daylight,Dry,20,Goods vehicle,Morning,Slight
Fog or mist,Daylight,Dry,20,Car,Afternoon,Slight
Normal,Darkness - lights lit,,20,Other,Morning,Slight
Snowing,Daylight,Wet or damp,40,Other,Afternoon,Serious
Normal,Daylight,Dry,20,Other,Morning,Slight
Normal,Darkness - lights lit,Dry,20,Car,Morning,Slight
Normal,Daylight,Dry,50,Car,Night,Slight
Raining,Daylight,Dry,50,Car,Afternoon,Slight
Raining,Daylight,Dry,20,Pedal cycle,Morning,Slight
Normal,Daylight,,30,Car,Morning,Slight
Normal,Daylight,Dry,40,Car,Afternoon,Slight
Raining,Darkness - lighting unknown,Wet or damp,60,Motorcycle,Night,Fatal
Normal,Darkness - lights lit,Dry,20,Car,Afternoon,Slight
Normal,Darkness - lights lit,Flood over road,20,Pedal cycle,Morning,Slight
Raining,Darkness - no lighting,Snow,20,Car,Evening,Serious
Normal,Darkness - lighting unknown,Dry,30,Car,Afternoon,Slight
Normal,Darkness - lights lit,Wet or damp,40,Bus/Coach,Afternoon,Slight
Normal,Daylight,Dry,20,Car,Morning,Slight
Normal,Darkness - lights lit,Dry,60,Car,Afternoon,Slight
Other,Daylight,Dry,20,Car,Afternoon,Slight
Normal,Daylight,Dry,30,Other,Night,Serious
Normal,Darkness - no lighting,Dry,30,Pedal cycle,Afternoon,Slight
,Darkness - no lighting,Dry,30,Bus/Coach,Evening,Slight
Normal,Daylight,Dry,20,Goods vehicle,Morning,Slight
,Daylight,Wet or damp,40,Motorcycle,Afternoon,Slight
Normal,Daylight,Dry,20,Car,Afternoon,Slight
Normal,Darkness - lights lit,Dry,60,Car,Afternoon,Slight
Normal,Darkness - lights lit,Dry,20,Car,Morning,Slight
Normal,Daylight,Wet or damp,30,Car,Afternoon,Slight
Raining,Daylight,Dry,30,Car,Morning,Slight
Raining,Daylight,Dry,30,Bus/Coach,Morning,Slight
Normal,Daylight,Dry,30,Car,Afternoon,Slight
Normal,Daylight,Dry,50,Bus/Coach,Night,Slight
Normal,Daylight,Dry,20,Car,Morning,Slight
Other,Daylight,Dry,20,Goods vehicle,Afternoon,Slight
Normal,Darkness - lights lit,Dry,70,Car,Morning,Slight
Normal,Daylight,Wet or damp,50,Car,Afternoon,Serious
Raining,Daylight,Dry,30,Bus/Coach,Evening,Slight
Raining,Daylight,Dry,50,Car,Afternoon,Slight
Raining,Daylight,Ice,30,Motorcycle,Afternoon,Serious
Normal,Daylight,Dry,50,Car,Afternoon,Slight
Raining,Daylight,Dry,30,Car,Morning,Slight
Normal,Darkness - lighting unknown,Wet or damp,20,Car,Afternoon,Slight
Other,Daylight,Dry,60,Car,Afternoon,Slight
Raining,Daylight,Dry,30,Other,Morning,Slight
Normal,Darkness - lights lit,,30,Car,Afternoon,Slight
Normal,Darkness - lights lit,Dry,30,Goods vehicle,Night,Slight
Normal,Daylight,Dry,20,Motorcycle,Evening,Slight
Normal,Daylight,Dry,30,Car,Morning,Slight
Snowing,Daylight,Wet or damp,20,Goods vehicle,Morning,Slight
Raining,Daylight,Dry,40,Car,Night,Serious
Normal,Daylight,Dry,30,Car,Evening,Slight
Fog or mist,Daylight,Snow,20,Bus/Coach,Afternoon,Slight
Normal,Daylight,Dry,30,Motorcycle,Afternoon,Slight
Raining,Darkness - no lighting,Wet or damp,70,Pedal cycle,Night,Fatal
Fog or mist,Darkness - lighting unknown,Wet or damp,70,Goods vehicle,Morning,Serious
Normal,Darkness - lights lit,Dry,20,Bus/Coach,Morning,Slight
Snowing,Darkness - lighting unknown,Dry,70,Car,Afternoon,Serious
Normal,Darkness - lighting unknown,,60,Car,Morning,Slight
Normal,Darkness - lighting unknown,,30,Bus/Coach,Afternoon,Slight
Normal,Daylight,Flood over road,20,Car,Morning,Slight
Normal,Daylight,Wet or damp,30,Car,Afternoon,Slight
Snowing,Daylight,Dry,30,Other,Evening,Slight
Normal,Daylight,Wet or damp,30,Car,Morning,Slight
Normal,Daylight,Dry,20,Car,Morning,Slight
Fog or mist,Daylight,Dry,50,Car,Morning,Slight
Normal,Daylight,Dry,50,Bus/Coach,Morning,Slight
Normal,Daylight,Dry,30,Car,Afternoon,Slight
,Daylight,Dry,20,Car,Afternoon,Slight
Fog or mist,Darkness - no lighting,Dry,40,Motorcycle,Night,Fatal
Normal,Daylight,Dry,30,Bus/Coach,Morning,Slight
Other,Darkness - no lighting,Flood over road,20,Other,Afternoon,Serious
Normal,Darkness - lights lit,,20,Other,Night,Serious
Normal,Darkness - lights lit,Dry,40,Car,Afternoon,Slight
Raining,Darkness - no lighting,Flood over road,70,Other,Night,Fatal
Normal,Daylight,Wet or damp,20,Motorcycle,Night,Slight
Normal,Darkness - no lighting,Ice,60,Goods vehicle,Night,Fatal
Normal,Daylight,Dry,30,Bus/Coach,Night,Slight
Other,Daylight,Wet or damp,20,Car,Morning,Slight
Normal,Darkness - lights lit,Dry,70,Car,Morning,Slight
Unknown,Daylight,Dry,60,Car,Afternoon,Slight
Normal,Daylight,Snow,60,Car,Morning,Slight
Normal,Daylight,Dry,20,Car,Afternoon,Slight
Raining,Darkness - no lighting,,40,Goods vehicle,Evening,Serious
Normal,Darkness - no lighting,Dry,30,Bus/Coach,Morning,Slight
Other,Daylight,Dry,30,Car,Afternoon,Slight
Normal,Daylight,Dry,30,Car,Morning,Slight
Normal,Darkness - lights lit,Wet or damp,20,Car,Morning,Slight
Normal,Daylight,Dry,70,Motorcycle,Evening,Slight
Normal,Daylight,Ice,30,Car,Morning,Slight
Normal,Daylight,Flood over road,30,Car,Afternoon,Slight
Normal,Daylight,Snow,40,Other,Evening,Serious
Normal,Darkness - lights lit,Dry,30,Car,Night,Slight
Normal,Darkness - lighting unknown,Wet or damp,30,Pedal cycle,Morning,Slight
Normal,Daylight,Snow,50,Car,Evening,Slight
Normal,Darkness - no lighting,Wet or damp,30,Car,Morning,Slight
Normal,Daylight,Dry,50,Car,Morning,Slight
Raining,Darkness - no lighting,Wet or damp,60,Motorcycle,Night,Fatal
Normal,Daylight,Dry,20,Other,Evening,Slight
Raining,Daylight,Wet or damp,60,Car,Afternoon,Serious
Normal,Daylight,,40,Car,Afternoon,Slight
Normal,Darkness - lights lit,Dry,40,Car,Afternoon,Slight
Raining,Daylight,Flood over road,50,Bus/Coach,Evening,Slight
Normal,Daylight,Dry,50,Car,Morning,Slight
Normal,Daylight,Wet or damp,50,Motorcycle,Night,Serious
Snowing,Daylight,Dry,30,Car,Morning,Slight
Normal,Darkness - lights lit,,70,Goods vehicle,Morning,Slight
Normal,Darkness - lights lit,Wet or damp,30,Car,Afternoon,Slight
Snowing,Darkness - no lighting,Wet or damp,20,Other,Night,Serious
Normal,Daylight,Wet or damp,30,Car,Afternoon,Slight
Normal,Daylight,Wet or damp,30,Motorcycle,Afternoon,Slight
Normal,Daylight,Dry,60,Goods vehicle,Afternoon,Slight
Fog or mist,Darkness - lighting unknown,Dry,50,Bus/Coach,Evening,Serious
Normal,Daylight,Wet or damp,40,Car,Morning,Slight
Normal,Daylight,Wet or damp,50,Car,Afternoon,Slight
Fog or mist,Daylight,Dry,30,Other,Afternoon,Serious
Normal,Daylight,,30,Car,Morning,Slight
Raining,Daylight,Wet or damp,20,Car,Afternoon,Slight
Normal,Darkness - lights lit,Wet or damp,30,Car,Night,Serious
Normal,Darkness - lighting unknown,Dry,30,Car,Morning,Slight
Normal,Darkness - lights lit,Dry,60,Car,Morning,Slight
Normal,Daylight,Dry,50,Other,Morning,Slight
Fog or mist,Darkness - lights lit,Dry,70,Bus/Coach,Night,Serious
Normal,Daylight,Flood over road,20,Car,Afternoon,Slight
Normal,Daylight,Dry,30,Car,Afternoon,Slight
Normal,Darkness - lights lit,Dry,20,Car,Morning,Slight
Normal,Darkness - lights lit,Wet or damp,30,Car,Afternoon,Slight
Normal,Daylight,Dry,40,Car,Morning,Slight
Raining,Darkness - lights lit,Dry,30,Car,Afternoon,Serious
Fog or mist,Darkness - no lighting,Ice,60,Motorcycle,Afternoon,Fatal
Normal,Daylight,Wet or damp,20,Car,Morning,Slight
Normal,Daylight,Dry,30,Car,Night,Slight
Raining,Darkness - lights lit,Dry,20,Car,Afternoon,Slight
Normal,Daylight,Dry,20,Pedal cycle,Morning,Slight
Raining,Darkness - lights lit,Dry,20,Car,Afternoon,Slight
Normal,Daylight,Snow,20,Car,Night,Slight
Normal,Daylight,Ice,20,Motorcycle,Evening,Slight
Raining,Darkness - lighting unknown,Dry,30,Goods vehicle,Afternoon,Slight
Normal,Daylight,Dry,20,Car,Morning,Slight
Normal,Darkness - lights lit,Wet or damp,30,Car,Morning,Slight
Normal,Darkness - lights lit,Dry,40,Bus/Coach,Afternoon,Slight
Normal,Daylight,Dry,30,Car,Morning,Slight
Normal,Daylight,Dry,20,Bus/Coach,Evening,Slight
Normal,Darkness - lights lit,Dry,20,Bus/Coach,Morning,Slight
Unknown,Daylight,Snow,30,Car,Afternoon,Slight
,Daylight,Wet or damp,30,Car,Morning,Slight
Snowing,Daylight,Dry,20,Car,Morning,Slight
,Darkness - lights lit,Dry,30,Car,Morning,Slight
Normal,Daylight,Dry,60,Car,Morning,Slight
Normal,Darkness - lighting unknown,Dry,60,Car,Morning,Slight
Snowing,Daylight,Ice,30,Car,Afternoon,Slight
Normal,Darkness - lights lit,Dry,30,Car,Morning,Slight
Normal,Darkness - lights lit,Dry,40,Car,Morning,Slight
Raining,Darkness - lights lit,Dry,20,Motorcycle,Evening,Slight
Normal,Daylight,,20,Car,Morning,Slight
Other,Darkness - no lighting,Dry,20,Bus/Coach,Morning,Slight
,Daylight,Dry,30,Car,Evening,Slight
Snowing,Darkness - lights lit,Dry,50,Other,Morning,Serious
Normal,Daylight,Dry,70,Car,Afternoon,Slight
Raining,Darkness - no lighting,Dry,70,Car,Night,Fatal
Normal,Daylight,Dry,20,Other,Morning,Slight
Normal,Darkness - lights lit,Dry,70,Car,Morning,Slight
Raining,Daylight,,20,Car,Night,Slight
Normal,Darkness - lights lit,Dry,30,Car,Night,Slight
,Daylight,Dry,60,Motorcycle,Evening,Serious
Normal,Daylight,Dry,40,Bus/Coach,Morning,Slight
Snowing,Daylight,Dry,30,Goods vehicle,Afternoon,Slight
Snowing,Darkness - no lighting,Flood over road,50,Car,Afternoon,Serious
Normal,Daylight,Dry,20,Car,Evening,Slight
Fog or mist,Daylight,Dry,30,Car,Afternoon,Slight
Normal,Darkness - lights lit,Wet or damp,30,Car,Afternoon,Slight
Other,Darkness - lights lit,Dry,20,Car,Morning,Slight
,Daylight,Dry,50,Motorcycle,Evening,Serious
Normal,Daylight,Dry,20,Car,Afternoon,Slight
Normal,Darkness - lights lit,Dry,30,Bus/Coach,Afternoon,Slight
Normal,Daylight,Wet or damp,20,Car,Morning,Slight
Raining,Daylight,Dry,20,Car,Morning,Slight
Normal,Darkness - lights lit,Wet or damp,30,Car,Morning,Slight
Snowing,Darkness - lighting unknown,Dry,30,Motorcycle,Morning,Slight
Normal,Daylight,Dry,30,Motorcycle,Afternoon,Slight
Unknown,Daylight,Wet or damp,40,Pedal cycle,Afternoon,Serious
Normal,Darkness - lighting unknown,Wet or damp,30,Goods vehicle,Morning,Slight
Raining,Daylight,Dry,50,Motorcycle,Night,Slight
Normal,Daylight,Wet or damp,20,Car,Morning,Slight
Normal,Daylight,Dry,30,Car,Morning,Slight
Normal,Daylight,Dry,70,Car,Night,Serious
,Daylight,Wet or damp,50,Goods vehicle,Night,Serious
Normal,Daylight,Dry,30,Car,Morning,Slight
Normal,Darkness - lights lit,Dry,40,Car,Morning,Slight
Normal,Daylight,Wet or damp,30,Car,Morning,Slight
Normal,Daylight,,20,Car,Afternoon,Slight
Normal,Darkness - lights lit,Dry,30,Car,Afternoon,Slight
Raining,Daylight,Wet or damp,30,Car,Evening,Serious
Normal,Darkness - lights lit,Dry,20,Motorcycle,Night,Slight
Normal,Darkness - lights lit,Dry,20,Car,Afternoon,Slight
Fog or mist,Darkness - lighting unknown,Snow,70,Bus/Coach,Night,Fatal
Raining,Daylight,Dry,30,Car,Morning,Slight
Snowing,Darkness - lighting unknown,Flood over road,50,Car,Afternoon,Fatal
Normal,Daylight,Dry,20,Car,Morning,Slight
Normal,Darkness - lights lit,Dry,50,Car,Morning,Serious
Fog or mist,Darkness - no lighting,Dry,40,Car,Morning,Slight
Normal,Darkness - lights lit,Snow,20,Car,Afternoon,Slight
Fog or mist,Darkness - lights lit,Dry,20,Bus/Coach,Morning,Slight
Normal,Darkness - no lighting,Dry,60,Bus/Coach,Night,Fatal
Normal,Daylight,Wet or damp,50,Car,Evening,Slight
,Darkness - lights lit,Snow,50,Bus/Coach,Night,Fatal
Raining,Daylight,Snow,40,Car,Afternoon,Serious
Other,Daylight,Wet or damp,20,Bus/Coach,Afternoon,Slight
Other,Daylight,Dry,20,Car,Evening,Slight
Normal,Darkness - no lighting,Dry,30,Car,Afternoon,Slight
Normal,Darkness - lighting unknown,Dry,20,Car,Morning,Slight
Normal,Daylight,Dry,40,Other,Afternoon,Slight
Normal,Darkness - lights lit,Dry,20,Car,Afternoon,Slight
Normal,Daylight,Dry,40,Goods vehicle,Afternoon,Slight
Normal,Daylight,Dry,50,Car,Afternoon,Slight
Unknown,Darkness - no lighting,Dry,50,Pedal cycle,Evening,Fatal
Normal,Darkness - no lighting,Snow,50,Pedal cycle,Night,Fatal
Normal,Darkness - lights lit,Dry,50,Car,Morning,Slight
Normal,Daylight,Flood over road,20,Car,Morning,Slight
Raining,Darkness - lights lit,Dry,30,Motorcycle,Afternoon,Slight
Raining,Daylight,Dry,30,Car,Morning,Slight
Snowing,Daylight,Dry,40,Bus/Coach,Morning,Slight
Raining,Daylight,Dry,20,Other,Morning,Slight
Normal,Darkness - lights lit,,40,Motorcycle,Afternoon,Slight
Normal,Darkness - lighting unknown,Ice,70,Goods vehicle,Night,Serious
Normal,Daylight,Dry,40,Car,Morning,Slight
Fog or mist,Darkness - lights lit,Wet or damp,30,Goods vehicle,Afternoon,Slight
Normal,Darkness - no lighting,Snow,60,Goods vehicle,Night,Fatal
Normal,Daylight,Dry,30,Car,Evening,Serious
Raining,Daylight,Dry,20,Bus/Coach,Afternoon,Slight
Normal,Daylight,Wet or damp,40,Motorcycle,Morning,Slight
Normal,Daylight,Dry,20,Car,Morning,Slight
Normal,Daylight,Dry,20,Goods vehicle,Night,Slight
,Darkness - lights lit,Snow,20,Car,Evening,Slight
Fog or mist,Daylight,Wet or damp,20,Car,Night,Slight
Normal,Darkness - lights lit,Dry,20,Car,Afternoon,Slight
Snowing,Daylight,Dry,30,Goods vehicle,Afternoon,Slight
Unknown,Darkness - lights lit,Wet or damp,50,Car,Morning,Serious
Raining,Darkness - lights lit,Wet or damp,50,Car,Evening,Serious
Snowing,Daylight,Snow,30,Other,Evening,Slight
Normal,Daylight,Wet or damp,30,Car,Afternoon,Slight
Normal,Daylight,Dry,20,Car,Evening,Slight
Normal,Daylight,Flood over road,30,Other,Morning,Slight
Raining,Daylight,,50,Car,Afternoon,Slight
Snowing,Daylight,Dry,30,Other,Morning,Slight
Normal,Darkness - lights lit,Dry,20,Motorcycle,Morning,Slight
Normal,Daylight,Dry,20,Car,Afternoon,Slight
Normal,Daylight,Dry,50,Car,Morning,Slight
,Darkness - no lighting,,30,Other,Night,Serious
Raining,Daylight,Dry,20,Car,Morning,Slight
Normal,Daylight,,50,Car,Evening,Slight
Raining,Daylight,Wet or damp,30,Car,Morning,Slight
Fog or mist,Darkness - no lighting,Wet or damp,70,Other,Evening,Fatal
Normal,Darkness - lighting unknown,Snow,40,Car,Evening,Serious
Fog or mist,Darkness - lights lit,Dry,60,Car,Evening,Slight
Other,Daylight,Wet or damp,40,Motorcycle,Afternoon,Serious
Normal,Darkness - lights lit,Dry,30,Bus/Coach,Morning,Serious
Normal,Daylight,,50,Goods vehicle,Morning,Slight
Fog or mist,Daylight,Dry,30,Bus/Coach,Night,Slight
Normal,Daylight,,50,Motorcycle,Evening,Slight
Normal,Daylight,Dry,30,Goods vehicle,Afternoon,Slight
Normal,Daylight,Dry,30,Car,Afternoon,Slight
Normal,Daylight,Dry,30,Bus/Coach,Afternoon,Slight
Raining,Darkness - lights lit,Snow,40,Car,Evening,Serious
Normal,Darkness - lights lit,Wet or damp,40,Car,Evening,Slight
Raining,Darkness - lights lit,Dry,20,Bus/Coach,Afternoon,Slight
Raining,Daylight,Dry,30,Car,Morning,Slight
Normal,Daylight,Flood over road,20,Motorcycle,Night,Slight
Raining,Darkness - lighting unknown,Wet or damp,30,Car,Afternoon,Slight
Fog or mist,Darkness - no lighting,Wet or damp,40,Car,Morning,Serious
Normal,Daylight,Wet or damp,20,Pedal cycle,Morning,Slight
Raining,Daylight,Wet or damp,60,Motorcycle,Evening,Serious
Raining,Darkness - no lighting,Wet or damp,60,Car,Evening,Fatal
Normal,Daylight,Dry,30,Car,Morning,Slight
Normal,Daylight,Wet or damp,50,Car,Afternoon,Serious
Raining,Darkness - lights lit,Flood over road,20,Bus/Coach,Afternoon,Serious
Normal,Daylight,Dry,30,Other,Afternoon,Slight
Normal,Daylight,Dry,70,Other,Afternoon,Slight
Fog or mist,Darkness - lights lit,Dry,30,Car,Night,Slight
Raining,Daylight,Snow,30,Car,Morning,Slight
Normal,Daylight,Dry,20,Car,Afternoon,Slight
Normal,Daylight,Dry,20,Car,Morning,Slight
Normal,Daylight,Wet or damp,30,Car,Morning,Slight
Normal,Darkness - lights lit,Wet or damp,40,Goods vehicle,Morning,Slight
Fog or mist,Darkness - no lighting,Dry,30,Goods vehicle,Morning,Slight
Normal,Daylight,,50,Car,Night,Slight
Fog or mist,Darkness - lighting unknown,Snow,60,Goods vehicle,Evening,Fatal
Normal,Daylight,Wet or damp,30,Bus/Coach,Afternoon,Slight
Normal,Darkness - lights lit,Dry,70,Goods vehicle,Afternoon,Slight
Snowing,Daylight,Snow,50,Motorcycle,Evening,Fatal
Normal,Daylight,,30,Car,Morning,Slight
Normal,Daylight,Dry,30,Goods vehicle,Night,Slight
,Daylight,Dry,30,Car,Afternoon,Slight
Normal,Daylight,,20,Motorcycle,Morning,Slight
Normal,Daylight,,30,Car,Evening,Slight
Normal,Daylight,Dry,20,Motorcycle,Afternoon,Slight
Normal,Daylight,Dry,70,Car,Morning,Slight
Fog or mist,Darkness - no lighting,Snow,70,Goods vehicle,Morning,Fatal
Normal,Daylight,Dry,30,Car,Morning,Slight
Normal,Darkness - lights lit,Wet or damp,70,Car,Afternoon,Slight
Fog or mist,Darkness - no lighting,Wet or damp,30,Pedal cycle,Evening,Serious
Normal,Darkness - lights lit,Wet or damp,60,Pedal cycle,Afternoon,Serious
Normal,Daylight,Dry,40,Goods vehicle,Morning,Slight
Normal,Daylight,Flood over road,50,Car,Afternoon,Slight
Normal,Daylight,Dry,50,Car,Night,Slight
Raining,Darkness - lights lit,Dry,30,Goods vehicle,Afternoon,Slight
Fog or mist,Daylight,Dry,30,Motorcycle,Morning,Slight
Raining,Daylight,Dry,20,Goods vehicle,Afternoon,Slight
Normal,Darkness - no lighting,Wet or damp,60,Car,Night,Fatal
Normal,Daylight,Ice,40,Motorcycle,Afternoon,Serious
Normal,Daylight,Dry,40,Car,Afternoon,Slight
Fog or mist,Daylight,Dry,20,Car,Morning,Slight
Normal,Darkness - lighting unknown,Dry,40,Car,Morning,Slight
,Darkness - no lighting,Snow,70,Motorcycle,Afternoon,Fatal
Normal,Daylight,Wet or damp,20,Pedal cycle,Afternoon,Slight
Normal,Darkness - lighting unknown,Dry,30,Pedal cycle,Night,Slight
Fog or mist,Darkness - lights lit,Dry,20,Car,Afternoon,Slight
Normal,Darkness - lights lit,Wet or damp,30,Pedal cycle,Evening,Slight
Raining,Darkness - lighting unknown,Dry,70,Car,Afternoon,Slight
Raining,Darkness - lights lit,Dry,30,Motorcycle,Afternoon,Slight
Raining,Daylight,Dry,20,Motorcycle,Morning,Slight
Normal,Daylight,Dry,30,Car,Morning,Slight
Normal,Darkness - no lighting,Snow,30,Motorcycle,Night,Serious
,Daylight,Dry,50,Pedal cycle,Morning,Slight
Normal,Darkness - lighting unknown,Dry,50,Car,Afternoon,Slight
,Daylight,Wet or damp,20,Motorcycle,Afternoon,Slight
,Daylight,Dry,20,Car,Morning,Slight
Normal,Daylight,Dry,50,Car,Afternoon,Slight
Other,Daylight,Wet or damp,30,Car,Morning,Slight
Normal,Daylight,Snow,30,Car,Afternoon,Slight
Normal,Darkness - lights lit,Dry,20,Car,Morning,Slight
Normal,Daylight,Dry,40,Motorcycle,Afternoon,Slight
Fog or mist,Darkness - no lighting,Dry,30,Motorcycle,Afternoon,Serious
Normal,Darkness - lighting unknown,Dry,30,Car,Afternoon,Slight
Normal,Darkness - lighting unknown,Wet or damp,40,Other,Afternoon,Slight
Normal,Daylight,Dry,20,Car,Morning,Slight
Normal,Daylight,Dry,20,Motorcycle,Afternoon,Slight
Normal,Darkness - lights lit,Dry,30,Car,Night,Slight
Normal,Darkness - lights lit,Dry,30,Car,Night,Slight
Raining,Daylight,Dry,40,Car,Evening,Serious
Raining,Daylight,Dry,40,Car,Evening,Slight
Raining,Darkness - no lighting,Dry,30,Car,Afternoon,Slight
Normal,Darkness - lights lit,Wet or damp,60,Car,Afternoon,Slight
Normal,Darkness - lights lit,Wet or damp,40,Car,Morning,Serious
Normal,Darkness - lights lit,Dry,20,Car,Morning,Slight
Normal,Daylight,Dry,20,Bus/Coach,Morning,Slight
Fog or mist,Daylight,Dry,20,Motorcycle,Afternoon,Slight
Normal,Darkness - no lighting,Dry,30,Car,Morning,Slight
Fog or mist,Daylight,Flood over road,20,Car,Morning,Slight
Normal,Daylight,Dry,30,Bus/Coach,Morning,Slight
Normal,Daylight,Wet or damp,20,Pedal cycle,Evening,Slight
,Darkness - lights lit,Wet or damp,20,Pedal cycle,Night,Slight
Raining,Daylight,Dry,30,Car,Afternoon,Slight
Normal,Darkness - lights lit,Dry,30,Car,Morning,Slight
Normal,Darkness - lights lit,Dry,20,Car,Morning,Serious
Normal,Daylight,Dry,30,Bus/Coach,Afternoon,Slight
Snowing,Darkness - no lighting,Dry,30,Car,Night,Slight
Other,Daylight,Dry,40,Bus/Coach,Afternoon,Slight
Snowing,Darkness - lights lit,Wet or damp,40,Motorcycle,Evening,Serious
Normal,Daylight,Snow,20,Car,Afternoon,Slight
Normal,Daylight,Dry,50,Bus/Coach,Morning,Slight
Normal,Darkness - lights lit,Dry,20,Motorcycle,Morning,Slight
,Darkness - lights lit,Dry,20,Goods vehicle,Evening,Slight
Normal,Daylight,Dry,30,Bus/Coach,Morning,Slight
Normal,Daylight,Dry,30,Car,Morning,Slight
Normal,Daylight,Dry,20,Goods vehicle,Afternoon,Slight
Normal,Daylight,Dry,50,Goods vehicle,Evening,Slight
Raining,Darkness - lights lit,Dry,30,Car,Morning,Slight
Snowing,Darkness - lights lit,Snow,30,Car,Afternoon,Slight
Normal,Darkness - lights lit,Dry,20,Car,Night,Slight
Normal,Darkness - lighting unknown,Dry,20,Car,Morning,Slight
Snowing,Daylight,Dry,30,Car,Afternoon,Slight
Normal,Daylight,Dry,30,Car,Afternoon,Slight
Normal,Darkness - lights lit,Dry,70,Car,Night,Slight
Raining,Darkness - no lighting,Dry,50,Car,Afternoon,Slight
Normal,Daylight,Flood over road,40,Bus/Coach,Afternoon,Slight
Normal,Daylight,Dry,30,Goods vehicle,Morning,Slight
Normal,Daylight,,20,Car,Night,Slight
Raining,Daylight,Dry,50,Car,Morning,Slight
Raining,Daylight,Dry,20,Car,Afternoon,Slight
Raining,Daylight,,50,Goods vehicle,Morning,Serious
Snowing,Daylight,Wet or damp,30,Car,Afternoon,Slight
Raining,Darkness - lighting unknown,Ice,50,Car,Afternoon,Slight
Normal,Daylight,Dry,20,Pedal cycle,Afternoon,Slight
Normal,Darkness - lights lit,Snow,20,Bus/Coach,Afternoon,Slight
Raining,Daylight,Dry,30,Car,Morning,Slight
Normal,Daylight,Dry,30,Pedal cycle,Afternoon,Slight
Normal,Darkness - no lighting,Dry,70,Motorcycle,Night,Fatal
Normal,Darkness - lights lit,Snow,20,Pedal cycle,Morning,Slight
Other,Daylight,Dry,30,Car,Afternoon,Slight
Other,Daylight,,30,Pedal cycle,Morning,Slight
Raining,Darkness - no lighting,Wet or damp,70,Motorcycle,Night,Fatal
Normal,Daylight,Wet or damp,20,Goods vehicle,Afternoon,Slight
Normal,Daylight,,50,Car,Night,Slight
Snowing,Daylight,Dry,30,Car,Night,Slight
Normal,Daylight,Dry,30,Car,Morning,Slight
Normal,Daylight,Wet or damp,40,Bus/Coach,Night,Slight
Raining,Darkness - lights lit,Flood over road,50,Car,Evening,Serious
Fog or mist,Darkness - lights lit,Flood over road,70,Car,Night,Fatal
Normal,Darkness - lights lit,Wet or damp,50,Other,Afternoon,Serious
Fog or mist,Darkness - lighting unknown,Dry,60,Car,Morning,Slight
Raining,Darkness - lights lit,Dry,20,Pedal cycle,Morning,Slight
Raining,Daylight,Dry,20,Goods vehicle,Night,Slight
,Daylight,Wet or damp,30,Bus/Coach,Afternoon,Slight
,Daylight,,30,Car,Afternoon,Slight
Normal,Darkness - lights lit,Dry,50,Car,Morning,Slight
Snowing,Daylight,Dry,20,Car,Afternoon,Slight
,Daylight,Wet or damp,50,Motorcycle,Afternoon,Slight
Raining,Daylight,Dry,60,Other,Evening,Slight
Fog or mist,Darkness - no lighting,Wet or damp,70,Goods vehicle,Evening,Fatal
Normal,Darkness - lighting unknown,Dry,20,Car,Night,Slight
Normal,Daylight,Dry,20,Car,Afternoon,Slight
Normal,Daylight,Snow,20,Car,Morning,Slight
Normal,Daylight,Wet or damp,20,Car,Night,Slight
Raining,Daylight,Dry,30,Car,Night,Slight
Normal,Daylight,Dry,40,Car,Afternoon,Slight
Normal,Darkness - lights lit,Dry,30,Car,Night,Serious
Normal,Daylight,Dry,20,Car,Morning,Slight
Normal,Darkness - no lighting,Dry,50,Car,Afternoon,Slight
Raining,Darkness - lights lit,Wet or damp,50,Car,Morning,Slight
Normal,Daylight,Dry,30,Car,Afternoon,Slight
Normal,Daylight,Ice,50,Car,Morning,Slight
,Daylight,Snow,70,Goods vehicle,Morning,Slight
Normal,Daylight,Dry,30,Bus/Coach,Afternoon,Slight
Raining,Daylight,Dry,20,Car,Morning,Slight
Unknown,Daylight,Snow,20,Car,Afternoon,Slight
Normal,Daylight,Wet or damp,30,Car,Morning,Slight
Normal,Daylight,Dry,30,Pedal cycle,Morning,Slight
,Daylight,Ice,30,Goods vehicle,Afternoon,Slight
Normal,Darkness - no lighting,Wet or damp,20,Car,Afternoon,Slight
Normal,Daylight,,40,Goods vehicle,Night,Slight
Snowing,Daylight,Ice,20,Car,Afternoon,Slight
Fog or mist,Darkness - no lighting,Wet or damp,50,Pedal cycle,Evening,Serious
Normal,Daylight,Dry,70,Motorcycle,Afternoon,Slight
Normal,Darkness - lights lit,Snow,50,Motorcycle,Night,Fatal
Normal,Daylight,Dry,30,Car,Evening,Slight
Normal,Daylight,Dry,30,Car,Night,Slight
Normal,Darkness - lights lit,Dry,20,Car,Night,Slight
Normal,Darkness - lights lit,Dry,50,Car,Morning,Serious
Normal,Daylight,Ice,50,Bus/Coach,Night,Serious
Normal,Daylight,Dry,20,Car,Morning,Slight
Normal,Daylight,Dry,30,Car,Night,Slight
Normal,Daylight,Dry,20,Car,Afternoon,Slight
Normal,Daylight,Dry,60,Car,Morning,Slight
,Daylight,Dry,30,Bus/Coach,Morning,Slight
Other,Daylight,Dry,20,Car,Morning,Slight
Normal,Daylight,Dry,40,Bus/Coach,Afternoon,Slight
Snowing,Darkness - no lighting,Wet or damp,70,Pedal cycle,Evening,Fatal
Raining,Daylight,Dry,20,Car,Morning,Slight
Normal,Darkness - no lighting,Dry,20,Car,Evening,Slight
Raining,Daylight,Dry,30,Car,Afternoon,Slight
Normal,Darkness - lights lit,,20,Pedal cycle,Morning,Slight
Fog or mist,Daylight,Wet or damp,20,Car,Evening,Serious
Normal,Daylight,Dry,30,Bus/Coach,Afternoon,Slight
Normal,Darkness - lights lit,Wet or damp,70,Motorcycle,Night,Serious
Raining,Daylight,Dry,30,Car,Night,Slight
Raining,Daylight,Dry,30,Car,Evening,Slight
Normal,Daylight,Dry,30,Car,Morning,Slight
Raining,Daylight,Wet or damp,30,Pedal cycle,Night,Slight
Normal,Daylight,Dry,20,Car,Evening,Slight
Normal,Daylight,Snow,20,Car,Night,Slight
Normal,Daylight,Dry,30,Goods vehicle,Morning,Slight
Normal,Daylight,Dry,60,Pedal cycle,Morning,Slight
Normal,Darkness - no lighting,Dry,30,Goods vehicle,Afternoon,Slight
Normal,Daylight,Wet or damp,30,Car,Morning,Slight
Snowing,Daylight,Dry,30,Car,Morning,Slight
Other,Daylight,Dry,50,Car,Afternoon,Slight
Normal,Darkness - no lighting,Dry,20,Pedal cycle,Morning,Slight
Normal,Darkness - lighting unknown,Dry,30,Car,Night,Slight
Normal,Darkness - no lighting,Ice,50,Bus/Coach,Afternoon,Serious
Raining,Daylight,Dry,20,Goods vehicle,Afternoon,Slight
Raining,Darkness - lights lit,Snow,20,Car,Afternoon,Slight
Normal,Daylight,Wet or damp,30,Car,Afternoon,Slight
Fog or mist,Daylight,Dry,20,Car,Night,Slight
Raining,Darkness - lights lit,Wet or damp,50,Bus/Coach,Evening,Fatal
Raining,Daylight,Wet or damp,50,Car,Night,Slight
Normal,Darkness - no lighting,Dry,30,Car,Evening,Slight
,Daylight,Dry,30,Car,Morning,Slight
Raining,Darkness - no lighting,,50,Goods vehicle,Afternoon,Serious
Normal,Darkness - lights lit,Wet or damp,40,Bus/Coach,Morning,Serious
Normal,Daylight,Dry,30,Motorcycle,Evening,Slight
Normal,Daylight,Dry,30,Car,Afternoon,Slight
Normal,Daylight,Dry,20,Car,Morning,Slight
Normal,Daylight,Wet or damp,30,Car,Afternoon,Slight
Normal,Daylight,Dry,20,Car,Morning,Slight
Fog or mist,Darkness - lighting unknown,Dry,60,Pedal cycle,Night,Serious
Raining,Daylight,Dry,20,Pedal cycle,Morning,Slight
Fog or mist,Daylight,Wet or damp,40,Car,Morning,Slight
Unknown,Darkness - lights lit,Dry,30,Car,Afternoon,Slight
Normal,Darkness - lights lit,Dry,20,Bus/Coach,Afternoon,Slight
Normal,Daylight,Dry,50,Motorcycle,Afternoon,Slight
Normal,Daylight,Dry,30,Car,Afternoon,Slight
Normal,Daylight,Dry,30,Car,Morning,Slight
Normal,Daylight,,30,Bus/Coach,Afternoon,Slight
Normal,Daylight,Snow,50,Car,Afternoon,Slight
Fog or mist,Darkness - no lighting,Wet or damp,50,Goods vehicle,Night,Fatal
Normal,Darkness - no lighting,Wet or damp,20,Car,Afternoon,Slight
Normal,Daylight,Ice,50,Car,Evening,Slight
Normal,Darkness - lights lit,Dry,50,Car,Afternoon,Slight
Normal,Daylight,Snow,30,Car,Morning,Slight
Normal,Darkness - lights lit,Ice,70,Goods vehicle,Morning,Serious
Raining,Darkness - no lighting,Flood over road,30,Goods vehicle,Morning,Slight
Normal,Darkness - lighting unknown,Dry,30,Pedal cycle,Morning,Slight
Raining,Darkness - lights lit,Dry,60,Car,Night,Slight
Normal,Darkness - lights lit,Dry,20,Pedal cycle,Morning,Slight
,Daylight,Wet or damp,60,Car,Afternoon,Slight
Normal,Daylight,Dry,30,Motorcycle,Night,Slight
Raining,Daylight,Wet or damp,60,Pedal cycle,Morning,Slight
Normal,Daylight,Flood over road,20,Car,Afternoon,Slight
Fog or mist,Daylight,Dry,30,Car,Afternoon,Slight
Normal,Darkness - lighting unknown,Dry,30,Pedal cycle,Afternoon,Slight
Normal,Darkness - lights lit,Ice,30,Car,Afternoon,Slight
Normal,Darkness - lights lit,Wet or damp,30,Car,Afternoon,Slight
Normal,Daylight,Dry,30,Goods vehicle,Afternoon,Slight
Raining,Daylight,Snow,30,Car,Night,Fatal
Normal,Daylight,Dry,20,Goods vehicle,Morning,Slight
Normal,Daylight,Wet or damp,20,Bus/Coach,Afternoon,Slight
Fog or mist,Darkness - lights lit,Dry,50,Car,Morning,Slight
Other,Daylight,Wet or damp,20,Car,Evening,Slight
Normal,Daylight,Wet or damp,30,Car,Afternoon,Slight
Raining,Darkness - no lighting,Snow,20,Motorcycle,Afternoon,Serious
Normal,Darkness - lights lit,Dry,30,Car,Morning,Slight
Raining,Daylight,Dry,40,Car,Afternoon,Slight
Raining,Daylight,Dry,20,Car,Afternoon,Slight
Normal,Daylight,Dry,30,Motorcycle,Afternoon,Slight
Fog or mist,Daylight,Dry,20,Goods vehicle,Morning,Slight
Normal,Daylight,Dry,40,Car,Afternoon,Slight
Normal,Daylight,Wet or damp,70,Car,Morning,Serious
Normal,Daylight,Wet or damp,20,Bus/Coach,Afternoon,Slight
Unknown,Darkness - lights lit,Wet or damp,50,Car,Afternoon,Serious
Raining,Daylight,Ice,60,Car,Morning,Fatal
Fog or mist,Darkness - no lighting,Dry,50,Car,Afternoon,Slight
Normal,Daylight,Dry,20,Car,Night,Slight
Fog or mist,Darkness - lights lit,Snow,60,Motorcycle,Morning,Fatal
Normal,Darkness - lights lit,Dry,30,Motorcycle,Morning,Slight
Normal,Darkness - lights lit,Dry,30,Car,Morning,Slight
Normal,Daylight,Wet or damp,20,Car,Afternoon,Slight
Normal,Daylight,,30,Car,Afternoon,Slight
Normal,Daylight,Dry,30,Car,Afternoon,Slight
Raining,Daylight,Dry,30,Car,Morning,Slight
Normal,Darkness - lights lit,Dry,40,Car,Morning,Slight
Normal,Daylight,Dry,70,Goods vehicle,Evening,Slight
Raining,Daylight,Dry,30,Car,Morning,Slight
Normal,Darkness - lights lit,Snow,20,Car,Afternoon,Slight
Fog or mist,Darkness - lights lit,Dry,20,Other,Night,Slight
Normal,Daylight,Dry,60,Bus/Coach,Afternoon,Slight
Raining,Daylight,Dry,30,Car,Afternoon,Slight
Normal,Darkness - lights lit,Wet or damp,40,Goods vehicle,Evening,Serious
,Daylight,Dry,40,Car,Afternoon,Serious
Unknown,Daylight,Dry,20,Car,Morning,Slight
Normal,Daylight,Dry,30,Goods vehicle,Evening,Slight
Normal,Darkness - lighting unknown,Snow,40,Car,Morning,Slight
Snowing,Daylight,Dry,20,Car,Afternoon,Slight
Normal,Darkness - lights lit,Dry,20,Goods vehicle,Morning,Slight
Raining,Darkness - lights lit,Wet or damp,30,Car,Evening,Slight
Normal,Daylight,Dry,30,Car,Morning,Slight
Raining,Darkness - lights lit,Wet or damp,60,Pedal cycle,Night,Fatal
Fog or mist,Darkness - lighting unknown,Dry,40,Car,Afternoon,Serious
Normal,Daylight,Dry,30,Car,Evening,Slight
Other,Darkness - lights lit,Dry,20,Motorcycle,Afternoon,Slight
Normal,Daylight,Dry,60,Motorcycle,Morning,Slight
,Darkness - lights lit,Dry,30,Motorcycle,Morning,Slight
Raining,Daylight,Wet or damp,30,Car,Evening,Serious
Snowing,Daylight,Dry,30,Car,Morning,Slight
Normal,Daylight,Dry,20,Goods vehicle,Morning,Slight
Normal,Daylight,Wet or damp,20,Car,Afternoon,Slight
,Daylight,Dry,20,Other,Afternoon,Slight
Normal,Darkness - lights lit,Dry,40,Car,Morning,Slight
Fog or mist,Daylight,Wet or damp,50,Car,Night,Serious
Normal,Daylight,Dry,20,Car,Afternoon,Slight
Raining,Daylight,Dry,50,Motorcycle,Night,Serious
Raining,Daylight,Wet or damp,20,Car,Afternoon,Slight
,Daylight,Dry,20,Motorcycle,Night,Slight
Normal,Daylight,Dry,20,Other,Morning,Slight
Snowing,Darkness - lights lit,Flood over road,30,Motorcycle,Night,Serious
Normal,Daylight,Wet or damp,20,Pedal cycle,Morning,Slight
Normal,Daylight,Dry,50,Motorcycle,Afternoon,Slight
Normal,Daylight,Dry,30,Car,Afternoon,Slight
Normal,Darkness - lights lit,Snow,60,Goods vehicle,Afternoon,Slight
Snowing,Darkness - lighting unknown,,70,Motorcycle,Morning,Serious
Snowing,Daylight,Flood over road,20,Car,Morning,Slight
Normal,Daylight,Dry,20,Car,Evening,Slight
Normal,Daylight,,20,Car,Afternoon,Slight
Snowing,Darkness - lights lit,Snow,70,Motorcycle,Evening,Fatal
Other,Darkness - lights lit,Dry,20,Car,Morning,Slight
Snowing,Daylight,Dry,60,Car,Afternoon,Slight
Fog or mist,Darkness - lights lit,Wet or damp,30,Car,Night,Slight
Raining,Daylight,Dry,20,Car,Night,Slight
Raining,Darkness - no lighting,Wet or damp,60,Pedal cycle,Afternoon,Serious
Normal,Darkness - lighting unknown,Dry,50,Goods vehicle,Afternoon,Slight
Normal,Darkness - lights lit,Snow,30,Car,Evening,Serious
Fog or mist,Darkness - lighting unknown,Dry,30,Bus/Coach,Afternoon,Slight
Raining,Darkness - lights lit,Dry,50,Motorcycle,Morning,Slight
Normal,Daylight,Wet or damp,60,Car,Night,Slight
Normal,Daylight,Dry,30,Pedal cycle,Morning,Slight
Raining,Daylight,Dry,30,Car,Afternoon,Slight
Normal,Daylight,Dry,30,Car,Afternoon,Slight
Normal,Darkness - no lighting,Ice,30,Car,Afternoon,Slight
Normal,Daylight,Wet or damp,20,Other,Morning,Slight
Fog or mist,Daylight,Snow,30,Other,Night,Slight
Raining,Daylight,Dry,20,Car,Afternoon,Slight
Raining,Daylight,Ice,20,Car,Afternoon,Slight
Snowing,Darkness - lights lit,Dry,20,Motorcycle,Afternoon,Serious
Normal,Darkness - lights lit,Wet or damp,20,Car,Morning,Slight
Raining,Daylight,Wet or damp,20,Pedal cycle,Morning,Slight
Normal,Daylight,Dry,30,Motorcycle,Night,Serious
Normal,Darkness - lights lit,Dry,30,Other,Morning,Slight
Raining,Daylight,Wet or damp,20,Car,Morning,Slight
Fog or mist,Darkness - lights lit,Wet or damp,50,Motorcycle,Night,Fatal
Fog or mist,Darkness - no lighting,Wet or damp,30,Motorcycle,Night,Fatal
Normal,Daylight,Wet or damp,70,Goods vehicle,Morning,Serious
Raining,Darkness - lights lit,Wet or damp,40,Motorcycle,Evening,Serious
Normal,Daylight,Wet or damp,30,Car,Morning,Slight
Normal,Daylight,Dry,50,Car,Evening,Slight
Normal,Daylight,Dry,30,Car,Morning,Slight
,Daylight,Dry,30,Goods vehicle,Morning,Slight
,Daylight,Dry,20,Bus/Coach,Afternoon,Slight
Normal,Daylight,Dry,20,Car,Afternoon,Slight
Normal,Darkness - lights lit,Wet or damp,30,Motorcycle,Afternoon,Slight
Raining,Darkness - lights lit,Wet or damp,60,Car,Evening,Fatal
Other,Darkness - lighting unknown,Wet or damp,30,Goods vehicle,Evening,Slight
Raining,Daylight,Dry,70,Car,Afternoon,Serious
Normal,Darkness - no lighting,Dry,20,Other,Morning,Slight
,Darkness - lights lit,Dry,40,Car,Night,Serious
Normal,Darkness - lights lit,Dry,30,Motorcycle,Morning,Slight
Fog or mist,Daylight,Dry,30,Car,Afternoon,Slight
Snowing,Daylight,Dry,50,Car,Afternoon,Slight
Normal,Daylight,Dry,40,Car,Night,Slight
Raining,Daylight,,30,Car,Morning,Slight
Snowing,Daylight,Ice,20,Motorcycle,Evening,Slight
Normal,Darkness - lights lit,,40,Goods vehicle,Afternoon,Serious
,Daylight,Dry,50,Car,Afternoon,Slight
Normal,Darkness - lights lit,Dry,30,Car,Night,Slight
Snowing,Darkness - lights lit,Snow,60,Goods vehicle,Night,Fatal
Normal,Daylight,Wet or damp,20,Motorcycle,Morning,Slight
Normal,Darkness - no lighting,Dry,30,Bus/Coach,Afternoon,Slight
Normal,Daylight,Dry,20,Motorcycle,Morning,Slight
Normal,Daylight,Ice,60,Car,Evening,Slight
Raining,Daylight,Dry,50,Goods vehicle,Afternoon,Slight
Raining,Daylight,Wet or damp,30,Goods vehicle,Night,Serious
Normal,Darkness - lights lit,Dry,30,Car,Afternoon,Slight
Normal,Darkness - lights lit,Snow,20,Motorcycle,Morning,Serious
,Daylight,Wet or damp,30,Car,Afternoon,Slight
Normal,Darkness - lights lit,Wet or damp,40,Car,Afternoon,Serious
Unknown,Daylight,Wet or damp,30,Bus/Coach,Morning,Serious
Raining,Daylight,Dry,70,Other,Morning,Slight
Normal,Daylight,Snow,40,Bus/Coach,Morning,Slight
Normal,Daylight,Dry,20,Car,Morning,Slight
Normal,Daylight,,30,Pedal cycle,Afternoon,Slight
Fog or mist,Daylight,Dry,30,Car,Morning,Slight
Normal,Darkness - lighting unknown,Snow,40,Car,Evening,Serious
,Darkness - lights lit,Dry,30,Goods vehicle,Morning,Slight
Normal,Daylight,Wet or damp,60,Car,Afternoon,Slight
Raining,Daylight,Dry,20,Pedal cycle,Morning,Slight
Raining,Daylight,Dry,20,Other,Morning,Slight
Normal,Darkness - lights lit,Dry,30,Car,Morning,Slight
Normal,Darkness - lights lit,Wet or damp,60,Motorcycle,Morning,Slight
Other,Darkness - lights lit,Dry,60,Goods vehicle,Night,Slight
Snowing,Darkness - lights lit,Dry,70,Car,Afternoon,Slight
,Darkness - lights lit,Dry,30,Car,Afternoon,Slight
Normal,Daylight,Dry,40,Car,Afternoon,Slight
Normal,Darkness - lights lit,Dry,30,Bus/Coach,Afternoon,Slight
Raining,Daylight,Dry,20,Pedal cycle,Night,Slight
Normal,Daylight,Dry,20,Bus/Coach,Night,Slight
Normal,Darkness - lighting unknown,Ice,30,Motorcycle,Night,Fatal
Normal,Darkness - lights lit,Snow,70,Other,Evening,Fatal
Fog or mist,Darkness - lights lit,Ice,50,Car,Afternoon,Slight
Raining,Daylight,Ice,70,Car,Morning,Slight
Snowing,Darkness - lights lit,Ice,30,Car,Morning,Slight
Normal,Darkness - no lighting,Dry,50,Car,Morning,Slight
Normal,Darkness - no lighting,Dry,20,Goods vehicle,Night,Slight
Normal,Daylight,Dry,20,Pedal cycle,Morning,Slight
Normal,Darkness - lights lit,Dry,30,Car,Morning,Slight
Normal,Daylight,Dry,20,Other,Afternoon,Slight
Normal,Darkness - no lighting,Wet or damp,30,Goods vehicle,Evening,Serious
Fog or mist,Darkness - lights lit,,60,Car,Night,Fatal
Fog or mist,Daylight,Dry,20,Car,Evening,Slight
Raining,Darkness - no lighting,Snow,70,Car,Night,Fatal
Normal,Daylight,Dry,30,Car,Afternoon,Slight
Snowing,Daylight,Dry,30,Car,Afternoon,Slight
Normal,Daylight,Dry,70,Other,Afternoon,Slight
,Darkness - no lighting,Wet or damp,30,Car,Morning,Slight
Fog or mist,Darkness - lights lit,Wet or damp,50,Pedal cycle,Evening,Serious
Normal,Daylight,Wet or damp,50,Car,Morning,Slight
Normal,Daylight,Dry,40,Goods vehicle,Morning,Slight
,Darkness - lights lit,Wet or damp,20,Car,Morning,Slight
Normal,Daylight,,30,Goods vehicle,Morning,Slight
Normal,Daylight,Wet or damp,40,Car,Evening,Serious
Snowing,Daylight,Dry,60,Bus/Coach,Afternoon,Slight
Normal,Daylight,Dry,30,Bus/Coach,Morning,Slight
Normal,Daylight,Dry,30,Car,Night,Slight
Normal,Darkness - no lighting,Flood over road,30,Pedal cycle,Afternoon,Slight
Normal,Daylight,Dry,30,Goods vehicle,Afternoon,Slight
Normal,Darkness - lighting unknown,Wet or damp,30,Goods vehicle,Evening,Slight
Normal,Darkness - lights lit,Dry,70,Other,Evening,Serious
Normal,Daylight,Dry,30,Car,Night,Slight
Fog or mist,Darkness - lights lit,Dry,20,Other,Afternoon,Slight
Normal,Daylight,Dry,20,Bus/Coach,Afternoon,Slight
Fog or mist,Daylight,Wet or damp,20,Car,Morning,Slight
Other,Darkness - lighting unknown,Wet or damp,30,Bus/Coach,Afternoon,Slight
Normal,Daylight,Dry,20,Car,Afternoon,Slight
Raining,Daylight,Dry,50,Car,Morning,Slight
Normal,Darkness - no lighting,Wet or damp,30,Bus/Coach,Afternoon,Serious
Normal,Daylight,Wet or damp,50,Goods vehicle,Morning,Slight
Normal,Daylight,Wet or damp,20,Other,Evening,Slight
Normal,Darkness - lights lit,Flood over road,40,Car,Afternoon,Slight
Other,Darkness - no lighting,Dry,40,Pedal cycle,Morning,Slight
Normal,Darkness - lights lit,Dry,40,Car,Morning,Slight
Normal,Daylight,Dry,30,Car,Afternoon,Slight
,Daylight,Wet or damp,20,Car,Night,Slight
Normal,Daylight,Wet or damp,50,Car,Afternoon,Slight
Normal,Darkness - no lighting,Dry,30,Pedal cycle,Morning,Slight
Normal,Daylight,Wet or damp,20,Car,Morning,Slight
Normal,Daylight,Wet or damp,60,Bus/Coach,Afternoon,Slight
Normal,Darkness - lights lit,Wet or damp,60,Goods vehicle,Morning,Slight
Raining,Darkness - lights lit,Snow,30,Motorcycle,Morning,Slight
Normal,Darkness - lighting unknown,Snow,40,Car,Afternoon,Slight
Normal,Daylight,Wet or damp,20,Car,Afternoon,Slight
Fog or mist,Darkness - lighting unknown,Snow,40,Other,Afternoon,Serious
Normal,Darkness - lights lit,Snow,30,Car,Evening,Slight
Raining,Daylight,Dry,30,Car,Afternoon,Slight
Raining,Darkness - no lighting,Snow,40,Motorcycle,Evening,Serious
Normal,Darkness - lighting unknown,Dry,30,Car,Morning,Slight
Normal,Daylight,Dry,30,Car,Morning,Slight
Normal,Daylight,Dry,30,Car,Evening,Slight
Normal,Daylight,Ice,70,Car,Morning,Slight
Normal,Daylight,Dry,20,Car,Afternoon,Slight
Normal,Darkness - no lighting,Wet or damp,30,Pedal cycle,Afternoon,Serious
Normal,Daylight,Dry,30,Car,Afternoon,Slight
Normal,Darkness - lights lit,Dry,30,Pedal cycle,Morning,Slight
Normal,Daylight,,30,Car,Morning,Slight
Normal,Darkness - lights lit,,20,Car,Morning,Slight
Raining,Daylight,Dry,30,Car,Afternoon,Slight
,Daylight,Dry,30,Car,Afternoon,Slight
Normal,Daylight,Dry,20,Car,Morning,Slight
Normal,Daylight,Wet or damp,30,Car,Morning,Slight
Normal,Daylight,Dry,50,Car,Night,Slight
Fog or mist,Darkness - no lighting,Dry,30,Car,Morning,Serious
Raining,Daylight,Dry,30,Car,Morning,Slight
Raining,Daylight,Dry,20,Pedal cycle,Morning,Slight
Other,Daylight,Dry,20,Car,Evening,Slight
Fog or mist,Daylight,Dry,30,Car,Morning,Slight
Normal,Darkness - no lighting,Dry,30,Car,Afternoon,Slight
Normal,Darkness - no lighting,Wet or damp,30,Pedal cycle,Afternoon,Slight
Raining,Daylight,Flood over road,30,Car,Morning,Serious
Normal,Daylight,Flood over road,20,Bus/Coach,Morning,Slight
Normal,Darkness - lights lit,Dry,30,Car,Night,Slight
Normal,Darkness - lights lit,Dry,60,Pedal cycle,Afternoon,Slight
Normal,Darkness - lighting unknown,Dry,40,Car,Morning,Slight
Normal,Daylight,Dry,20,Car,Afternoon,Slight
Normal,Daylight,Wet or damp,30,Other,Morning,Slight
Raining,Darkness - lights lit,Wet or damp,40,Car,Evening,Serious
Normal,Darkness - lights lit,Dry,20,Car,Morning,Slight
Normal,Daylight,Dry,30,Other,Night,Slight
Normal,Daylight,Dry,30,Car,Morning,Slight
Fog or mist,Darkness - lighting unknown,Dry,60,Motorcycle,Evening,Serious
,Darkness - no lighting,Wet or damp,40,Bus/Coach,Night,Serious
Normal,Daylight,Dry,60,Car,Afternoon,Slight
Raining,Darkness - no lighting,Ice,20,Motorcycle,Evening,Serious
Normal,Daylight,Dry,30,Car,Morning,Slight
,Daylight,Wet or damp,30,Pedal cycle,Morning,Slight
Raining,Daylight,,30,Car,Morning,Slight
Normal,Darkness - lights lit,Wet or damp,20,Goods vehicle,Afternoon,Slight
Raining,Daylight,Dry,20,Car,Morning,Slight
Normal,Daylight,Dry,50,Car,Afternoon,Slight
Normal,Daylight,Dry,30,Car,Morning,Slight
Unknown,Daylight,Dry,50,Car,Afternoon,Slight
Normal,Daylight,Dry,50,Car,Morning,Slight
Raining,Daylight,Wet or damp,30,Car,Morning,Slight
Normal,Daylight,Wet or damp,40,Car,Afternoon,Slight
Normal,Daylight,Dry,20,Car,Night,Slight
Raining,Daylight,Dry,50,Car,Evening,Slight
Fog or mist,Daylight,Dry,30,Bus/Coach,Morning,Slight
Snowing,Darkness - no lighting,Wet or damp,50,Car,Evening,Fatal
Normal,Daylight,Dry,70,Car,Morning,Slight
Raining,Darkness - lighting unknown,Ice,60,Car,Morning,Slight
Normal,Daylight,Dry,20,Car,Morning,Slight
Raining,Daylight,Snow,30,Car,Morning,Slight
Raining,Daylight,Wet or damp,30,Car,Afternoon,Slight
Normal,Daylight,Wet or damp,30,Car,Night,Slight
Normal,Daylight,Wet or damp,30,Motorcycle,Night,Slight
Normal,Darkness - lights lit,Wet or damp,20,Car,Afternoon,Slight
Normal,Darkness - lights lit,Wet or damp,20,Car,Afternoon,Slight
Unknown,Daylight,Dry,70,Car,Morning,Slight
Normal,Daylight,Dry,30,Goods vehicle,Morning,Slight
Normal,Daylight,Dry,60,Car,Afternoon,Slight
Normal,Darkness - lights lit,Snow,30,Goods vehicle,Morning,Slight
Snowing,Daylight,Dry,30,Car,Morning,Slight
Raining,Darkness - lights lit,,40,Goods vehicle,Night,Serious
Raining,Darkness - lighting unknown,Wet or damp,20,Goods vehicle,Afternoon,Fatal
Fog or mist,Darkness - lights lit,Dry,40,Goods vehicle,Night,Slight
Raining,Darkness - lights lit,Dry,30,Car,Afternoon,Slight
Raining,Daylight,Ice,50,Motorcycle,Morning,Fatal
,Darkness - lights lit,Dry,70,Car,Afternoon,Slight
Unknown,Daylight,,30,Car,Night,Slight
Raining,Daylight,Wet or damp,50,Car,Afternoon,Slight
Fog or mist,Darkness - no lighting,Snow,70,Car,Night,Fatal
Other,Darkness - no lighting,Wet or damp,70,Bus/Coach,Evening,Fatal
Snowing,Daylight,Snow,60,Car,Night,Slight
Normal,Daylight,,40,Goods vehicle,Afternoon,Serious
Unknown,Darkness - no lighting,Snow,60,Motorcycle,Evening,Fatal
Normal,Daylight,Snow,20,Car,Afternoon,Slight
Normal,Daylight,Dry,20,Car,Afternoon,Slight
Raining,Daylight,Dry,40,Pedal cycle,Evening,Slight
Normal,Daylight,Wet or damp,50,Car,Morning,Slight
Normal,Darkness - lighting unknown,Dry,20,Goods vehicle,Morning,Slight
Normal,Daylight,Dry,30,Car,Afternoon,Slight
Raining,Daylight,Dry,30,Car,Morning,Slight
Normal,Daylight,,50,Other,Morning,Slight
Normal,Darkness - lights lit,Dry,30,Motorcycle,Morning,Slight
Normal,Darkness - lights lit,Dry,30,Car,Morning,Slight
Snowing,Daylight,,30,Motorcycle,Afternoon,Slight
Raining,Darkness - lights lit,Wet or damp,40,Car,Morning,Serious
Normal,Daylight,Snow,30,Car,Afternoon,Slight
Normal,Daylight,Dry,20,Car,Morning,Slight
Unknown,Daylight,,30,Motorcycle,Morning,Slight
Normal,Darkness - lights lit,Dry,30,Car,Afternoon,Slight
Raining,Daylight,Dry,30,Other,Morning,Slight
Normal,Daylight,Wet or damp,20,Bus/Coach,Afternoon,Slight
Normal,Darkness - lights lit,Dry,30,Bus/Coach,Afternoon,Slight
Unknown,Daylight,Snow,20,Car,Morning,Slight
Normal,Daylight,Flood over road,40,Car,Morning,Slight
Normal,Darkness - lights lit,Dry,30,Car,Afternoon,Slight
Normal,Daylight,Dry,30,Bus/Coach,Morning,Slight
Normal,Daylight,Wet or damp,40,Pedal cycle,Night,Slight
Normal,Daylight,Dry,70,Car,Morning,Slight
,Darkness - lights lit,Snow,60,Pedal cycle,Night,Serious
Normal,Daylight,Wet or damp,30,Car,Morning,Slight
Normal,Darkness - lights lit,Dry,20,Car,Afternoon,Slight
Normal,Darkness - no lighting,Wet or damp,50,Car,Evening,Slight
Other,Daylight,Dry,20,Pedal cycle,Afternoon,Slight
Normal,Darkness - lights lit,Snow,40,Bus/Coach,Morning,Slight
Snowing,Darkness - lights lit,Dry,20,Car,Morning,Slight
Normal,Darkness - no lighting,Dry,20,Car,Evening,Slight
Normal,Daylight,Dry,20,Car,Morning,Slight
Normal,Darkness - lighting unknown,Wet or damp,30,Car,Afternoon,Slight
Unknown,Daylight,Snow,70,Car,Morning,Slight
Normal,Darkness - lights lit,Dry,30,Pedal cycle,Night,Slight
Snowing,Daylight,Wet or damp,20,Other,Afternoon,Slight
Normal,Daylight,Dry,50,Bus/Coach,Evening,Slight
Unknown,Darkness - lights lit,Dry,40,Car,Night,Slight
Normal,Daylight,Dry,20,Other,Morning,Slight
Normal,Daylight,Dry,30,Car,Morning,Slight
Raining,Daylight,Dry,30,Car,Morning,Slight
Unknown,Daylight,Dry,20,Car,Morning,Slight
Fog or mist,Daylight,Dry,40,Car,Morning,Slight
Normal,Darkness - lights lit,Dry,30,Bus/Coach,Morning,Slight
Normal,Darkness - lights lit,Wet or damp,20,Bus/Coach,Afternoon,Slight
Raining,Darkness - no lighting,Snow,70,Car,Afternoon,Fatal
Fog or mist,Darkness - lights lit,Wet or damp,40,Car,Morning,Serious
Normal,Daylight,Dry,60,Car,Afternoon,Slight
Normal,Daylight,Wet or damp,40,Motorcycle,Evening,Serious
Normal,Darkness - no lighting,Dry,40,Car,Afternoon,Serious
Normal,Daylight,Wet or damp,30,Goods vehicle,Evening,Serious
Raining,Darkness - lights lit,Dry,50,Motorcycle,Night,Serious
Other,Darkness - no lighting,Wet or damp,70,Goods vehicle,Night,Fatal
Raining,Daylight,Dry,50,Car,Afternoon,Slight
Normal,Daylight,Dry,30,Car,Evening,Slight
,Daylight,Dry,20,Car,Afternoon,Slight
Other,Daylight,Snow,30,Car,Morning,Slight
Normal,Daylight,Dry,40,Goods vehicle,Afternoon,Slight
Normal,Darkness - lights lit,Dry,30,Car,Morning,Slight
Normal,Daylight,Dry,20,Car,Afternoon,Slight
Normal,Daylight,Dry,20,Bus/Coach,Afternoon,Slight
Normal,Daylight,Snow,40,Car,Morning,Slight
Fog or mist,Daylight,Dry,50,Goods vehicle,Morning,Serious
Normal,Daylight,Dry,30,Goods vehicle,Afternoon,Slight
Snowing,Daylight,Wet or damp,40,Car,Morning,Slight
Raining,Daylight,Ice,40,Car,Evening,Serious
Normal,Daylight,Dry,30,Goods vehicle,Afternoon,Slight
Normal,Darkness - lights lit,Dry,30,Pedal cycle,Evening,Slight
Raining,Darkness - no lighting,Wet or damp,30,Motorcycle,Morning,Slight
Normal,Daylight,Dry,20,Car,Morning,Slight
Normal,Darkness - no lighting,Wet or damp,30,Car,Afternoon,Slight
Normal,Daylight,Dry,20,Car,Afternoon,Slight
Raining,Darkness - no lighting,Flood over road,50,Goods vehicle,Night,Serious
Normal,Darkness - lighting unknown,Dry,40,Goods vehicle,Morning,Slight
Normal,Daylight,Dry,30,Car,Morning,Slight
Raining,Darkness - lights lit,Dry,30,Other,Morning,Slight
Normal,Daylight,Dry,20,Car,Afternoon,Slight
Normal,Daylight,Dry,50,Car,Morning,Slight
Raining,Darkness - lights lit,,30,Car,Afternoon,Slight
Raining,Daylight,Dry,30,Bus/Coach,Morning,Serious
,Daylight,Dry,30,Car,Evening,Slight
Normal,Darkness - lights lit,Wet or damp,40,Motorcycle,Morning,Slight
Normal,Daylight,Wet or damp,30,Motorcycle,Afternoon,Slight
Raining,Daylight,Dry,20,Goods vehicle,Evening,Slight
Normal,Daylight,Snow,20,Car,Morning,Slight
Snowing,Daylight,Dry,30,Car,Morning,Slight
Fog or mist,Darkness - lighting unknown,Wet or damp,30,Goods vehicle,Morning,Serious
Normal,Darkness - lighting unknown,Wet or damp,20,Car,Evening,Slight
Raining,Daylight,Wet or damp,50,Other,Morning,Serious
Normal,Daylight,Dry,50,Car,Afternoon,Slight
Snowing,Darkness - lights lit,Dry,20,Car,Afternoon,Slight
Raining,Daylight,Ice,20,Car,Morning,Slight
Normal,Darkness - lights lit,Dry,20,Goods vehicle,Night,Slight
Raining,Daylight,Dry,30,Other,Afternoon,Slight
Normal,Daylight,Dry,30,Car,Morning,Slight
Normal,Daylight,Dry,40,Car,Morning,Slight
Normal,Darkness - lights lit,Flood over road,40,Car,Night,Serious
Normal,Daylight,Dry,30,Car,Afternoon,Slight
Normal,Darkness - no lighting,Dry,20,Other,Afternoon,Serious
Normal,Daylight,Dry,30,Goods vehicle,Morning,Slight
Normal,Daylight,Snow,60,Bus/Coach,Afternoon,Slight
Normal,Daylight,Wet or damp,60,Motorcycle,Evening,Serious
Normal,Darkness - lights lit,Dry,30,Car,Afternoon,Slight
Normal,Daylight,Dry,50,Other,Afternoon,Slight
Normal,Daylight,Dry,20,Goods vehicle,Afternoon,Slight
,Darkness - no lighting,Wet or damp,40,Pedal cycle,Night,Serious
,Darkness - no lighting,Wet or damp,60,Motorcycle,Morning,Serious
Fog or mist,Daylight,Wet or damp,20,Pedal cycle,Afternoon,Slight
Raining,Darkness - lights lit,,60,Car,Morning,Slight
Other,Darkness - lights lit,Dry,40,Car,Evening,Serious
Normal,Darkness - lights lit,Dry,40,Car,Afternoon,Slight
Normal,Daylight,Wet or damp,30,Car,Evening,Slight
Fog or mist,Daylight,Dry,20,Car,Afternoon,Slight
,Darkness - lights lit,Wet or damp,30,Car,Afternoon,Slight
Fog or mist,Daylight,Dry,30,Motorcycle,Evening,Slight
Raining,Daylight,Dry,30,Goods vehicle,Morning,Slight
Normal,Daylight,Wet or damp,20,Car,Afternoon,Slight
Fog or mist,Daylight,Dry,40,Car,Afternoon,Slight
Normal,Daylight,Dry,30,Car,Night,Serious
Normal,Darkness - lights lit,Dry,30,Car,Morning,Slight
Normal,Daylight,Dry,20,Bus/Coach,Evening,Slight
Normal,Daylight,Dry,30,Motorcycle,Night,Slight
Normal,Daylight,Dry,30,Motorcycle,Afternoon,Slight
Normal,Daylight,Wet or damp,50,Bus/Coach,Afternoon,Slight
Normal,Daylight,Wet or damp,20,Bus/Coach,Evening,Slight
Snowing,Darkness - lights lit,Wet or damp,40,Car,Morning,Serious
Fog or mist,Daylight,Wet or damp,20,Other,Morning,Slight
Normal,Darkness - lights lit,Dry,50,Motorcycle,Morning,Slight
Raining,Daylight,Wet or damp,20,Motorcycle,Afternoon,Slight
Normal,Darkness - lights lit,Wet or damp,30,Motorcycle,Afternoon,Slight
Fog or mist,Daylight,Dry,70,Car,Night,Serious
Normal,Daylight,Dry,50,Car,Morning,Slight
Normal,Darkness - lights lit,Wet or damp,20,Car,Afternoon,Serious
Normal,Daylight,Dry,30,Car,Morning,Slight
Normal,Darkness - no lighting,Dry,30,Bus/Coach,Afternoon,Slight
,Daylight,Wet or damp,40,Motorcycle,Night,Fatal
Normal,Daylight,Snow,30,Pedal cycle,Afternoon,Slight
Fog or mist,Darkness - no lighting,Ice,60,Car,Evening,Fatal
Normal,Daylight,Dry,70,Car,Afternoon,Slight
Normal,Daylight,Wet or damp,30,Car,Afternoon,Slight
Normal,Darkness - lights lit,Dry,20,Car,Afternoon,Slight
Raining,Daylight,Dry,20,Pedal cycle,Afternoon,Slight
Raining,Darkness - no lighting,Ice,40,Other,Night,Serious
Fog or mist,Darkness - no lighting,Flood over road,60,Goods vehicle,Evening,Fatal
Raining,Darkness - lights lit,Wet or damp,30,Car,Morning,Slight
Normal,Daylight,Dry,20,Car,Afternoon,Slight
Normal,Darkness - lights lit,Dry,30,Car,Night,Slight
Raining,Daylight,Dry,20,Car,Evening,Slight
Raining,Daylight,Dry,20,Pedal cycle,Morning,Slight
Normal,Daylight,Dry,20,Other,Afternoon,Slight
Raining,Darkness - no lighting,Flood over road,50,Motorcycle,Morning,Fatal
Normal,Darkness - no lighting,Snow,30,Car,Night,Fatal
Normal,Daylight,Dry,30,Motorcycle,Afternoon,Slight
Unknown,Daylight,Dry,60,Motorcycle,Morning,Slight
Normal,Daylight,Dry,20,Car,Morning,Slight
Normal,Darkness - lights lit,Dry,20,Motorcycle,Evening,Slight
Normal,Daylight,Wet or damp,20,Car,Afternoon,Slight
Unknown,Darkness - lights lit,Dry,50,Car,Afternoon,Slight
,Darkness - no lighting,Wet or damp,70,Bus/Coach,Afternoon,Slight
Normal,Daylight,Dry,30,Motorcycle,Morning,Slight
Normal,Daylight,Flood over road,30,Car,Afternoon,Slight
Normal,Darkness - lighting unknown,Dry,20,Car,Afternoon,Slight
Normal,Daylight,Dry,70,Car,Morning,Slight
Normal,Daylight,Dry,30,Pedal cycle,Morning,Slight
Other,Darkness - lights lit,Dry,60,Goods vehicle,Afternoon,Serious
Normal,Daylight,Wet or damp,30,Goods vehicle,Afternoon,Slight
Normal,Daylight,,30,Goods vehicle,Afternoon,Slight
Normal,Darkness - no lighting,Dry,70,Car,Morning,Slight
Snowing,Darkness - no lighting,Dry,60,Motorcycle,Afternoon,Serious
Raining,Daylight,Wet or damp,50,Pedal cycle,Afternoon,Serious
Raining,Daylight,Dry,30,Bus/Coach,Afternoon,Slight
Raining,Darkness - lights lit,Dry,20,Goods vehicle,Evening,Serious
Normal,Daylight,Dry,30,Car,Afternoon,Slight
Raining,Daylight,Dry,30,Bus/Coach,Afternoon,Slight
Unknown,Daylight,Dry,30,Bus/Coach,Afternoon,Slight
Normal,Daylight,Dry,30,Car,Afternoon,Slight
Normal,Daylight,Dry,20,Car,Afternoon,Slight
Snowing,Darkness - lights lit,Wet or damp,50,Bus/Coach,Morning,Serious
Normal,Darkness - lights lit,Wet or damp,60,Other,Night,Serious
Normal,Daylight,Dry,50,Car,Morning,Slight
Normal,Daylight,Dry,30,Car,Morning,Slight
Raining,Darkness - lights lit,Wet or damp,40,Pedal cycle,Night,Serious
Normal,Daylight,Dry,60,Motorcycle,Morning,Slight
Normal,Daylight,Wet or damp,20,Other,Morning,Slight
Normal,Daylight,Dry,20,Car,Morning,Slight
Normal,Darkness - lights lit,Dry,20,Car,Evening,Slight
Raining,Darkness - no lighting,Ice,30,Car,Afternoon,Serious
Normal,Daylight,Dry,20,Bus/Coach,Afternoon,Slight
Unknown,Daylight,Dry,30,Goods vehicle,Morning,Slight
Fog or mist,Daylight,Dry,30,Car,Morning,Slight
Raining,Daylight,Wet or damp,50,Motorcycle,Evening,Serious
Normal,Darkness - lighting unknown,Snow,20,Car,Morning,Slight
Normal,Daylight,Dry,20,Car,Morning,Slight
Normal,Darkness - no lighting,Dry,60,Car,Afternoon,Slight
Raining,Daylight,Ice,20,Car,Afternoon,Slight
Other,Daylight,Wet or damp,40,Car,Afternoon,Slight
Normal,Darkness - lights lit,Dry,50,Goods vehicle,Evening,Slight
Normal,Daylight,Flood over road,20,Car,Morning,Slight
Normal,Daylight,Dry,70,Motorcycle,Afternoon,Slight
Raining,Darkness - no lighting,Ice,20,Goods vehicle,Morning,Slight
Normal,Daylight,Dry,20,Bus/Coach,Afternoon,Slight
Normal,Daylight,Dry,20,Other,Evening,Slight
Normal,Daylight,Dry,30,Car,Morning,Slight
Normal,Darkness - no lighting,,60,Other,Morning,Slight
Normal,Darkness - lights lit,Wet or damp,30,Car,Morning,Slight
Unknown,Darkness - lights lit,Dry,20,Car,Night,Slight
Raining,Darkness - lights lit,Snow,30,Other,Evening,Serious
Normal,Daylight,Dry,30,Goods vehicle,Afternoon,Slight
Normal,Daylight,Dry,20,Pedal cycle,Night,Slight
Raining,Darkness - lights lit,Flood over road,30,Bus/Coach,Afternoon,Slight
Normal,Daylight,Dry,20,Bus/Coach,Afternoon,Slight
Raining,Darkness - lighting unknown,Snow,60,Bus/Coach,Night,Fatal
Raining,Darkness - lights lit,Flood over road,60,Motorcycle,Afternoon,Slight
Unknown,Darkness - no lighting,Snow,30,Pedal cycle,Afternoon,Serious
Normal,Daylight,Dry,50,Bus/Coach,Afternoon,Slight
,Daylight,Dry,30,Pedal cycle,Morning,Slight
Raining,Darkness - lights lit,Wet or damp,60,Bus/Coach,Night,Fatal
Normal,Darkness - lights lit,Wet or damp,40,Other,Afternoon,Slight
Normal,Daylight,Dry,60,Goods vehicle,Morning,Slight
Normal,Darkness - lighting unknown,,30,Other,Night,Slight
Normal,Daylight,Wet or damp,30,Pedal cycle,Morning,Slight
Raining,Daylight,Dry,30,Goods vehicle,Morning,Slight
Normal,Daylight,Snow,30,Motorcycle,Afternoon,Slight
Normal,Darkness - lights lit,Dry,30,Motorcycle,Morning,Slight
Normal,Daylight,Wet or damp,50,Car,Morning,Slight
Normal,Darkness - lighting unknown,Dry,50,Motorcycle,Morning,Serious
Normal,Daylight,Dry,20,Car,Afternoon,Slight
Normal,Daylight,Dry,70,Bus/Coach,Morning,Slight
Normal,Daylight,Dry,20,Car,Morning,Slight
Normal,Daylight,Dry,20,Car,Morning,Slight
,Daylight,Dry,30,Car,Evening,Slight
Normal,Darkness - lights lit,Wet or damp,70,Pedal cycle,Morning,Serious
Raining,Daylight,Dry,30,Car,Evening,Slight
Raining,Darkness - lights lit,,30,Car,Morning,Serious
Normal,Daylight,Wet or damp,20,Car,Afternoon,Serious
Normal,Daylight,Dry,30,Motorcycle,Morning,Slight
Normal,Daylight,Dry,20,Car,Afternoon,Slight
Unknown,Daylight,Wet or damp,30,Car,Night,Slight
Raining,Daylight,Dry,60,Car,Evening,Serious
Normal,Darkness - lights lit,Wet or damp,30,Car,Evening,Slight
Normal,Daylight,Dry,70,Car,Morning,Slight
Normal,Daylight,Wet or damp,20,Motorcycle,Afternoon,Slight
Raining,Daylight,Wet or damp,30,Pedal cycle,Morning,Slight
Fog or mist,Daylight,Dry,70,Other,Afternoon,Slight
Normal,Daylight,Dry,30,Car,Afternoon,Slight
Normal,Daylight,Wet or damp,30,Car,Afternoon,Slight
Normal,Daylight,Dry,60,Motorcycle,Morning,Slight
Raining,Daylight,Wet or damp,40,Car,Morning,Slight
Normal,Daylight,Wet or damp,30,Car,Afternoon,Slight
Raining,Daylight,Dry,20,Bus/Coach,Afternoon,Slight
Fog or mist,Darkness - lights lit,Dry,30,Other,Afternoon,Slight
,Daylight,Dry,20,Car,Afternoon,Slight
Raining,Daylight,Dry,30,Car,Morning,Slight
Raining,Daylight,Wet or damp,40,Goods vehicle,Morning,Slight
Raining,Darkness - no lighting,,60,Other,Evening,Fatal
Normal,Daylight,Wet or damp,20,Goods vehicle,Afternoon,Slight
Normal,Daylight,Snow,40,Car,Morning,Slight
Normal,Darkness - lights lit,Wet or damp,30,Goods vehicle,Morning,Slight
Raining,Daylight,Dry,30,Car,Afternoon,Slight
Normal,Daylight,Dry,30,Car,Evening,Slight
Normal,Darkness - no lighting,Wet or damp,30,Bus/Coach,Evening,Serious
Normal,Daylight,Dry,30,Motorcycle,Morning,Slight
Normal,Darkness - lights lit,Dry,30,Car,Afternoon,Slight
Normal,Daylight,Dry,30,Car,Morning,Slight
Normal,Darkness - lights lit,Dry,70,Other,Afternoon,Slight
,Darkness - no lighting,Wet or damp,70,Motorcycle,Evening,Fatal
Raining,Darkness - no lighting,Snow,50,Motorcycle,Afternoon,Fatal
Unknown,Darkness - no lighting,Ice,20,Car,Afternoon,Serious
Normal,Daylight,Dry,20,Car,Morning,Slight
Normal,Daylight,Wet or damp,20,Car,Afternoon,Slight
Normal,Daylight,Dry,30,Car,Evening,Slight
Normal,Daylight,Wet or damp,30,Car,Afternoon,Slight
Normal,Daylight,Dry,30,Car,Morning,Slight
Normal,Darkness - lights lit,Dry,70,Car,Afternoon,Slight
,Daylight,Dry,30,Bus/Coach,Afternoon,Slight
Other,Darkness - no lighting,Dry,20,Car,Morning,Fatal
Normal,Daylight,Dry,30,Car,Evening,Slight
Normal,Darkness - no lighting,,50,Car,Morning,Slight
Normal,Darkness - lights lit,Dry,20,Car,Morning,Slight
Fog or mist,Daylight,Dry,60,Car,Morning,Slight
Normal,Daylight,Dry,30,Bus/Coach,Afternoon,Slight
Normal,Daylight,Wet or damp,30,Car,Morning,Serious
Normal,Daylight,Dry,40,Car,Morning,Slight
Raining,Daylight,Dry,30,Pedal cycle,Morning,Slight
Normal,Daylight,Dry,20,Car,Night,Slight
Fog or mist,Darkness - lights lit,Dry,20,Motorcycle,Morning,Slight
Normal,Darkness - no lighting,,20,Motorcycle,Evening,Slight
Raining,Daylight,Wet or damp,70,Motorcycle,Evening,Serious
Normal,Daylight,Wet or damp,70,Goods vehicle,Afternoon,Slight
Raining,Daylight,Ice,30,Other,Afternoon,Slight
Normal,Daylight,,30,Motorcycle,Afternoon,Slight
Unknown,Daylight,Wet or damp,20,Goods vehicle,Morning,Slight
Normal,Darkness - no lighting,Dry,20,Goods vehicle,Morning,Slight
,Daylight,Dry,30,Car,Afternoon,Slight
Raining,Darkness - no lighting,Dry,50,Pedal cycle,Afternoon,Slight
Raining,Darkness - no lighting,Snow,50,Goods vehicle,Night,Fatal
Normal,Darkness - lights lit,Wet or damp,30,Car,Morning,Slight
Snowing,Darkness - lights lit,Dry,70,Goods vehicle,Morning,Slight
Normal,Daylight,Wet or damp,20,Goods vehicle,Afternoon,Slight
Normal,Daylight,Dry,50,Goods vehicle,Afternoon,Slight
,Darkness - lights lit,Dry,30,Car,Afternoon,Slight
Fog or mist,Darkness - lights lit,Wet or damp,30,Car,Night,Slight
Normal,Daylight,Dry,30,Goods vehicle,Night,Slight
Normal,Daylight,Dry,70,Car,Morning,Slight
Raining,Daylight,Dry,30,Car,Morning,Slight
Normal,Darkness - lights lit,Snow,20,Pedal cycle,Evening,Serious
Snowing,Daylight,Dry,50,Goods vehicle,Afternoon,Slight
Normal,Darkness - lights lit,Snow,20,Car,Evening,Slight
Normal,Daylight,,70,Other,Morning,Slight
Raining,Darkness - no lighting,Wet or damp,70,Motorcycle,Afternoon,Fatal
Normal,Darkness - lighting unknown,Dry,20,Pedal cycle,Evening,Serious
Normal,Daylight,Dry,30,Motorcycle,Afternoon,Slight
,Darkness - no lighting,Wet or damp,60,Car,Evening,Fatal
Fog or mist,Darkness - lights lit,Wet or damp,40,Bus/Coach,Night,Serious
Normal,Darkness - lights lit,Wet or damp,20,Car,Afternoon,Slight
Raining,Daylight,Dry,20,Car,Afternoon,Slight
Snowing,Darkness - lighting unknown,Dry,30,Car,Evening,Serious
Normal,Daylight,Dry,30,Car,Evening,Slight
Normal,Darkness - no lighting,Wet or damp,40,Car,Evening,Serious
Normal,Daylight,Dry,30,Goods vehicle,Afternoon,Slight
Fog or mist,Darkness - lights lit,Snow,60,Motorcycle,Night,Fatal
Normal,Darkness - lights lit,Dry,20,Car,Afternoon,Slight
Normal,Daylight,Dry,40,Car,Afternoon,Slight
Normal,Darkness - lights lit,Wet or damp,40,Car,Morning,Slight
Normal,Darkness - no lighting,Dry,30,Car,Afternoon,Slight
Fog or mist,Daylight,Wet or damp,30,Bus/Coach,Morning,Slight
Normal,Daylight,Dry,40,Car,Morning,Slight
Normal,Daylight,Dry,20,Car,Afternoon,Slight
Normal,Daylight,Dry,50,Car,Evening,Slight
Raining,Daylight,Dry,30,Bus/Coach,Afternoon,Slight
Normal,Darkness - no lighting,Wet or damp,30,Bus/Coach,Morning,Slight
Normal,Daylight,Dry,70,Goods vehicle,Afternoon,Slight
Normal,Daylight,Wet or damp,60,Car,Afternoon,Slight
Normal,Daylight,Dry,30,Goods vehicle,Evening,Slight
Normal,Daylight,Wet or damp,30,Car,Night,Slight
Fog or mist,Darkness - lighting unknown,Wet or damp,60,Motorcycle,Morning,Serious
Normal,Daylight,Ice,20,Pedal cycle,Morning,Slight
Normal,Darkness - lights lit,Dry,70,Bus/Coach,Afternoon,Slight
Normal,Darkness - no lighting,,20,Car,Night,Slight
Normal,Daylight,Snow,20,Car,Morning,Slight
Normal,Daylight,Dry,30,Car,Night,Slight
,Daylight,Dry,40,Goods vehicle,Afternoon,Slight
Snowing,Daylight,Dry,50,Other,Afternoon,Serious
Snowing,Daylight,Dry,20,Car,Afternoon,Slight
Normal,Darkness - lights lit,Dry,30,Car,Afternoon,Slight
Normal,Daylight,Ice,40,Motorcycle,Morning,Serious
Other,Daylight,Snow,70,Motorcycle,Evening,Fatal
Normal,Darkness - lights lit,Dry,30,Car,Afternoon,Slight
Normal,Darkness - no lighting,Dry,40,Car,Morning,Slight
Normal,Darkness - lights lit,Wet or damp,30,Car,Night,Slight
Normal,Darkness - lights lit,Dry,30,Car,Morning,Slight
Normal,Daylight,Dry,30,Car,Afternoon,Slight
Raining,Daylight,,50,Car,Morning,Slight
Normal,Darkness - lighting unknown,Dry,50,Motorcycle,Morning,Slight
,Darkness - lighting unknown,Wet or damp,30,Car,Evening,Serious
Raining,Darkness - lights lit,,30,Other,Morning,Slight
Normal,Daylight,Dry,20,Car,Afternoon,Slight
Normal,Darkness - lights lit,Dry,20,Goods vehicle,Morning,Slight
,Daylight,Wet or damp,50,Car,Morning,Slight
Normal,Darkness - lights lit,Dry,20,Car,Morning,Slight
Normal,Darkness - lights lit,Dry,30,Car,Afternoon,Slight
Normal,Daylight,Dry,20,Bus/Coach,Morning,Slight
Normal,Darkness - lights lit,Dry,20,Goods vehicle,Afternoon,Slight
Normal,Darkness - no lighting,Snow,60,Other,Night,Fatal
Normal,Daylight,Dry,20,Car,Morning,Slight
Normal,Darkness - lights lit,Dry,30,Car,Evening,Slight
Unknown,Daylight,Dry,30,Car,Morning,Slight
Normal,Daylight,Dry,50,Car,Morning,Slight
Normal,Darkness - lights lit,Dry,30,Car,Morning,Slight
Raining,Darkness - lighting unknown,Flood over road,60,Car,Afternoon,Serious
Unknown,Daylight,Wet or damp,70,Goods vehicle,Afternoon,Slight
Normal,Daylight,Ice,60,Car,Morning,Slight
Normal,Daylight,Dry,70,Other,Afternoon,Slight
Normal,Darkness - lights lit,Dry,20,Car,Morning,Slight
Unknown,Darkness - lights lit,Snow,30,Motorcycle,Evening,Serious
,Darkness - lights lit,Dry,20,Car,Morning,Slight
Normal,Daylight,Ice,50,Car,Afternoon,Slight
Raining,Darkness - lights lit,Dry,30,Goods vehicle,Morning,Slight
Normal,Daylight,Dry,30,Car,Morning,Slight
Unknown,Darkness - no lighting,Dry,40,Pedal cycle,Night,Slight
Snowing,Daylight,Dry,40,Car,Night,Serious
Other,Darkness - lights lit,Dry,20,Car,Afternoon,Slight
Unknown,Daylight,Dry,20,Car,Night,Serious
Normal,Daylight,Dry,30,Car,Morning,Slight
Normal,Daylight,Ice,40,Car,Afternoon,Slight
Normal,Darkness - no lighting,Wet or damp,60,Car,Night,Serious
Normal,Daylight,Dry,20,Car,Morning,Slight
Normal,Daylight,Dry,20,Car,Morning,Slight
Normal,Daylight,Dry,20,Car,Morning,Slight
Snowing,Darkness - lighting unknown,Wet or damp,40,Other,Afternoon,Serious
Normal,Daylight,Dry,40,Other,Morning,Slight
Normal,Daylight,Wet or damp,20,Motorcycle,Morning,Serious
Normal,Darkness - no lighting,Wet or damp,20,Car,Night,Slight
Normal,Daylight,Dry,30,Bus/Coach,Morning,Slight
Raining,Darkness - no lighting,Dry,60,Motorcycle,Evening,Fatal
Raining,Darkness - no lighting,Snow,40,Motorcycle,Evening,Fatal
Snowing,Daylight,Dry,20,Car,Afternoon,Slight
Normal,Daylight,Flood over road,30,Car,Morning,Slight
Normal,Daylight,Wet or damp,20,Car,Morning,Slight
Normal,Darkness - lighting unknown,Wet or damp,70,Car,Afternoon,Slight
Raining,Daylight,Flood over road,60,Car,Afternoon,Slight
Snowing,Daylight,Dry,20,Car,Morning,Slight
Normal,Darkness - lights lit,Dry,30,Car,Morning,Slight
Normal,Daylight,Dry,30,Goods vehicle,Afternoon,Slight
Raining,Daylight,Dry,20,Pedal cycle,Afternoon,Slight
Normal,Daylight,Dry,40,Car,Afternoon,Slight
Normal,Daylight,Dry,20,Car,Afternoon,Slight
Normal,Daylight,Dry,50,Car,Evening,Slight
Normal,Darkness - no lighting,Wet or damp,60,Car,Afternoon,Slight
Normal,Darkness - no lighting,Dry,30,Pedal cycle,Night,Slight
Raining,Daylight,Dry,70,Goods vehicle,Afternoon,Slight
Normal,Daylight,,30,Car,Afternoon,Slight
Normal,Darkness - lights lit,Dry,30,Car,Afternoon,Slight
Normal,Daylight,Dry,30,Car,Morning,Slight
Normal,Daylight,,30,Car,Night,Slight
Normal,Daylight,Dry,30,Car,Evening,Slight
Snowing,Daylight,Dry,30,Motorcycle,Afternoon,Slight
Normal,Daylight,Dry,20,Car,Morning,Slight
Raining,Daylight,Dry,30,Pedal cycle,Afternoon,Slight
Snowing,Darkness - lighting unknown,Wet or damp,50,Bus/Coach,Night,Fatal
Raining,Daylight,Wet or damp,20,Car,Afternoon,Serious
,Daylight,Dry,20,Car,Morning,Slight
Fog or mist,Daylight,Dry,30,Car,Morning,Slight
Normal,Darkness - lights lit,Wet or damp,30,Motorcycle,Morning,Slight
Normal,Daylight,Dry,30,Bus/Coach,Evening,Slight
Normal,Daylight,Snow,40,Goods vehicle,Afternoon,Slight
Normal,Darkness - lights lit,Wet or damp,30,Car,Afternoon,Slight
Snowing,Daylight,Dry,30,Motorcycle,Morning,Slight
,Darkness - lights lit,Wet or damp,40,Motorcycle,Night,Serious
Normal,Darkness - no lighting,,40,Car,Night,Slight
Fog or mist,Darkness - lighting unknown,Dry,30,Motorcycle,Evening,Slight
Fog or mist,Daylight,Wet or damp,30,Car,Morning,Slight
Normal,Daylight,Dry,40,Car,Afternoon,Slight
Snowing,Daylight,Ice,70,Other,Night,Serious
Normal,Daylight,Dry,20,Car,Morning,Slight
Normal,Daylight,Wet or damp,20,Other,Afternoon,Slight
Normal,Daylight,Dry,50,Bus/Coach,Evening,Slight
Normal,Daylight,Dry,30,Car,Night,Slight
Raining,Daylight,,40,Car,Afternoon,Slight
Normal,Daylight,Dry,20,Goods vehicle,Afternoon,Slight
Normal,Darkness - lights lit,Dry,30,Car,Evening,Slight
Normal,Daylight,Dry,20,Goods vehicle,Morning,Slight
Normal,Daylight,Dry,20,Goods vehicle,Morning,Slight
Normal,Darkness - no lighting,Wet or damp,40,Car,Afternoon,Slight
Normal,Daylight,Wet or damp,20,Motorcycle,Morning,Slight
Normal,Daylight,Dry,70,Other,Morning,Slight
Normal,Daylight,Wet or damp,30,Car,Afternoon,Slight
Normal,Daylight,Wet or damp,20,Car,Night,Slight
Fog or mist,Daylight,Snow,30,Car,Evening,Slight
Raining,Darkness - lights lit,Flood over road,30,Bus/Coach,Morning,Serious
Normal,Darkness - lights lit,Wet or damp,70,Car,Morning,Slight
Normal,Daylight,Dry,30,Car,Afternoon,Slight
Snowing,Darkness - no lighting,Ice,40,Goods vehicle,Evening,Serious
Snowing,Daylight,Dry,30,Motorcycle,Afternoon,Slight
Normal,Daylight,Ice,50,Bus/Coach,Morning,Slight
,Daylight,Dry,30,Car,Afternoon,Slight
Normal,Darkness - lights lit,Dry,40,Motorcycle,Evening,Slight
Normal,Daylight,Snow,30,Car,Morning,Slight
Normal,Darkness - lights lit,Dry,30,Car,Morning,Slight
Normal,Daylight,Wet or damp,20,Car,Evening,Slight
Normal,Daylight,Dry,20,Car,Morning,Slight
Normal,Darkness - no lighting,Wet or damp,30,Bus/Coach,Morning,Slight
Fog or mist,Daylight,Dry,20,Car,Morning,Slight
Raining,Daylight,Wet or damp,20,Car,Morning,Slight
Snowing,Daylight,Dry,50,Motorcycle,Morning,Slight
Snowing,Daylight,Dry,20,Motorcycle,Morning,Slight
Snowing,Darkness - lights lit,Dry,70,Motorcycle,Afternoon,Serious
Fog or mist,Darkness - no lighting,Snow,30,Pedal cycle,Night,Fatal
Raining,Darkness - lights lit,Dry,30,Car,Afternoon,Slight
Normal,Daylight,Dry,20,Motorcycle,Morning,Slight
Normal,Daylight,Dry,30,Car,Morning,Slight
Raining,Daylight,Dry,20,Car,Afternoon,Slight
Normal,Darkness - lighting unknown,Dry,30,Pedal cycle,Morning,Slight
Normal,Daylight,Dry,30,Car,Afternoon,Slight
Other,Daylight,Dry,60,Goods vehicle,Afternoon,Slight
,Daylight,Wet or damp,70,Car,Afternoon,Slight
,Daylight,Dry,30,Car,Morning,Slight
Normal,Daylight,Dry,50,Car,Afternoon,Slight
Normal,Daylight,Wet or damp,30,Car,Afternoon,Slight
Normal,Daylight,Dry,30,Pedal cycle,Morning,Slight
Raining,Daylight,Dry,50,Goods vehicle,Afternoon,Slight
Normal,Daylight,Dry,20,Car,Afternoon,Slight
Fog or mist,Darkness - lights lit,Wet or damp,30,Car,Afternoon,Slight
Normal,Daylight,Dry,60,Car,Morning,Slight
Normal,Daylight,Wet or damp,20,Goods vehicle,Morning,Slight
Raining,Darkness - lights lit,Flood over road,20,Car,Morning,Slight
,Daylight,Wet or damp,20,Motorcycle,Afternoon,Slight
Unknown,Daylight,Snow,60,Pedal cycle,Afternoon,Slight
Normal,Daylight,Dry,50,Bus/Coach,Morning,Slight
Normal,Daylight,Dry,30,Motorcycle,Morning,Slight
Normal,Daylight,Ice,20,Car,Evening,Slight
Normal,Daylight,Dry,20,Car,Morning,Slight
Normal,Daylight,Dry,20,Car,Morning,Slight
Normal,Daylight,,50,Car,Morning,Slight
Normal,Daylight,Wet or damp,30,Pedal cycle,Morning,Slight
Snowing,Daylight,Dry,30,Other,Afternoon,Slight
Normal,Daylight,Dry,20,Car,Evening,Slight
Unknown,Daylight,Dry,50,Car,Morning,Slight
Normal,Darkness - lighting unknown,Dry,50,Goods vehicle,Morning,Slight
Normal,Daylight,Wet or damp,20,Car,Morning,Slight
Normal,Daylight,Dry,60,Car,Morning,Slight
Raining,Daylight,Ice,30,Car,Morning,Slight
Normal,Daylight,Dry,50,Bus/Coach,Afternoon,Slight
Normal,Daylight,Dry,20,Pedal cycle,Morning,Slight
Normal,Daylight,Dry,30,Car,Night,Slight
,Daylight,Dry,30,Other,Afternoon,Slight
Normal,Daylight,Snow,60,Motorcycle,Night,Serious
Raining,Darkness - lights lit,Snow,70,Car,Night,Fatal
Normal,Daylight,Dry,50,Bus/Coach,Evening,Slight
Normal,Darkness - lights lit,Dry,20,Car,Afternoon,Slight
Normal,Darkness - lights lit,Dry,60,Car,Afternoon,Slight
Snowing,Darkness - no lighting,Dry,30,Car,Evening,Slight
Snowing,Daylight,Dry,30,Goods vehicle,Morning,Slight
Fog or mist,Daylight,Dry,30,Car,Morning,Slight
Normal,Daylight,Wet or damp,70,Bus/Coach,Evening,Slight
,Darkness - lighting unknown,Snow,50,Bus/Coach,Night,Serious
Raining,Daylight,Snow,30,Car,Afternoon,Slight
Normal,Daylight,Dry,20,Car,Evening,Slight
Normal,Darkness - lights lit,Dry,30,Car,Afternoon,Slight
Unknown,Daylight,Dry,20,Motorcycle,Afternoon,Slight
Normal,Daylight,Wet or damp,20,Bus/Coach,Afternoon,Slight
Normal,Darkness - lights lit,Dry,20,Bus/Coach,Evening,Slight
Normal,Daylight,Dry,30,Bus/Coach,Afternoon,Slight
Normal,Daylight,Dry,30,Car,Evening,Slight
Normal,Daylight,Wet or damp,50,Car,Afternoon,Slight
Normal,Darkness - no lighting,Dry,20,Car,Afternoon,Slight
Normal,Darkness - lights lit,Wet or damp,40,Motorcycle,Evening,Serious
Snowing,Daylight,Dry,70,Bus/Coach,Evening,Slight
Normal,Daylight,Dry,40,Car,Night,Slight
Normal,Daylight,Dry,40,Car,Morning,Slight
Other,Darkness - lighting unknown,Wet or damp,70,Pedal cycle,Night,Fatal
Raining,Darkness - lights lit,Wet or damp,20,Car,Afternoon,Slight
,Daylight,Dry,30,Car,Afternoon,Slight
Normal,Darkness - lights lit,Dry,60,Bus/Coach,Afternoon,Slight
Normal,Darkness - lights lit,Dry,40,Motorcycle,Evening,Serious
Normal,Daylight,Dry,40,Motorcycle,Morning,Slight
Normal,Daylight,,30,Goods vehicle,Evening,Slight
Fog or mist,Daylight,Ice,30,Car,Night,Slight
Snowing,Daylight,Dry,30,Other,Morning,Slight
,Darkness - lighting unknown,Dry,30,Car,Morning,Slight
Normal,Darkness - no lighting,Wet or damp,30,Motorcycle,Night,Serious
Normal,Daylight,Wet or damp,30,Pedal cycle,Afternoon,Slight
Normal,Daylight,Snow,30,Car,Afternoon,Slight
Raining,Darkness - no lighting,Dry,30,Car,Night,Slight
Unknown,Darkness - lights lit,Snow,50,Motorcycle,Morning,Fatal
Normal,Daylight,Dry,20,Bus/Coach,Morning,Slight
,Darkness - lights lit,Dry,20,Motorcycle,Night,Slight
Normal,Darkness - no lighting,Dry,20,Pedal cycle,Evening,Slight
Other,Daylight,Dry,40,Car,Afternoon,Slight
Normal,Darkness - no lighting,Snow,50,Bus/Coach,Night,Fatal
Fog or mist,Darkness - lights lit,Wet or damp,40,Car,Afternoon,Serious
Normal,Daylight,Ice,20,Car,Afternoon,Slight
Normal,Daylight,Dry,50,Goods vehicle,Morning,Slight
Normal,Daylight,,20,Car,Morning,Slight
Normal,Darkness - lights lit,Ice,30,Car,Morning,Slight
Normal,Daylight,Dry,20,Bus/Coach,Morning,Slight
Normal,Daylight,Dry,70,Goods vehicle,Morning,Slight
Normal,Darkness - lighting unknown,Ice,20,Pedal cycle,Morning,Slight
Normal,Daylight,Wet or damp,30,Goods vehicle,Night,Slight
Normal,Darkness - no lighting,Wet or damp,50,Car,Evening,Serious
Raining,Darkness - lighting unknown,Dry,30,Car,Morning,Slight
Normal,Darkness - lights lit,Snow,20,Car,Morning,Slight
Raining,Daylight,Dry,20,Other,Evening,Slight
Normal,Darkness - lights lit,,50,Car,Evening,Serious
Normal,Darkness - lights lit,Dry,20,Motorcycle,Night,Slight
Normal,Darkness - no lighting,Dry,70,Car,Afternoon,Slight
Normal,Daylight,Dry,20,Car,Morning,Slight
Normal,Darkness - lights lit,Dry,30,Pedal cycle,Night,Serious
Raining,Daylight,Dry,50,Pedal cycle,Night,Serious
Normal,Daylight,Wet or damp,20,Car,Night,Slight
,Daylight,Wet or damp,30,Bus/Coach,Morning,Slight
Snowing,Darkness - no lighting,Wet or damp,30,Car,Night,Serious
Normal,Daylight,Wet or damp,50,Goods vehicle,Afternoon,Slight
Normal,Darkness - no lighting,Snow,60,Car,Morning,Fatal
Normal,Daylight,Dry,20,Goods vehicle,Night,Slight
Snowing,Darkness - no lighting,Ice,60,Motorcycle,Afternoon,Fatal
Raining,Daylight,Dry,20,Car,Afternoon,Slight
Normal,Daylight,Dry,70,Pedal cycle,Morning,Slight
Normal,Daylight,Dry,20,Bus/Coach,Afternoon,Slight
Normal,Darkness - lights lit,Snow,60,Motorcycle,Night,Fatal
Normal,Darkness - no lighting,Dry,30,Bus/Coach,Afternoon,Slight
,Daylight,Dry,60,Car,Morning,Slight
Raining,Darkness - lights lit,Dry,50,Car,Afternoon,Slight
Normal,Darkness - no lighting,,70,Car,Night,Serious
Normal,Daylight,Ice,30,Car,Afternoon,Slight
Normal,Darkness - lights lit,Dry,50,Motorcycle,Afternoon,Slight
Raining,Darkness - lights lit,Dry,30,Car,Afternoon,Slight
Normal,Darkness - lights lit,Wet or damp,20,Bus/Coach,Evening,Slight
Raining,Darkness - no lighting,Flood over road,30,Motorcycle,Night,Fatal
Normal,Darkness - no lighting,Dry,30,Car,Morning,Slight
Other,Daylight,Dry,40,Car,Afternoon,Slight
Raining,Daylight,Wet or damp,30,Car,Morning,Slight
Fog or mist,Daylight,Dry,20,Other,Afternoon,Slight
Normal,Darkness - lighting unknown,Dry,30,Car,Morning,Slight
Normal,Darkness - lights lit,Wet or damp,40,Car,Afternoon,Slight
Normal,Daylight,Dry,20,Car,Morning,Slight
Normal,Darkness - no lighting,Snow,70,Goods vehicle,Night,Slight
Other,Daylight,Wet or damp,20,Motorcycle,Night,Slight
Normal,Daylight,Wet or damp,40,Car,Morning,Slight
Snowing,Daylight,Ice,40,Car,Night,Serious
Normal,Daylight,Dry,70,Pedal cycle,Afternoon,Serious
Normal,Darkness - lights lit,Dry,30,Bus/Coach,Morning,Slight
Normal,Daylight,Wet or damp,30,Car,Afternoon,Slight
Normal,Daylight,Ice,50,Bus/Coach,Afternoon,Slight
Snowing,Darkness - lights lit,Wet or damp,30,Motorcycle,Night,Serious
Normal,Daylight,Dry,60,Car,Afternoon,Slight
Unknown,Daylight,Wet or damp,20,Car,Morning,Slight
Normal,Daylight,Dry,30,Car,Morning,Slight
Raining,Daylight,Wet or damp,40,Motorcycle,Afternoon,Serious
Unknown,Daylight,Dry,30,Motorcycle,Morning,Serious
Raining,Darkness - lights lit,Wet or damp,70,Car,Evening,Serious
Normal,Daylight,Dry,30,Goods vehicle,Morning,Slight
Normal,Daylight,Wet or damp,30,Car,Morning,Slight
Normal,Daylight,,20,Goods vehicle,Morning,Slight
,Daylight,Dry,40,Car,Morning,Slight
Unknown,Daylight,Dry,60,Car,Afternoon,Slight
Normal,Daylight,Wet or damp,30,Car,Morning,Slight
Snowing,Daylight,Snow,50,Goods vehicle,Morning,Slight
,Daylight,,20,Other,Morning,Slight
Normal,Daylight,Dry,20,Car,Morning,Slight
Normal,Daylight,Dry,30,Car,Morning,Slight
Raining,Daylight,Flood over road,50,Car,Night,Serious
Unknown,Daylight,Dry,30,Car,Morning,Slight
Normal,Darkness - no lighting,Dry,50,Car,Afternoon,Slight
Normal,Daylight,Dry,20,Car,Morning,Slight
Normal,Daylight,Snow,30,Pedal cycle,Night,Slight
Other,Daylight,Snow,30,Car,Afternoon,Slight
,Darkness - lights lit,Dry,50,Car,Evening,Serious
Normal,Daylight,Wet or damp,60,Car,Night,Slight
Fog or mist,Darkness - no lighting,Snow,20,Motorcycle,Night,Fatal
Raining,Darkness - no lighting,Snow,30,Car,Evening,Serious
Normal,Daylight,Wet or damp,30,Goods vehicle,Morning,Slight
Normal,Darkness - lights lit,Dry,20,Motorcycle,Evening,Slight
Normal,Daylight,Dry,30,Car,Morning,Slight
Normal,Daylight,Wet or damp,20,Motorcycle,Evening,Slight
Normal,Daylight,Dry,30,Goods vehicle,Morning,Slight
Fog or mist,Daylight,Dry,30,Other,Morning,Slight
Normal,Daylight,Dry,30,Car,Night,Slight
Fog or mist,Daylight,Dry,50,Motorcycle,Evening,Serious
Normal,Daylight,Dry,20,Goods vehicle,Morning,Slight
Fog or mist,Darkness - no lighting,Flood over road,20,Bus/Coach,Night,Serious
Normal,Daylight,Dry,60,Car,Morning,Slight
Normal,Darkness - no lighting,Flood over road,60,Bus/Coach,Evening,Serious
Normal,Daylight,Dry,40,Motorcycle,Afternoon,Slight
Raining,Darkness - lights lit,Dry,30,Car,Afternoon,Slight
Raining,Daylight,Dry,40,Car,Afternoon,Slight
Raining,Darkness - no lighting,Snow,30,Motorcycle,Afternoon,Serious
Normal,Daylight,Wet or damp,50,Car,Morning,Slight
Raining,Daylight,Dry,30,Car,Afternoon,Slight
Normal,Daylight,Snow,20,Car,Afternoon,Slight
Normal,Daylight,Ice,20,Car,Afternoon,Slight
Normal,Darkness - lights lit,Dry,50,Motorcycle,Afternoon,Slight
Raining,Darkness - no lighting,Wet or damp,40,Motorcycle,Morning,Serious
Normal,Darkness - lights lit,Dry,50,Other,Night,Serious
Normal,Daylight,Dry,30,Car,Night,Slight
Normal,Darkness - no lighting,Dry,20,Car,Morning,Slight
Normal,Darkness - lights lit,Wet or damp,30,Car,Afternoon,Slight
Normal,Daylight,Dry,60,Car,Morning,Slight
Normal,Daylight,Flood over road,30,Car,Evening,Serious
Normal,Daylight,Dry,20,Pedal cycle,Morning,Slight
Fog or mist,Daylight,Dry,20,Other,Afternoon,Slight
Raining,Darkness - lights lit,,70,Motorcycle,Afternoon,Serious
Normal,Daylight,Dry,20,Car,Afternoon,Slight
Normal,Daylight,,20,Car,Morning,Slight
Normal,Darkness - lights lit,Dry,40,Pedal cycle,Morning,Slight
Normal,Daylight,Wet or damp,40,Car,Morning,Slight
Normal,Daylight,Wet or damp,30,Motorcycle,Morning,Slight
Snowing,Darkness - lights lit,Dry,20,Car,Afternoon,Slight
Snowing,Darkness - no lighting,Ice,60,Motorcycle,Evening,Fatal
Raining,Darkness - lights lit,Dry,30,Car,Afternoon,Slight
Raining,Daylight,Dry,20,Motorcycle,Morning,Slight
Normal,Daylight,Dry,50,Car,Afternoon,Slight
Normal,Daylight,,50,Car,Afternoon,Slight
Normal,Daylight,Snow,30,Motorcycle,Morning,Slight
Normal,Darkness - lights lit,Dry,30,Pedal cycle,Evening,Slight
Normal,Darkness - lighting unknown,Ice,60,Other,Night,Serious
Normal,Daylight,Dry,30,Motorcycle,Morning,Slight
Normal,Daylight,,60,Motorcycle,Afternoon,Slight
Normal,Darkness - lights lit,Dry,20,Goods vehicle,Night,Slight
Normal,Daylight,Dry,50,Pedal cycle,Afternoon,Slight
Normal,Daylight,Dry,50,Goods vehicle,Morning,Slight
Normal,Darkness - lights lit,Dry,30,Bus/Coach,Afternoon,Slight
Snowing,Daylight,Dry,20,Car,Afternoon,Slight
Normal,Daylight,Dry,30,Car,Morning,Slight
Normal,Daylight,Dry,40,Car,Morning,Slight
Normal,Daylight,Dry,40,Motorcycle,Morning,Slight
Normal,Darkness - lights lit,Dry,20,Car,Night,Slight
Normal,Daylight,Dry,30,Motorcycle,Evening,Slight
Normal,Darkness - lights lit,Wet or damp,30,Car,Evening,Slight
Normal,Daylight,Dry,40,Car,Morning,Slight
Normal,Darkness - lights lit,Dry,20,Car,Morning,Slight
Raining,Daylight,Dry,30,Car,Morning,Slight
Normal,Darkness - lighting unknown,Wet or damp,30,Car,Morning,Slight
Other,Daylight,Flood over road,40,Car,Morning,Serious
,Darkness - lights lit,Dry,30,Car,Morning,Slight
Raining,Daylight,Dry,30,Bus/Coach,Morning,Slight
Other,Darkness - lights lit,,50,Car,Afternoon,Serious
Fog or mist,Darkness - lights lit,Dry,30,Car,Evening,Slight
Normal,Daylight,Dry,20,Car,Afternoon,Slight
Unknown,Daylight,Dry,60,Goods vehicle,Afternoon,Slight
Fog or mist,Daylight,Wet or damp,20,Bus/Coach,Morning,Slight
Raining,Daylight,Dry,30,Car,Morning,Slight
Normal,Daylight,Wet or damp,20,Car,Night,Slight
Normal,Daylight,Dry,30,Bus/Coach,Afternoon,Slight
Snowing,Daylight,Wet or damp,60,Car,Morning,Fatal
Normal,Daylight,Dry,30,Motorcycle,Night,Slight
Other,Darkness - lighting unknown,Wet or damp,40,Car,Evening,Serious
Normal,Daylight,Dry,20,Pedal cycle,Morning,Slight
Normal,Darkness - lights lit,,40,Other,Afternoon,Serious
Normal,Darkness - lights lit,Flood over road,40,Car,Afternoon,Slight
Normal,Daylight,Dry,20,Car,Morning,Slight
Normal,Daylight,Dry,20,Car,Morning,Slight
Normal,Daylight,Dry,40,Car,Evening,Slight
Normal,Darkness - no lighting,Dry,20,Car,Night,Fatal
Normal,Daylight,Dry,30,Goods vehicle,Afternoon,Slight
Normal,Darkness - no lighting,Wet or damp,20,Car,Morning,Slight
Raining,Daylight,Snow,50,Motorcycle,Evening,Fatal
Normal,Daylight,Dry,50,Car,Morning,Slight
Snowing,Daylight,Dry,40,Car,Night,Slight
Raining,Daylight,Dry,70,Goods vehicle,Afternoon,Serious
Normal,Darkness - lighting unknown,Wet or damp,20,Car,Morning,Slight
Normal,Darkness - no lighting,Dry,30,Bus/Coach,Night,Serious
Normal,Daylight,Wet or damp,30,Car,Afternoon,Slight
Fog or mist,Darkness - lights lit,Flood over road,30,Motorcycle,Evening,Serious
Other,Daylight,Dry,20,Car,Afternoon,Slight
Normal,Darkness - lights lit,Dry,50,Car,Afternoon,Slight
Normal,Darkness - lights lit,Flood over road,30,Car,Afternoon,Slight
Fog or mist,Darkness - no lighting,Snow,50,Goods vehicle,Night,Fatal
Snowing,Darkness - no lighting,Snow,60,Motorcycle,Night,Fatal
Normal,Darkness - lights lit,Snow,30,Bus/Coach,Evening,Slight
Normal,Darkness - no lighting,Snow,30,Car,Evening,Slight
Normal,Daylight,Flood over road,20,Car,Afternoon,Slight
Normal,Daylight,,50,Car,Morning,Slight
Normal,Daylight,Wet or damp,20,Car,Evening,Slight
Normal,Darkness - lights lit,,50,Car,Night,Slight
Raining,Darkness - lights lit,Dry,40,Car,Afternoon,Serious
,Daylight,Dry,30,Bus/Coach,Afternoon,Slight
,Darkness - lights lit,Dry,50,Car,Morning,Slight
Normal,Daylight,Wet or damp,30,Car,Afternoon,Slight
Normal,Daylight,Dry,30,Car,Morning,Slight
,Darkness - lights lit,Wet or damp,30,Car,Evening,Serious
Raining,Daylight,Dry,20,Bus/Coach,Night,Slight
Normal,Darkness - lighting unknown,Dry,30,Car,Morning,Slight
Normal,Daylight,Dry,30,Car,Evening,Slight
Normal,Daylight,Wet or damp,20,Pedal cycle,Afternoon,Serious
Normal,Daylight,Dry,40,Other,Morning,Slight
Normal,Daylight,Dry,50,Car,Morning,Slight
Normal,Daylight,Dry,50,Car,Afternoon,Slight
,Daylight,Dry,30,Car,Morning,Slight
Fog or mist,Daylight,Snow,50,Car,Morning,Slight
Normal,Daylight,Dry,30,Motorcycle,Morning,Slight
Fog or mist,Darkness - lights lit,Dry,20,Car,Night,Slight
Raining,Daylight,Snow,60,Other,Evening,Serious
Normal,Darkness - no lighting,Dry,20,Motorcycle,Evening,Slight
Normal,Darkness - lights lit,Dry,20,Bus/Coach,Afternoon,Slight
,Darkness - lights lit,Flood over road,40,Bus/Coach,Morning,Serious
Snowing,Darkness - lights lit,Dry,30,Car,Evening,Slight
,Darkness - lights lit,Snow,20,Goods vehicle,Afternoon,Slight
Raining,Darkness - lights lit,Dry,30,Bus/Coach,Morning,Slight
Normal,Daylight,Dry,30,Car,Morning,Slight
Raining,Daylight,Dry,70,Bus/Coach,Afternoon,Slight
Normal,Darkness - lighting unknown,Dry,30,Car,Night,Slight
Normal,Darkness - lights lit,Dry,20,Car,Morning,Slight
Normal,Darkness - lights lit,Ice,30,Car,Evening,Slight
Raining,Daylight,Flood over road,30,Car,Evening,Serious
Normal,Daylight,Wet or damp,50,Car,Morning,Slight
Snowing,Daylight,Dry,20,Car,Evening,Slight
Raining,Daylight,Dry,60,Motorcycle,Afternoon,Slight
Normal,Daylight,Dry,50,Car,Morning,Slight
Raining,Darkness - lights lit,Dry,70,Other,Evening,Serious
Normal,Daylight,Dry,20,Pedal cycle,Morning,Slight
Normal,Daylight,Dry,40,Bus/Coach,Morning,Slight
Snowing,Darkness - lights lit,Wet or damp,20,Bus/Coach,Morning,Slight
Normal,Daylight,Dry,20,Car,Afternoon,Slight
Normal,Darkness - lights lit,Snow,40,Car,Evening,Fatal
,Darkness - lighting unknown,Wet or damp,20,Bus/Coach,Afternoon,Slight
Fog or mist,Darkness - lights lit,Dry,20,Goods vehicle,Afternoon,Slight
Normal,Daylight,Dry,30,Car,Night,Slight
Normal,Darkness - lights lit,Wet or damp,20,Car,Afternoon,Serious
Other,Darkness - no lighting,Wet or damp,60,Motorcycle,Morning,Serious
Fog or mist,Daylight,Dry,20,Car,Morning,Slight
Fog or mist,Darkness - lights lit,Snow,20,Car,Morning,Slight
Normal,Darkness - lights lit,Dry,20,Car,Evening,Serious
Normal,Daylight,Dry,30,Pedal cycle,Afternoon,Slight
Normal,Daylight,Wet or damp,60,Goods vehicle,Morning,Slight
,Daylight,Wet or damp,70,Car,Afternoon,Slight
Normal,Daylight,Dry,20,Motorcycle,Afternoon,Slight
Snowing,Daylight,Wet or damp,30,Motorcycle,Evening,Slight
Normal,Daylight,Wet or damp,30,Bus/Coach,Morning,Slight
Normal,Daylight,Dry,30,Car,Morning,Slight
Raining,Darkness - lights lit,Wet or damp,50,Car,Afternoon,Slight
Snowing,Daylight,Wet or damp,20,Car,Afternoon,Serious
Raining,Darkness - lights lit,Wet or damp,60,Car,Evening,Serious
Normal,Daylight,Wet or damp,20,Car,Morning,Slight
Raining,Daylight,Dry,40,Bus/Coach,Evening,Slight
Raining,Daylight,Dry,50,Car,Afternoon,Slight
Normal,Daylight,Dry,20,Car,Night,Slight
Normal,Daylight,,30,Car,Afternoon,Serious
Raining,Daylight,Dry,30,Car,Afternoon,Slight
Normal,Daylight,Snow,30,Car,Evening,Slight
Fog or mist,Daylight,Dry,40,Motorcycle,Evening,Slight
Normal,Daylight,Dry,30,Car,Morning,Serious
Raining,Darkness - lights lit,Dry,20,Car,Evening,Slight
,Darkness - lights lit,Wet or damp,20,Car,Night,Slight
Normal,Daylight,Dry,50,Car,Afternoon,Slight
Normal,Darkness - lights lit,Ice,70,Bus/Coach,Afternoon,Slight
Normal,Daylight,Dry,20,Car,Morning,Slight
Normal,Darkness - lights lit,Dry,30,Goods vehicle,Morning,Slight
Snowing,Daylight,Wet or damp,70,Motorcycle,Evening,Fatal
Snowing,Darkness - no lighting,,50,Car,Evening,Serious
Normal,Daylight,Dry,30,Car,Night,Serious
Normal,Darkness - no lighting,Wet or damp,30,Car,Afternoon,Serious
Normal,Daylight,Dry,60,Bus/Coach,Afternoon,Slight
Normal,Darkness - lights lit,Wet or damp,40,Pedal cycle,Evening,Serious
Normal,Daylight,Wet or damp,20,Motorcycle,Evening,Slight
Snowing,Daylight,Dry,40,Car,Morning,Slight
Normal,Darkness - lights lit,Wet or damp,40,Motorcycle,Evening,Serious
Normal,Daylight,Dry,30,Car,Morning,Slight
Normal,Daylight,Dry,70,Car,Afternoon,Slight
Raining,Daylight,Dry,50,Car,Morning,Slight
Raining,Darkness - lights lit,Dry,30,Motorcycle,Morning,Slight
Normal,Daylight,Dry,20,Car,Night,Slight
Normal,Daylight,Snow,30,Motorcycle,Afternoon,Slight
Normal,Daylight,Dry,20,Car,Morning,Slight
Fog or mist,Daylight,Dry,70,Motorcycle,Evening,Slight
Raining,Darkness - lights lit,Dry,20,Car,Morning,Slight
Raining,Darkness - no lighting,Ice,50,Bus/Coach,Afternoon,Fatal
Other,Daylight,Dry,40,Motorcycle,Afternoon,Slight
Normal,Darkness - no lighting,Ice,20,Motorcycle,Afternoon,Serious
Normal,Daylight,Snow,30,Goods vehicle,Morning,Slight
Other,Darkness - lights lit,Dry,30,Car,Afternoon,Slight
Snowing,Daylight,Wet or damp,30,Goods vehicle,Afternoon,Serious
Fog or mist,Darkness - lights lit,Ice,60,Car,Evening,Fatal
Raining,Darkness - no lighting,Snow,50,Goods vehicle,Night,Fatal
Normal,Daylight,Dry,40,Car,Afternoon,Slight
Normal,Daylight,Dry,20,Bus/Coach,Morning,Slight
Normal,Daylight,Dry,40,Car,Afternoon,Slight
Normal,Daylight,Dry,40,Car,Morning,Slight
,Daylight,Wet or damp,20,Pedal cycle,Morning,Slight
Fog or mist,Darkness - lights lit,Dry,30,Car,Afternoon,Slight
Normal,Daylight,Dry,20,Car,Afternoon,Slight
Normal,Daylight,Snow,30,Car,Night,Slight
Normal,Darkness - lights lit,Wet or damp,30,Car,Evening,Serious
Raining,Daylight,Snow,50,Bus/Coach,Morning,Slight
Normal,Daylight,Dry,50,Car,Afternoon,Slight
Raining,Daylight,Dry,40,Car,Morning,Serious
Raining,Daylight,Snow,30,Bus/Coach,Morning,Slight
Normal,Daylight,Dry,30,Motorcycle,Evening,Serious
Raining,Darkness - lights lit,Snow,20,Car,Morning,Slight
Normal,Daylight,Dry,30,Car,Morning,Slight
Normal,Daylight,Wet or damp,60,Bus/Coach,Morning,Slight
Fog or mist,Darkness - lights lit,Wet or damp,40,Car,Evening,Slight
Normal,Daylight,Dry,30,Car,Afternoon,Slight
Normal,Daylight,Wet or damp,30,Motorcycle,Afternoon,Slight
Normal,Daylight,Dry,30,Car,Afternoon,Slight
Normal,Darkness - lighting unknown,Flood over road,50,Pedal cycle,Afternoon,Serious
Other,Daylight,Dry,20,Bus/Coach,Morning,Slight
Raining,Daylight,Dry,20,Car,Morning,Slight
Raining,Darkness - lights lit,Dry,50,Car,Morning,Slight
Normal,Darkness - no lighting,Dry,20,Bus/Coach,Morning,Serious
Normal,Daylight,Wet or damp,50,Motorcycle,Morning,Slight
Raining,Daylight,Dry,50,Car,Afternoon,Slight
Raining,Daylight,Wet or damp,20,Goods vehicle,Morning,Slight
Raining,Daylight,Dry,60,Car,Afternoon,Slight
,Daylight,Wet or damp,30,Car,Morning,Slight
Normal,Daylight,Dry,20,Goods vehicle,Afternoon,Slight
Normal,Daylight,Dry,50,Car,Morning,Slight
,Darkness - lights lit,Dry,70,Car,Afternoon,Slight
Raining,Daylight,Dry,30,Car,Morning,Slight
Normal,Daylight,Dry,30,Bus/Coach,Afternoon,Slight
Snowing,Darkness - no lighting,Dry,30,Goods vehicle,Morning,Serious
Fog or mist,Darkness - no lighting,Wet or damp,60,Goods vehicle,Night,Fatal
Raining,Daylight,Dry,30,Car,Morning,Slight
,Darkness - no lighting,Dry,30,Car,Afternoon,Slight
Raining,Daylight,Dry,30,Motorcycle,Morning,Slight
Normal,Darkness - lights lit,Dry,30,Car,Afternoon,Slight
Normal,Daylight,Dry,20,Car,Evening,Slight
Normal,Daylight,,30,Bus/Coach,Afternoon,Slight
Normal,Darkness - lights lit,Flood over road,20,Car,Afternoon,Serious
Normal,Darkness - lights lit,Snow,50,Car,Night,Slight
,Daylight,Dry,40,Car,Afternoon,Slight
Raining,Darkness - no lighting,Flood over road,40,Pedal cycle,Night,Fatal
Normal,Daylight,Dry,40,Car,Afternoon,Slight
Normal,Darkness - lighting unknown,Wet or damp,60,Car,Afternoon,Slight
Fog or mist,Daylight,Dry,30,Car,Morning,Slight
Snowing,Daylight,Dry,50,Car,Night,Slight
Normal,Daylight,Flood over road,50,Goods vehicle,Morning,Slight
Other,Darkness - no lighting,Snow,70,Motorcycle,Afternoon,Fatal
Raining,Darkness - lighting unknown,Wet or damp,20,Motorcycle,Evening,Serious
Normal,Daylight,Dry,70,Motorcycle,Afternoon,Slight
,Daylight,Wet or damp,50,Motorcycle,Night,Slight
Normal,Darkness - lights lit,Flood over road,70,Car,Evening,Serious
Normal,Darkness - lights lit,Snow,30,Car,Evening,Slight
,Daylight,Dry,30,Car,Morning,Slight
Unknown,Daylight,Dry,40,Car,Morning,Serious
Fog or mist,Darkness - lighting unknown,Wet or damp,30,Bus/Coach,Afternoon,Slight
Normal,Darkness - lights lit,,20,Other,Morning,Slight
Normal,Daylight,Dry,20,Motorcycle,Morning,Slight
Normal,Daylight,Wet or damp,40,Motorcycle,Morning,Slight
Raining,Daylight,Wet or damp,30,Bus/Coach,Afternoon,Slight
Normal,Daylight,Wet or damp,20,Car,Morning,Slight
Normal,Darkness - no lighting,,60,Goods vehicle,Morning,Slight
Snowing,Daylight,Dry,60,Car,Morning,Slight
Raining,Daylight,Dry,30,Goods vehicle,Afternoon,Slight
Normal,Daylight,Dry,70,Car,Night,Slight
Normal,Darkness - lights lit,,30,Motorcycle,Evening,Slight
Snowing,Darkness - no lighting,Dry,50,Car,Morning,Slight
Raining,Darkness - no lighting,Snow,50,Bus/Coach,Morning,Fatal
Fog or mist,Darkness - lighting unknown,Dry,20,Car,Evening,Slight
Normal,Darkness - lights lit,Dry,20,Car,Evening,Slight
Normal,Darkness - lights lit,Wet or damp,20,Car,Morning,Slight
Normal,Daylight,Dry,30,Car,Morning,Slight
,Darkness - no lighting,Dry,60,Car,Evening,Fatal
Normal,Daylight,Dry,20,Bus/Coach,Morning,Slight
Normal,Daylight,,20,Car,Evening,Slight
Snowing,Darkness - lights lit,Dry,20,Car,Afternoon,Slight
Normal,Daylight,Dry,50,Car,Night,Slight
Normal,Darkness - lights lit,Dry,40,Car,Evening,Slight
Raining,Daylight,Wet or damp,70,Bus/Coach,Night,Serious
Fog or mist,Daylight,Dry,30,Motorcycle,Morning,Slight
Other,Darkness - no lighting,Dry,20,Motorcycle,Evening,Serious
Normal,Daylight,Wet or damp,30,Motorcycle,Morning,Slight
Fog or mist,Daylight,Flood over road,20,Car,Morning,Slight
Unknown,Darkness - lights lit,,70,Goods vehicle,Night,Fatal
,Darkness - lights lit,Snow,30,Goods vehicle,Night,Serious
Normal,Darkness - lights lit,Wet or damp,30,Other,Morning,Serious
,Daylight,Dry,20,Car,Afternoon,Slight
,Daylight,Wet or damp,50,Car,Morning,Slight
Normal,Daylight,Dry,60,Car,Afternoon,Slight
Fog or mist,Darkness - lights lit,Wet or damp,30,Goods vehicle,Morning,Slight
Fog or mist,Darkness - lights lit,Dry,50,Car,Morning,Slight
Normal,Daylight,Dry,70,Other,Morning,Slight
Normal,Darkness - lights lit,,30,Goods vehicle,Afternoon,Slight
Normal,Daylight,Dry,30,Car,Morning,Slight
Normal,Darkness - lighting unknown,,40,Bus/Coach,Afternoon,Slight
Normal,Daylight,Dry,20,Bus/Coach,Morning,Slight
Other,Daylight,Dry,20,Car,Afternoon,Slight
Normal,Darkness - lights lit,Wet or damp,30,Car,Afternoon,Slight
Normal,Daylight,Dry,20,Car,Night,Slight
,Daylight,Dry,20,Car,Morning,Slight
Normal,Darkness - lights lit,Dry,20,Bus/Coach,Afternoon,Slight
Normal,Darkness - lights lit,Dry,50,Car,Afternoon,Slight
Normal,Darkness - lighting unknown,Dry,20,Car,Evening,Slight
Normal,Darkness - lighting unknown,Dry,20,Car,Afternoon,Slight
Normal,Darkness - no lighting,Ice,50,Car,Night,Serious
Fog or mist,Daylight,Flood over road,50,Pedal cycle,Morning,Slight
Normal,Daylight,Dry,70,Motorcycle,Morning,Slight
Fog or mist,Darkness - lighting unknown,Flood over road,70,Car,Night,Fatal
Normal,Darkness - lights lit,Dry,30,Car,Morning,Slight
Snowing,Daylight,Wet or damp,30,Motorcycle,Evening,Slight
,Daylight,Dry,30,Car,Afternoon,Slight
Raining,Daylight,Snow,30,Goods vehicle,Afternoon,Slight
Normal,Daylight,Snow,20,Car,Evening,Slight
Normal,Daylight,Dry,30,Goods vehicle,Morning,Slight
Raining,Darkness - lights lit,Dry,30,Car,Evening,Slight
Normal,Darkness - lighting unknown,Dry,50,Goods vehicle,Night,Slight
Raining,Darkness - lights lit,Snow,70,Goods vehicle,Evening,Fatal
Normal,Daylight,,40,Car,Afternoon,Slight
,Darkness - lights lit,Dry,30,Car,Night,Slight
Raining,Daylight,Dry,30,Car,Afternoon,Slight
Normal,Daylight,Flood over road,70,Car,Morning,Slight
Normal,Darkness - no lighting,Wet or damp,70,Goods vehicle,Afternoon,Slight
Snowing,Daylight,Dry,30,Car,Night,Slight
Normal,Daylight,Snow,70,Bus/Coach,Morning,Slight
Normal,Darkness - lighting unknown,Wet or damp,60,Motorcycle,Evening,Slight
Normal,Darkness - no lighting,Dry,40,Motorcycle,Morning,Slight
Normal,Darkness - lights lit,Dry,30,Motorcycle,Morning,Slight
Normal,Daylight,Dry,70,Car,Night,Slight
Normal,Darkness - lights lit,Dry,20,Car,Afternoon,Slight
Normal,Daylight,Dry,40,Bus/Coach,Afternoon,Slight
Normal,Daylight,Wet or damp,30,Other,Morning,Slight
Snowing,Darkness - no lighting,Wet or damp,60,Goods vehicle,Night,Fatal
Normal,Daylight,Snow,30,Car,Evening,Slight
Normal,Daylight,Wet or damp,30,Car,Afternoon,Slight
Normal,Daylight,Wet or damp,20,Car,Afternoon,Slight
Normal,Darkness - lighting unknown,Dry,20,Car,Morning,Slight
Normal,Daylight,Wet or damp,50,Motorcycle,Morning,Slight
Normal,Daylight,Wet or damp,40,Car,Morning,Serious
Snowing,Daylight,Dry,30,Car,Afternoon,Slight
Normal,Daylight,Wet or damp,20,Car,Night,Slight
Unknown,Darkness - no lighting,Dry,20,Bus/Coach,Afternoon,Slight
Normal,Daylight,Dry,30,Car,Evening,Slight
,Daylight,Dry,20,Car,Afternoon,Serious
Normal,Daylight,Ice,20,Car,Night,Slight
Normal,Darkness - lights lit,Dry,30,Motorcycle,Afternoon,Serious
Normal,Darkness - lights lit,Dry,30,Motorcycle,Afternoon,Slight
Normal,Daylight,Dry,20,Car,Morning,Slight
Normal,Daylight,Dry,30,Bus/Coach,Morning,Slight
Normal,Darkness - lighting unknown,Dry,30,Pedal cycle,Afternoon,Slight
Normal,Daylight,Dry,20,Car,Morning,Slight
Other,Daylight,Dry,40,Car,Afternoon,Slight
Fog or mist,Daylight,Dry,30,Car,Night,Slight
Fog or mist,Daylight,Snow,40,Other,Afternoon,Serious
Raining,Darkness - lights lit,Wet or damp,20,Goods vehicle,Afternoon,Slight
Normal,Darkness - lights lit,Dry,20,Car,Afternoon,Slight
Normal,Daylight,Dry,20,Goods vehicle,Morning,Slight
Normal,Daylight,Dry,60,Motorcycle,Morning,Slight
Normal,Daylight,Snow,20,Motorcycle,Afternoon,Slight
Normal,Darkness - lights lit,Dry,60,Motorcycle,Morning,Serious
Normal,Daylight,Dry,20,Other,Morning,Slight
Fog or mist,Daylight,Dry,20,Pedal cycle,Evening,Slight
Normal,Darkness - no lighting,Dry,30,Motorcycle,Afternoon,Slight
Fog or mist,Darkness - lighting unknown,Ice,20,Car,Night,Serious
Raining,Darkness - lights lit,Dry,30,Car,Morning,Slight
Normal,Darkness - no lighting,,40,Car,Afternoon,Slight
Normal,Daylight,Snow,20,Car,Afternoon,Slight
Normal,Daylight,Dry,30,Car,Afternoon,Serious
Normal,Daylight,Dry,20,Car,Morning,Slight
Raining,Daylight,Wet or damp,30,Car,Afternoon,Slight
Normal,Daylight,Dry,30,Motorcycle,Morning,Slight
Normal,Darkness - lights lit,Flood over road,20,Other,Morning,Fatal
Normal,Daylight,Dry,20,Car,Morning,Slight
Fog or mist,Daylight,Wet or damp,20,Car,Afternoon,Slight
Fog or mist,Darkness - lights lit,Dry,30,Bus/Coach,Afternoon,Serious
,Darkness - no lighting,Wet or damp,50,Car,Evening,Serious
Normal,Daylight,,40,Motorcycle,Morning,Slight
Normal,Darkness - no lighting,Wet or damp,60,Motorcycle,Evening,Serious
Raining,Daylight,Wet or damp,20,Bus/Coach,Morning,Slight
Raining,Darkness - lights lit,Dry,60,Car,Morning,Slight
Normal,Daylight,Dry,20,Car,Afternoon,Slight
Normal,Daylight,Ice,30,Goods vehicle,Afternoon,Slight
Normal,Daylight,Ice,20,Car,Morning,Slight
Raining,Daylight,Dry,60,Car,Afternoon,Slight
Normal,Daylight,,70,Bus/Coach,Morning,Slight
Normal,Daylight,Dry,40,Car,Evening,Slight
Normal,Darkness - lights lit,Dry,50,Car,Afternoon,Slight
Normal,Daylight,,30,Car,Night,Slight
Normal,Daylight,Dry,50,Car,Morning,Slight
Unknown,Daylight,Dry,30,Car,Morning,Slight
Normal,Daylight,Dry,30,Car,Afternoon,Slight
Normal,Daylight,,30,Motorcycle,Afternoon,Slight
Normal,Daylight,Ice,20,Car,Morning,Slight
Normal,Darkness - lights lit,Dry,20,Other,Morning,Slight
Normal,Daylight,Wet or damp,30,Bus/Coach,Afternoon,Slight
Normal,Daylight,Wet or damp,20,Car,Evening,Slight
Normal,Daylight,Dry,30,Goods vehicle,Afternoon,Slight
Normal,Darkness - lights lit,,20,Car,Afternoon,Slight
,Daylight,Dry,30,Goods vehicle,Afternoon,Slight
Normal,Daylight,Dry,20,Car,Afternoon,Slight
Unknown,Daylight,Wet or damp,20,Car,Afternoon,Slight
Normal,Daylight,Dry,30,Motorcycle,Morning,Slight
Raining,Daylight,Dry,60,Car,Morning,Slight
Raining,Darkness - lights lit,,50,Other,Morning,Fatal
Normal,Daylight,Dry,70,Goods vehicle,Morning,Slight
Normal,Daylight,Dry,40,Car,Afternoon,Slight
Fog or mist,Daylight,Wet or damp,30,Other,Afternoon,Slight
Normal,Daylight,Dry,20,Bus/Coach,Morning,Slight
Normal,Daylight,Dry,30,Car,Afternoon,Slight
Fog or mist,Darkness - lighting unknown,Dry,20,Car,Night,Slight
Normal,Darkness - lights lit,,50,Bus/Coach,Evening,Slight
Normal,Darkness - lighting unknown,Snow,40,Motorcycle,Evening,Serious
Raining,Daylight,Snow,30,Car,Evening,Slight
Raining,Daylight,Snow,20,Car,Night,Slight
Fog or mist,Darkness - lights lit,Dry,30,Car,Morning,Slight
,Darkness - lighting unknown,Dry,30,Car,Morning,Slight
Normal,Darkness - no lighting,Dry,30,Bus/Coach,Evening,Slight
Normal,Darkness - lights lit,Wet or damp,40,Car,Evening,Serious
Normal,Daylight,Dry,20,Bus/Coach,Night,Slight
Normal,Darkness - lights lit,Dry,20,Car,Afternoon,Slight
Fog or mist,Daylight,Dry,20,Car,Night,Slight
Normal,Daylight,Dry,30,Car,Afternoon,Slight
Normal,Darkness - lights lit,Wet or damp,20,Motorcycle,Afternoon,Slight
Raining,Daylight,Wet or damp,20,Bus/Coach,Morning,Slight
Normal,Daylight,,20,Car,Afternoon,Slight
Normal,Daylight,Dry,60,Goods vehicle,Night,Slight
Other,Daylight,Dry,30,Car,Evening,Slight
Raining,Daylight,Dry,20,Car,Night,Slight
Normal,Daylight,Dry,20,Bus/Coach,Morning,Slight
Normal,Daylight,Dry,40,Car,Afternoon,Slight
Normal,Daylight,Dry,60,Car,Morning,Slight
Normal,Daylight,Dry,30,Goods vehicle,Evening,Slight
Snowing,Daylight,Dry,20,Car,Morning,Slight
Raining,Daylight,Dry,60,Motorcycle,Afternoon,Slight
Snowing,Daylight,Dry,30,Car,Night,Slight
Raining,Daylight,Dry,70,Car,Afternoon,Slight
Raining,Darkness - lights lit,Ice,60,Car,Afternoon,Slight
Raining,Darkness - lights lit,Dry,40,Bus/Coach,Evening,Serious
Normal,Daylight,Snow,30,Pedal cycle,Morning,Slight
Snowing,Darkness - lighting unknown,Snow,40,Other,Evening,Serious
Normal,Daylight,Wet or damp,30,Car,Morning,Slight
Normal,Daylight,Flood over road,50,Car,Afternoon,Slight
Normal,Darkness - lighting unknown,Dry,30,Motorcycle,Morning,Slight
Normal,Daylight,Dry,60,Bus/Coach,Evening,Slight
Snowing,Daylight,Wet or damp,30,Car,Evening,Serious
Normal,Daylight,Dry,40,Other,Afternoon,Slight
Raining,Daylight,Snow,30,Car,Evening,Serious
Raining,Darkness - lighting unknown,Wet or damp,30,Motorcycle,Night,Serious
Raining,Daylight,Dry,20,Car,Morning,Slight
Raining,Darkness - lights lit,Dry,30,Car,Afternoon,Slight
Normal,Darkness - no lighting,Snow,20,Bus/Coach,Morning,Slight
Other,Daylight,Dry,30,Goods vehicle,Evening,Slight
Raining,Darkness - lights lit,Dry,30,Car,Morning,Slight
Snowing,Darkness - lights lit,Dry,40,Bus/Coach,Afternoon,Slight
Normal,Daylight,Dry,20,Bus/Coach,Morning,Slight
Unknown,Darkness - lights lit,Wet or damp,20,Motorcycle,Afternoon,Slight
Normal,Daylight,Flood over road,30,Car,Afternoon,Slight
,Darkness - lights lit,Dry,30,Motorcycle,Afternoon,Slight
Normal,Darkness - no lighting,Wet or damp,70,Motorcycle,Night,Fatal
Snowing,Darkness - lights lit,Wet or damp,20,Goods vehicle,Morning,Fatal
Normal,Daylight,Dry,30,Car,Afternoon,Slight
Other,Darkness - lights lit,Dry,40,Car,Afternoon,Slight
Normal,Darkness - lights lit,Dry,30,Car,Evening,Slight
Normal,Darkness - lights lit,Dry,60,Goods vehicle,Afternoon,Slight
Unknown,Daylight,Dry,50,Car,Morning,Slight
Normal,Darkness - no lighting,Wet or damp,50,Car,Afternoon,Serious
Normal,Daylight,Dry,70,Car,Afternoon,Slight
Unknown,Daylight,Wet or damp,30,Car,Morning,Slight
Normal,Darkness - lights lit,Dry,30,Car,Morning,Slight
Normal,Daylight,Dry,30,Car,Afternoon,Slight
Normal,Daylight,Dry,30,Bus/Coach,Afternoon,Slight
,Daylight,Dry,30,Car,Afternoon,Slight
Normal,Daylight,Dry,60,Car,Morning,Slight
Normal,Darkness - lighting unknown,Dry,20,Car,Morning,Slight
Fog or mist,Daylight,Dry,30,Car,Morning,Slight
Normal,Darkness - lighting unknown,Dry,40,Car,Morning,Slight
Raining,Daylight,Dry,30,Car,Afternoon,Slight
Normal,Daylight,Dry,40,Goods vehicle,Morning,Slight
Normal,Daylight,Dry,30,Motorcycle,Evening,Slight
Normal,Darkness - lights lit,Dry,70,Car,Afternoon,Slight
Normal,Daylight,Dry,20,Car,Morning,Slight
Normal,Daylight,Dry,30,Bus/Coach,Morning,Slight
Unknown,Daylight,Wet or damp,30,Car,Afternoon,Slight
Fog or mist,Darkness - no lighting,Snow,50,Motorcycle,Evening,Fatal
Normal,Darkness - lights lit,Wet or damp,40,Car,Afternoon,Serious
Raining,Daylight,Dry,30,Motorcycle,Morning,Slight
Raining,Daylight,Dry,20,Bus/Coach,Afternoon,Slight
Raining,Daylight,Snow,30,Car,Morning,Serious
Raining,Daylight,Dry,30,Motorcycle,Evening,Slight
,Darkness - no lighting,Dry,30,Car,Morning,Serious
Raining,Darkness - lights lit,Flood over road,40,Car,Evening,Serious
Unknown,Darkness - lights lit,Ice,60,Car,Evening,Serious
Normal,Darkness - lights lit,Wet or damp,30,Goods vehicle,Morning,Slight
Normal,Darkness - lights lit,Wet or damp,30,Other,Afternoon,Slight
Normal,Darkness - lights lit,Dry,20,Car,Evening,Slight
Normal,Darkness - lighting unknown,Wet or damp,40,Pedal cycle,Evening,Serious
Normal,Daylight,Dry,20,Bus/Coach,Afternoon,Slight
Raining,Darkness - lighting unknown,Dry,30,Goods vehicle,Morning,Slight
Normal,Daylight,,30,Car,Afternoon,Slight
Raining,Daylight,Dry,40,Car,Evening,Slight
Normal,Daylight,Wet or damp,30,Bus/Coach,Afternoon,Slight
Normal,Daylight,Dry,30,Car,Morning,Slight
Raining,Daylight,Dry,30,Car,Morning,Slight
Snowing,Darkness - lights lit,Dry,40,Car,Morning,Slight
,Darkness - no lighting,Wet or damp,50,Motorcycle,Evening,Serious
Normal,Darkness - lights lit,Wet or damp,50,Car,Afternoon,Slight
Normal,Darkness - lights lit,Wet or damp,60,Car,Afternoon,Slight
Snowing,Darkness - no lighting,Wet or damp,60,Car,Evening,Serious
Raining,Daylight,Dry,30,Car,Morning,Slight
Normal,Daylight,Dry,20,Car,Morning,Slight
Normal,Darkness - lighting unknown,Dry,50,Car,Morning,Slight
Normal,Daylight,Wet or damp,50,Other,Afternoon,Slight
Normal,Darkness - lights lit,Wet or damp,20,Motorcycle,Afternoon,Slight
Snowing,Daylight,Snow,50,Car,Morning,Slight
Snowing,Daylight,,30,Bus/Coach,Morning,Slight
Normal,Daylight,Dry,50,Car,Afternoon,Slight
Raining,Daylight,Ice,20,Car,Afternoon,Serious
Normal,Daylight,Dry,20,Car,Morning,Slight
Normal,Daylight,Dry,20,Pedal cycle,Morning,Slight
Normal,Daylight,Dry,30,Car,Afternoon,Slight
Raining,Daylight,Dry,20,Car,Morning,Slight
Raining,Daylight,Wet or damp,40,Car,Afternoon,Slight
Raining,Darkness - lights lit,Ice,20,Bus/Coach,Morning,Serious
Snowing,Darkness - lights lit,Wet or damp,50,Motorcycle,Night,Serious
Snowing,Daylight,Dry,20,Car,Evening,Slight
Normal,Daylight,Dry,30,Car,Night,Slight
Raining,Daylight,Dry,50,Car,Afternoon,Slight
Normal,Daylight,Wet or damp,60,Bus/Coach,Morning,Slight
Snowing,Daylight,Dry,20,Car,Afternoon,Slight
Normal,Darkness - lights lit,,30,Car,Morning,Slight
,Darkness - lights lit,Dry,20,Bus/Coach,Afternoon,Slight
Normal,Daylight,Dry,30,Motorcycle,Night,Slight
Normal,Daylight,Dry,30,Car,Morning,Slight
Raining,Daylight,Dry,30,Car,Morning,Slight
Normal,Darkness - lights lit,Dry,20,Car,Afternoon,Slight
Normal,Daylight,Dry,30,Car,Night,Slight
Normal,Daylight,Dry,70,Car,Afternoon,Slight
Snowing,Darkness - lights lit,Dry,60,Pedal cycle,Morning,Slight
,Darkness - no lighting,Dry,20,Motorcycle,Morning,Slight
Normal,Daylight,Snow,30,Car,Afternoon,Slight
Raining,Daylight,Wet or damp,60,Car,Night,Slight
Normal,Daylight,Dry,30,Car,Morning,Slight
Normal,Daylight,Dry,30,Car,Morning,Slight
Normal,Daylight,Dry,20,Motorcycle,Morning,Slight
Normal,Darkness - lights lit,Dry,70,Pedal cycle,Night,Slight
Normal,Daylight,Dry,30,Car,Afternoon,Slight
Snowing,Darkness - no lighting,Flood over road,50,Pedal cycle,Night,Fatal
Normal,Darkness - lights lit,Dry,20,Motorcycle,Morning,Slight
Normal,Daylight,Wet or damp,30,Car,Morning,Slight
Normal,Daylight,Dry,20,Car,Afternoon,Slight
Normal,Darkness - lights lit,Dry,30,Goods vehicle,Morning,Slight
Normal,Daylight,Dry,40,Car,Morning,Slight
Raining,Daylight,Dry,30,Car,Afternoon,Slight
Normal,Daylight,Snow,50,Car,Afternoon,Slight
Normal,Daylight,Dry,50,Car,Afternoon,Slight
Normal,Daylight,Dry,40,Car,Afternoon,Slight
Snowing,Darkness - no lighting,Wet or damp,30,Pedal cycle,Afternoon,Fatal
Normal,Darkness - lights lit,Wet or damp,60,Goods vehicle,Night,Fatal
Normal,Daylight,,30,Car,Morning,Slight
Normal,Darkness - lights lit,Dry,50,Car,Morning,Slight
Raining,Daylight,Snow,40,Car,Afternoon,Slight
Raining,Darkness - no lighting,Wet or damp,30,Bus/Coach,Afternoon,Slight
Normal,Darkness - no lighting,Dry,30,Car,Afternoon,Slight
Raining,Daylight,Wet or damp,30,Motorcycle,Afternoon,Slight
Normal,Darkness - lighting unknown,Wet or damp,30,Pedal cycle,Afternoon,Slight
Normal,Daylight,Dry,50,Car,Afternoon,Slight
Fog or mist,Daylight,Dry,30,Bus/Coach,Night,Slight
Normal,Daylight,Wet or damp,20,Goods vehicle,Morning,Slight
Normal,Daylight,Dry,20,Car,Morning,Slight
Normal,Daylight,Wet or damp,40,Car,Morning,Slight
Normal,Daylight,Dry,20,Car,Afternoon,Slight
Fog or mist,Darkness - lights lit,Wet or damp,30,Car,Afternoon,Slight
Fog or mist,Daylight,Wet or damp,30,Goods vehicle,Afternoon,Slight
Other,Daylight,Dry,30,Car,Morning,Slight
Normal,Darkness - lights lit,Dry,50,Car,Afternoon,Slight
Normal,Daylight,,60,Goods vehicle,Morning,Slight
Raining,Darkness - no lighting,Ice,50,Motorcycle,Evening,Fatal
Normal,Daylight,Snow,30,Car,Afternoon,Slight
Normal,Darkness - lighting unknown,Snow,20,Goods vehicle,Evening,Slight
Normal,Daylight,Dry,30,Goods vehicle,Afternoon,Slight
Normal,Daylight,Dry,20,Motorcycle,Afternoon,Slight
Normal,Daylight,Snow,30,Car,Afternoon,Slight
Normal,Daylight,Dry,20,Car,Afternoon,Slight
Normal,Daylight,Snow,20,Car,Afternoon,Slight
,Darkness - lights lit,Wet or damp,20,Goods vehicle,Afternoon,Slight
Normal,Darkness - no lighting,Dry,50,Car,Afternoon,Slight
Normal,Darkness - lighting unknown,Dry,30,Goods vehicle,Evening,Slight
Normal,Daylight,Dry,20,Car,Morning,Slight
Normal,Daylight,,30,Car,Afternoon,Slight
Normal,Daylight,Snow,70,Car,Morning,Serious
Normal,Darkness - lighting unknown,Wet or damp,30,Bus/Coach,Morning,Slight
Normal,Daylight,Dry,30,Bus/Coach,Afternoon,Slight
Normal,Daylight,Dry,30,Car,Afternoon,Slight
Normal,Daylight,Dry,30,Goods vehicle,Afternoon,Slight
Raining,Daylight,Dry,30,Car,Afternoon,Slight
Fog or mist,Daylight,Dry,60,Car,Evening,Slight
Normal,Daylight,,20,Car,Morning,Slight
Normal,Daylight,,30,Bus/Coach,Morning,Slight
Normal,Daylight,Wet or damp,60,Car,Afternoon,Slight
Raining,Darkness - lights lit,Dry,70,Other,Afternoon,Slight
Normal,Daylight,Dry,30,Car,Evening,Slight
Normal,Darkness - no lighting,Wet or damp,40,Motorcycle,Evening,Serious
Snowing,Daylight,Dry,30,Other,Morning,Slight
Snowing,Darkness - lights lit,Snow,20,Goods vehicle,Afternoon,Slight
Raining,Daylight,Wet or damp,40,Motorcycle,Evening,Serious
Normal,Daylight,Dry,20,Car,Afternoon,Slight
Raining,Darkness - no lighting,Dry,70,Other,Evening,Serious
Normal,Daylight,Dry,20,Car,Morning,Slight
Normal,Daylight,Wet or damp,30,Motorcycle,Afternoon,Slight
Normal,Daylight,Snow,30,Car,Afternoon,Slight
Other,Darkness - lights lit,Dry,50,Car,Afternoon,Serious
Normal,Darkness - lights lit,Dry,70,Car,Morning,Slight
Fog or mist,Daylight,Dry,30,Car,Afternoon,Slight
Fog or mist,Daylight,Dry,30,Car,Afternoon,Slight
Normal,Darkness - lights lit,Dry,30,Car,Afternoon,Slight
Normal,Daylight,Dry,20,Car,Afternoon,Slight
Raining,Daylight,Snow,20,Other,Afternoon,Slight
Normal,Daylight,Dry,20,Car,Morning,Slight
Normal,Daylight,Dry,60,Car,Afternoon,Slight
Normal,Daylight,Snow,50,Motorcycle,Afternoon,Slight
Normal,Darkness - lights lit,Dry,30,Car,Morning,Slight
Normal,Daylight,Dry,70,Car,Afternoon,Slight
Normal,Darkness - no lighting,Wet or damp,30,Car,Evening,Serious
Normal,Daylight,Dry,30,Car,Morning,Slight
Normal,Darkness - lights lit,Dry,60,Car,Afternoon,Slight
Raining,Darkness - lighting unknown,Dry,30,Goods vehicle,Morning,Slight
Normal,Daylight,Dry,70,Car,Afternoon,Slight
Normal,Daylight,Dry,20,Bus/Coach,Afternoon,Slight
Normal,Daylight,,50,Car,Afternoon,Slight
Normal,Darkness - lights lit,Wet or damp,30,Other,Afternoon,Serious
Normal,Daylight,Dry,70,Car,Afternoon,Slight
Normal,Daylight,Wet or damp,30,Car,Afternoon,Slight
,Darkness - lights lit,Dry,30,Car,Morning,Slight
Normal,Daylight,Wet or damp,30,Goods vehicle,Evening,Slight
Normal,Darkness - lights lit,Dry,30,Car,Afternoon,Slight
Normal,Darkness - lighting unknown,Dry,30,Motorcycle,Morning,Slight
Normal,Darkness - lights lit,Dry,30,Car,Afternoon,Slight
Normal,Daylight,Wet or damp,30,Motorcycle,Morning,Slight
Normal,Daylight,Wet or damp,30,Goods vehicle,Morning,Slight
Normal,Daylight,Dry,30,Bus/Coach,Morning,Slight
Normal,Daylight,,30,Bus/Coach,Afternoon,Slight
Normal,Daylight,Wet or damp,30,Bus/Coach,Afternoon,Slight
Normal,Daylight,Dry,20,Bus/Coach,Morning,Slight
Normal,Darkness - lighting unknown,Flood over road,40,Other,Night,Serious
Fog or mist,Daylight,Dry,30,Car,Morning,Slight
Unknown,Darkness - no lighting,Snow,70,Car,Night,Fatal
,Daylight,Ice,50,Goods vehicle,Afternoon,Slight
Snowing,Daylight,Wet or damp,30,Pedal cycle,Morning,Serious
Raining,Darkness - lights lit,Flood over road,20,Motorcycle,Night,Fatal
Normal,Darkness - lights lit,Ice,20,Car,Afternoon,Slight
Normal,Daylight,Dry,50,Car,Morning,Slight
,Daylight,Dry,30,Car,Morning,Slight
Other,Darkness - lights lit,Wet or damp,20,Goods vehicle,Evening,Serious
Normal,Daylight,Dry,30,Pedal cycle,Afternoon,Slight
Normal,Daylight,Dry,30,Car,Afternoon,Slight
Normal,Daylight,Dry,30,Car,Morning,Slight
Normal,Darkness - no lighting,Dry,20,Motorcycle,Morning,Slight
Normal,Darkness - lighting unknown,Ice,30,Bus/Coach,Afternoon,Slight
Raining,Darkness - lights lit,Wet or damp,50,Motorcycle,Evening,Fatal
Normal,Darkness - lights lit,Dry,30,Car,Evening,Slight
Normal,Darkness - lights lit,Wet or damp,30,Car,Morning,Slight
Fog or mist,Daylight,Dry,40,Car,Morning,Slight
Normal,Daylight,Dry,20,Car,Morning,Slight
Normal,Darkness - lights lit,Dry,30,Car,Evening,Slight
Normal,Darkness - lights lit,Wet or damp,20,Car,Evening,Slight
Snowing,Darkness - lighting unknown,Dry,50,Car,Afternoon,Slight
Normal,Darkness - lights lit,Dry,60,Car,Morning,Slight
Snowing,Daylight,Wet or damp,20,Car,Evening,Slight
Normal,Darkness - no lighting,Dry,40,Goods vehicle,Afternoon,Slight
Raining,Darkness - lights lit,Dry,70,Goods vehicle,Afternoon,Serious
Normal,Daylight,Flood over road,20,Other,Morning,Slight
Normal,Daylight,Dry,50,Car,Morning,Slight
Raining,Darkness - lighting unknown,Dry,60,Car,Morning,Slight
Raining,Darkness - no lighting,Ice,60,Bus/Coach,Night,Fatal
Raining,Darkness - no lighting,Dry,70,Car,Afternoon,Slight
Normal,Darkness - no lighting,Wet or damp,50,Motorcycle,Evening,Slight
Normal,Darkness - no lighting,Dry,30,Car,Night,Slight
Normal,Daylight,Dry,20,Bus/Coach,Morning,Slight
Normal,Daylight,,30,Car,Night,Slight
Normal,Daylight,Dry,20,Goods vehicle,Morning,Slight
Snowing,Daylight,Dry,30,Car,Afternoon,Slight
Other,Daylight,Wet or damp,20,Car,Morning,Slight
Normal,Darkness - lighting unknown,Snow,30,Car,Afternoon,Slight
Normal,Daylight,Dry,20,Car,Night,Slight
Normal,Darkness - lighting unknown,Dry,40,Car,Afternoon,Slight
Normal,Daylight,Dry,30,Bus/Coach,Afternoon,Slight
Normal,Darkness - lights lit,Dry,30,Car,Evening,Slight
Normal,Darkness - no lighting,Dry,20,Pedal cycle,Morning,Serious
Normal,Darkness - lights lit,Dry,20,Car,Morning,Slight
Fog or mist,Daylight,Dry,60,Motorcycle,Morning,Slight
Fog or mist,Daylight,Dry,20,Car,Morning,Slight
Normal,Daylight,,20,Bus/Coach,Afternoon,Slight
Normal,Daylight,Dry,30,Car,Morning,Slight
Normal,Daylight,,20,Car,Afternoon,Slight
Normal,Darkness - lights lit,Wet or damp,20,Car,Afternoon,Slight
Other,Daylight,Wet or damp,70,Car,Morning,Slight
Normal,Daylight,Flood over road,70,Motorcycle,Afternoon,Slight
Normal,Daylight,Dry,30,Motorcycle,Morning,Slight
Normal,Daylight,Dry,20,Goods vehicle,Morning,Slight
Normal,Daylight,Dry,50,Car,Morning,Slight
Raining,Darkness - no lighting,Snow,40,Other,Afternoon,Serious
Normal,Daylight,Dry,40,Car,Afternoon,Slight
Normal,Daylight,Dry,30,Goods vehicle,Afternoon,Slight
Normal,Darkness - no lighting,Wet or damp,20,Goods vehicle,Afternoon,Fatal
Normal,Darkness - lights lit,Dry,20,Car,Morning,Slight
Snowing,Darkness - no lighting,Ice,50,Goods vehicle,Evening,Slight
Fog or mist,Darkness - no lighting,Wet or damp,60,Bus/Coach,Night,Fatal
Normal,Daylight,Dry,50,Car,Morning,Slight
Normal,Darkness - lights lit,Dry,60,Goods vehicle,Afternoon,Serious
Other,Darkness - no lighting,Ice,50,Bus/Coach,Afternoon,Serious
Normal,Darkness - lights lit,Dry,30,Car,Afternoon,Slight
Raining,Darkness - lighting unknown,Snow,30,Other,Afternoon,Slight
Normal,Darkness - lights lit,Dry,30,Bus/Coach,Afternoon,Slight
Normal,Darkness - lights lit,Dry,40,Goods vehicle,Night,Slight
Normal,Daylight,Dry,50,Pedal cycle,Night,Slight
Normal,Daylight,,60,Motorcycle,Afternoon,Slight
Normal,Daylight,,20,Car,Afternoon,Slight
Normal,Daylight,Dry,30,Pedal cycle,Afternoon,Slight
Normal,Darkness - lights lit,Dry,20,Motorcycle,Morning,Slight
Normal,Daylight,Snow,60,Goods vehicle,Evening,Slight
Normal,Daylight,Dry,30,Goods vehicle,Afternoon,Slight
Normal,Daylight,Wet or damp,30,Pedal cycle,Morning,Slight
Normal,Darkness - lights lit,Flood over road,50,Motorcycle,Evening,Serious
Normal,Daylight,Dry,60,Goods vehicle,Morning,Slight
Normal,Daylight,Snow,40,Car,Evening,Serious
Snowing,Darkness - lights lit,Wet or damp,60,Goods vehicle,Night,Fatal
Fog or mist,Darkness - lights lit,Wet or damp,50,Bus/Coach,Afternoon,Serious
Normal,Darkness - lights lit,Dry,50,Car,Afternoon,Slight
Raining,Daylight,Dry,20,Car,Evening,Slight
Normal,Daylight,Wet or damp,30,Car,Morning,Slight
Normal,Daylight,Dry,20,Car,Evening,Slight
Normal,Darkness - lights lit,Dry,50,Pedal cycle,Night,Slight
Normal,Darkness - lights lit,Dry,20,Car,Evening,Slight
Normal,Daylight,Dry,20,Car,Afternoon,Slight
,Daylight,Snow,30,Car,Afternoon,Slight
Raining,Daylight,Wet or damp,20,Car,Evening,Serious
Raining,Daylight,Dry,40,Goods vehicle,Night,Serious
Fog or mist,Darkness - no lighting,Ice,50,Car,Morning,Fatal
Normal,Darkness - lights lit,Dry,50,Pedal cycle,Night,Slight
Snowing,Darkness - lights lit,Wet or damp,60,Pedal cycle,Night,Serious
Normal,Darkness - lighting unknown,Ice,30,Motorcycle,Evening,Slight
Raining,Daylight,Dry,30,Motorcycle,Morning,Slight
Fog or mist,Daylight,Dry,40,Car,Evening,Slight
Raining,Daylight,Snow,30,Car,Night,Slight
Raining,Daylight,Dry,30,Car,Afternoon,Slight
Raining,Darkness - lights lit,Wet or damp,70,Motorcycle,Evening,Fatal
Normal,Darkness - lights lit,Dry,30,Car,Afternoon,Serious
Normal,Daylight,Dry,20,Car,Morning,Slight
Snowing,Darkness - no lighting,Ice,60,Goods vehicle,Night,Fatal
Fog or mist,Daylight,,20,Goods vehicle,Afternoon,Slight
Raining,Darkness - lights lit,,50,Goods vehicle,Afternoon,Serious
Normal,Daylight,Dry,50,Goods vehicle,Afternoon,Slight
Raining,Daylight,Dry,20,Car,Afternoon,Slight
Fog or mist,Daylight,Dry,30,Car,Afternoon,Slight
Normal,Daylight,Dry,40,Bus/Coach,Afternoon,Slight
Raining,Daylight,Wet or damp,50,Car,Afternoon,Serious
Raining,Darkness - lights lit,Wet or damp,20,Motorcycle,Afternoon,Slight
Normal,Daylight,Dry,50,Car,Morning,Slight
Raining,Daylight,Dry,30,Car,Morning,Slight
Normal,Daylight,Dry,50,Car,Night,Slight
Raining,Darkness - no lighting,Wet or damp,40,Motorcycle,Evening,Serious
Normal,Darkness - lights lit,Dry,70,Car,Night,Slight
Normal,Darkness - lights lit,Wet or damp,30,Bus/Coach,Morning,Slight
Fog or mist,Daylight,Dry,30,Car,Morning,Slight
Normal,Daylight,Dry,70,Other,Afternoon,Slight
Normal,Darkness - lights lit,Dry,70,Car,Evening,Slight
Normal,Darkness - lights lit,Wet or damp,30,Car,Evening,Slight
Normal,Daylight,Dry,30,Goods vehicle,Afternoon,Slight
Normal,Daylight,Dry,20,Car,Morning,Slight
Normal,Daylight,Dry,70,Car,Afternoon,Slight
Normal,Daylight,Dry,30,Bus/Coach,Night,Slight
Normal,Darkness - lights lit,Dry,50,Motorcycle,Afternoon,Serious
Raining,Darkness - lights lit,Dry,40,Goods vehicle,Morning,Slight
Raining,Daylight,Dry,30,Other,Night,Slight
Normal,Daylight,Dry,30,Bus/Coach,Evening,Slight
Normal,Darkness - no lighting,Wet or damp,30,Motorcycle,Night,Serious
Unknown,Daylight,Dry,20,Car,Afternoon,Slight
Normal,Daylight,Wet or damp,30,Car,Afternoon,Slight
Fog or mist,Darkness - lights lit,Dry,50,Pedal cycle,Afternoon,Slight
Unknown,Daylight,Dry,20,Car,Night,Slight
Raining,Daylight,Snow,30,Car,Afternoon,Slight
Normal,Darkness - no lighting,Dry,60,Car,Morning,Slight
Fog or mist,Daylight,Dry,20,Motorcycle,Morning,Slight
Raining,Daylight,Dry,40,Bus/Coach,Morning,Slight
Fog or mist,Daylight,Wet or damp,50,Goods vehicle,Morning,Slight
Normal,Darkness - lighting unknown,Wet or damp,60,Goods vehicle,Evening,Fatal
,Darkness - lights lit,Dry,30,Car,Morning,Slight
Normal,Daylight,Wet or damp,50,Car,Morning,Slight
Snowing,Daylight,Dry,70,Motorcycle,Evening,Slight
Normal,Daylight,Dry,30,Car,Morning,Slight
Fog or mist,Darkness - lights lit,Snow,30,Motorcycle,Afternoon,Serious
Normal,Daylight,Dry,20,Pedal cycle,Morning,Slight
Normal,Daylight,Dry,30,Car,Morning,Slight
Normal,Darkness - lights lit,Dry,30,Bus/Coach,Morning,Slight
Normal,Darkness - lights lit,Wet or damp,30,Car,Afternoon,Slight
,Darkness - lights lit,Dry,30,Car,Morning,Slight
Raining,Darkness - lighting unknown,Dry,20,Bus/Coach,Evening,Slight
,Darkness - lights lit,Wet or damp,20,Bus/Coach,Evening,Serious
Normal,Darkness - lights lit,Dry,20,Goods vehicle,Afternoon,Slight
Normal,Darkness - no lighting,Dry,30,Other,Night,Slight
Normal,Darkness - lighting unknown,Flood over road,20,Car,Afternoon,Slight
Normal,Daylight,Ice,20,Pedal cycle,Evening,Slight
Normal,Darkness - lights lit,Wet or damp,70,Motorcycle,Morning,Serious
Normal,Darkness - lighting unknown,,30,Car,Evening,Slight
Fog or mist,Daylight,Dry,30,Car,Morning,Slight
Normal,Daylight,Dry,30,Car,Afternoon,Slight
Normal,Daylight,Dry,30,Car,Night,Slight
,Darkness - lights lit,Wet or damp,50,Car,Afternoon,Serious
Normal,Daylight,Wet or damp,30,Car,Morning,Slight
Normal,Daylight,Dry,30,Motorcycle,Night,Slight
Normal,Darkness - lights lit,Dry,30,Car,Morning,Slight
Normal,Daylight,Dry,40,Car,Afternoon,Slight
Normal,Darkness - lights lit,Wet or damp,70,Car,Morning,Slight
Normal,Daylight,Dry,40,Car,Afternoon,Slight
Normal,Daylight,Dry,20,Car,Morning,Slight
Other,Daylight,Wet or damp,70,Car,Morning,Slight
Raining,Darkness - lighting unknown,Wet or damp,50,Pedal cycle,Evening,Serious
Normal,Darkness - lights lit,Wet or damp,30,Car,Afternoon,Slight
Normal,Daylight,,30,Car,Evening,Slight
Normal,Darkness - no lighting,Wet or damp,20,Goods vehicle,Afternoon,Slight
Normal,Darkness - lights lit,Wet or damp,40,Car,Morning,Serious
Normal,Daylight,Wet or damp,30,Car,Afternoon,Slight
Normal,Daylight,Dry,30,Other,Morning,Slight
Normal,Daylight,Dry,50,Car,Morning,Slight
Normal,Daylight,Dry,70,Car,Night,Slight
Normal,Darkness - lights lit,Dry,30,Car,Morning,Slight
Normal,Daylight,Snow,30,Car,Morning,Slight
Normal,Darkness - lights lit,Flood over road,50,Bus/Coach,Afternoon,Serious
Normal,Darkness - no lighting,Dry,20,Car,Morning,Slight
Raining,Darkness - no lighting,Dry,20,Car,Night,Slight
Normal,Daylight,Flood over road,20,Car,Afternoon,Slight
Normal,Daylight,Dry,30,Car,Evening,Slight
,Darkness - no lighting,Snow,30,Bus/Coach,Afternoon,Fatal
Raining,Daylight,Dry,40,Pedal cycle,Afternoon,Slight
Normal,Darkness - lighting unknown,Dry,50,Pedal cycle,Afternoon,Slight
Raining,Darkness - lighting unknown,Snow,40,Car,Evening,Serious
Fog or mist,Darkness - no lighting,Dry,40,Bus/Coach,Evening,Serious
Normal,Daylight,Dry,30,Motorcycle,Morning,Slight
Normal,Darkness - no lighting,Dry,50,Pedal cycle,Morning,Serious
Normal,Daylight,Ice,70,Car,Night,Fatal
Normal,Darkness - lights lit,Dry,20,Goods vehicle,Afternoon,Slight
Snowing,Darkness - lights lit,,50,Car,Afternoon,Slight
Fog or mist,Darkness - no lighting,Snow,60,Car,Night,Fatal
Snowing,Darkness - lights lit,Dry,60,Car,Morning,Serious
Fog or mist,Darkness - no lighting,Dry,50,Motorcycle,Night,Fatal
Raining,Daylight,Dry,50,Bus/Coach,Night,Slight
Normal,Darkness - lighting unknown,Dry,70,Goods vehicle,Evening,Serious
Normal,Daylight,Wet or damp,30,Car,Night,Slight
Raining,Daylight,Dry,50,Motorcycle,Morning,Slight
Snowing,Daylight,Dry,50,Goods vehicle,Afternoon,Slight
Normal,Darkness - lights lit,Dry,30,Bus/Coach,Evening,Slight
Normal,Daylight,Wet or damp,40,Car,Morning,Slight
Fog or mist,Darkness - lights lit,Dry,70,Car,Afternoon,Slight
Fog or mist,Daylight,Dry,20,Car,Morning,Slight
Other,Daylight,Dry,20,Bus/Coach,Afternoon,Slight
Snowing,Darkness - lights lit,Ice,20,Car,Night,Slight
Fog or mist,Darkness - lights lit,Snow,60,Car,Evening,Serious
Normal,Daylight,Wet or damp,60,Goods vehicle,Evening,Serious
Raining,Darkness - no lighting,Dry,50,Car,Morning,Serious
Normal,Darkness - lights lit,Dry,20,Other,Morning,Slight
Other,Darkness - no lighting,Dry,60,Goods vehicle,Evening,Fatal
Raining,Daylight,Dry,60,Pedal cycle,Morning,Slight
Normal,Daylight,Dry,50,Other,Morning,Slight
Normal,Daylight,Dry,20,Car,Evening,Slight
Normal,Daylight,Wet or damp,30,Car,Morning,Slight
Normal,Daylight,Wet or damp,60,Car,Afternoon,Slight
Unknown,Daylight,Dry,30,Car,Morning,Slight
Normal,Daylight,Dry,30,Motorcycle,Afternoon,Slight
Normal,Darkness - lights lit,Dry,60,Goods vehicle,Morning,Slight
Raining,Darkness - lights lit,Ice,40,Goods vehicle,Evening,Serious
Normal,Daylight,Dry,60,Car,Afternoon,Slight
Normal,Daylight,,30,Goods vehicle,Afternoon,Slight
Normal,Darkness - lights lit,Dry,20,Car,Evening,Slight
Fog or mist,Daylight,Flood over road,20,Car,Afternoon,Slight
Normal,Darkness - no lighting,Snow,30,Car,Night,Slight
Fog or mist,Darkness - no lighting,Dry,20,Car,Evening,Slight
Raining,Daylight,Dry,70,Motorcycle,Evening,Serious
Fog or mist,Darkness - lights lit,Wet or damp,50,Car,Evening,Serious
Raining,Darkness - lighting unknown,Ice,30,Car,Morning,Slight
,Darkness - lights lit,Dry,30,Car,Morning,Slight
Normal,Daylight,Dry,30,Car,Morning,Slight
Normal,Darkness - lights lit,Dry,20,Car,Afternoon,Slight
Normal,Daylight,Snow,60,Bus/Coach,Morning,Slight
Normal,Daylight,Dry,30,Car,Afternoon,Slight
Raining,Darkness - lights lit,Dry,30,Bus/Coach,Night,Slight
Normal,Darkness - lights lit,Dry,50,Bus/Coach,Afternoon,Slight
Normal,Daylight,Dry,30,Bus/Coach,Afternoon,Slight
Normal,Daylight,Wet or damp,40,Goods vehicle,Morning,Slight
Fog or mist,Daylight,Dry,40,Car,Afternoon,Slight
,Daylight,Dry,30,Car,Afternoon,Slight
Normal,Daylight,Dry,20,Car,Evening,Slight
Normal,Daylight,Dry,40,Pedal cycle,Afternoon,Slight
Normal,Daylight,Wet or damp,30,Car,Evening,Slight
Fog or mist,Daylight,Dry,30,Motorcycle,Afternoon,Serious
Normal,Darkness - lights lit,Snow,30,Car,Evening,Serious
Other,Darkness - lights lit,Wet or damp,30,Car,Evening,Slight
Normal,Darkness - lights lit,Wet or damp,70,Car,Evening,Serious
Snowing,Darkness - lights lit,Flood over road,30,Car,Afternoon,Serious
Normal,Daylight,Wet or damp,30,Bus/Coach,Morning,Slight
Normal,Daylight,Dry,20,Car,Morning,Slight
Normal,Darkness - lights lit,Dry,30,Car,Afternoon,Slight
Normal,Daylight,Dry,20,Car,Night,Slight
Normal,Daylight,Wet or damp,20,Car,Afternoon,Slight
Unknown,Daylight,Dry,20,Bus/Coach,Morning,Slight
Normal,Daylight,,30,Car,Morning,Slight
Raining,Darkness - lighting unknown,Dry,30,Car,Morning,Serious
Normal,Darkness - lights lit,Dry,30,Bus/Coach,Morning,Slight
Raining,Daylight,Ice,40,Bus/Coach,Night,Serious
Fog or mist,Darkness - lights lit,Snow,30,Pedal cycle,Afternoon,Serious
Snowing,Darkness - lights lit,Ice,30,Car,Night,Slight
Snowing,Darkness - lights lit,Wet or damp,30,Goods vehicle,Morning,Slight
Normal,Daylight,Snow,70,Goods vehicle,Evening,Fatal
Raining,Daylight,Dry,30,Goods vehicle,Night,Slight
Normal,Daylight,Dry,30,Car,Afternoon,Slight
Normal,Daylight,Dry,50,Car,Afternoon,Slight
Normal,Daylight,Dry,30,Car,Afternoon,Slight
Normal,Darkness - lights lit,Dry,20,Car,Morning,Slight
Normal,Darkness - lights lit,Wet or damp,30,Car,Morning,Slight
Normal,Daylight,Wet or damp,30,Car,Night,Slight
Fog or mist,Darkness - lights lit,Dry,20,Pedal cycle,Afternoon,Slight
Normal,Daylight,Dry,20,Car,Morning,Slight
Normal,Daylight,Dry,60,Car,Afternoon,Slight
Normal,Darkness - lights lit,Dry,30,Pedal cycle,Afternoon,Slight
Fog or mist,Darkness - lights lit,Ice,20,Other,Afternoon,Slight
Normal,Daylight,Dry,30,Car,Morning,Slight
Fog or mist,Darkness - no lighting,Ice,60,Car,Night,Fatal
Normal,Daylight,,30,Car,Afternoon,Slight
Normal,Darkness - no lighting,Wet or damp,40,Car,Afternoon,Slight
Raining,Darkness - lights lit,Dry,30,Car,Morning,Slight
Normal,Daylight,Wet or damp,30,Other,Afternoon,Slight
Fog or mist,Darkness - no lighting,Snow,70,Bus/Coach,Night,Fatal
Snowing,Daylight,Dry,30,Car,Night,Slight
Normal,Daylight,Wet or damp,20,Car,Morning,Slight
Snowing,Darkness - lights lit,Ice,70,Motorcycle,Morning,Serious
Normal,Daylight,Dry,30,Car,Afternoon,Slight
Normal,Darkness - lights lit,Dry,40,Car,Afternoon,Slight
Normal,Daylight,Dry,20,Goods vehicle,Afternoon,Slight
Fog or mist,Darkness - no lighting,Snow,30,Pedal cycle,Afternoon,Fatal
Snowing,Daylight,Dry,30,Other,Night,Slight
Snowing,Daylight,Dry,30,Car,Morning,Slight
Normal,Daylight,Dry,50,Car,Morning,Slight
Raining,Daylight,Dry,20,Car,Morning,Slight
Normal,Darkness - lights lit,Dry,40,Car,Morning,Slight
Fog or mist,Daylight,Dry,20,Car,Afternoon,Slight
Raining,Darkness - lights lit,Dry,30,Car,Afternoon,Slight
Normal,Darkness - lights lit,,20,Bus/Coach,Morning,Slight
Normal,Darkness - lights lit,Dry,30,Car,Morning,Slight
Normal,Darkness - lights lit,Dry,30,Car,Afternoon,Slight
Snowing,Darkness - no lighting,Wet or damp,70,Car,Morning,Slight
Normal,Daylight,Dry,20,Car,Afternoon,Slight
Normal,Darkness - lights lit,Dry,50,Goods vehicle,Afternoon,Slight
Raining,Daylight,Dry,30,Motorcycle,Afternoon,Slight
Normal,Daylight,,30,Car,Afternoon,Slight
Normal,Daylight,Dry,20,Car,Afternoon,Slight
Normal,Darkness - lights lit,Ice,20,Car,Night,Serious
Normal,Daylight,Dry,20,Car,Afternoon,Slight
Normal,Daylight,,30,Car,Afternoon,Slight
Normal,Daylight,Wet or damp,30,Motorcycle,Evening,Slight
Snowing,Darkness - no lighting,Ice,40,Motorcycle,Night,Fatal
Unknown,Darkness - no lighting,Snow,60,Motorcycle,Night,Fatal
Raining,Daylight,Dry,30,Car,Morning,Slight
,Darkness - lights lit,Dry,20,Car,Morning,Slight
Raining,Daylight,Dry,20,Bus/Coach,Evening,Slight
Normal,Daylight,Wet or damp,20,Car,Morning,Slight
Normal,Darkness - lights lit,Dry,50,Goods vehicle,Afternoon,Slight
Normal,Darkness - lights lit,Dry,50,Motorcycle,Night,Slight
Normal,Darkness - lights lit,Dry,20,Goods vehicle,Night,Serious
Raining,Darkness - lights lit,Snow,50,Car,Night,Fatal
,Darkness - lights lit,Wet or damp,50,Car,Night,Serious
,Darkness - lights lit,Dry,40,Car,Afternoon,Slight
Raining,Darkness - lighting unknown,Dry,30,Goods vehicle,Afternoon,Slight
Raining,Darkness - no lighting,Ice,60,Pedal cycle,Afternoon,Serious
Normal,Daylight,Dry,70,Car,Evening,Slight
Normal,Daylight,Dry,50,Car,Evening,Serious
Normal,Daylight,Dry,50,Other,Evening,Slight
Normal,Daylight,Dry,30,Car,Morning,Slight
Unknown,Darkness - lights lit,Dry,60,Pedal cycle,Evening,Slight
Normal,Daylight,Dry,60,Bus/Coach,Morning,Slight
Normal,Darkness - lights lit,Dry,40,Car,Morning,Slight
Normal,Darkness - lights lit,Dry,70,Goods vehicle,Morning,Slight
Normal,Daylight,Dry,30,Other,Morning,Slight
Normal,Daylight,,30,Car,Morning,Slight
Other,Darkness - no lighting,Dry,30,Bus/Coach,Night,Serious
Normal,Darkness - lights lit,Dry,50,Other,Night,Slight
Normal,Daylight,Dry,30,Motorcycle,Morning,Slight
Normal,Darkness - lighting unknown,Wet or damp,40,Car,Afternoon,Slight
Normal,Daylight,Wet or damp,20,Car,Night,Slight
Raining,Daylight,Wet or damp,40,Pedal cycle,Evening,Serious
Raining,Daylight,Dry,30,Car,Evening,Slight
Normal,Daylight,Flood over road,60,Goods vehicle,Morning,Slight
Normal,Daylight,Dry,20,Car,Afternoon,Slight
Raining,Daylight,Dry,30,Other,Morning,Slight
Normal,Daylight,,30,Car,Morning,Slight
Normal,Daylight,,50,Car,Morning,Slight
,Darkness - lights lit,Wet or damp,40,Car,Night,Slight
Normal,Daylight,Dry,20,Other,Afternoon,Slight
Normal,Daylight,,40,Car,Afternoon,Slight
Raining,Daylight,Wet or damp,40,Other,Evening,Serious
Normal,Daylight,Dry,20,Motorcycle,Evening,Slight
Raining,Daylight,Dry,20,Motorcycle,Night,Slight
Normal,Daylight,Dry,20,Bus/Coach,Morning,Slight
Normal,Darkness - lights lit,Dry,20,Car,Afternoon,Slight
Raining,Daylight,Snow,40,Motorcycle,Afternoon,Fatal
Normal,Darkness - no lighting,Flood over road,70,Motorcycle,Night,Serious
Normal,Darkness - lights lit,Dry,20,Bus/Coach,Afternoon,Slight
Fog or mist,Darkness - lights lit,Dry,50,Motorcycle,Morning,Serious
Normal,Daylight,Dry,20,Car,Morning,Slight
Fog or mist,Daylight,Dry,50,Car,Afternoon,Slight
Raining,Daylight,Dry,30,Bus/Coach,Afternoon,Slight
Normal,Darkness - lights lit,Dry,20,Goods vehicle,Evening,Slight
Snowing,Darkness - no lighting,Ice,30,Pedal cycle,Evening,Fatal
Normal,Daylight,Dry,20,Motorcycle,Afternoon,Slight
Normal,Daylight,Dry,40,Car,Afternoon,Serious
Raining,Daylight,Dry,20,Car,Morning,Slight
Normal,Darkness - lights lit,Wet or damp,30,Car,Evening,Slight
Raining,Daylight,Wet or damp,50,Motorcycle,Afternoon,Slight
Normal,Darkness - lights lit,,60,Pedal cycle,Afternoon,Slight
Normal,Darkness - no lighting,Dry,30,Car,Morning,Slight
Raining,Daylight,Wet or damp,30,Car,Morning,Slight
Raining,Darkness - lights lit,Wet or damp,70,Motorcycle,Evening,Serious
Normal,Daylight,Dry,20,Car,Morning,Slight
Unknown,Darkness - lights lit,Wet or damp,40,Bus/Coach,Evening,Serious
Normal,Daylight,Dry,40,Pedal cycle,Afternoon,Slight
Raining,Daylight,Wet or damp,50,Car,Morning,Slight
Normal,Daylight,Wet or damp,30,Car,Afternoon,Slight
Raining,Daylight,Dry,40,Motorcycle,Morning,Slight
Normal,Darkness - lights lit,Dry,20,Goods vehicle,Morning,Slight
Normal,Daylight,Dry,30,Car,Afternoon,Slight
Normal,Darkness - no lighting,Dry,60,Motorcycle,Afternoon,Serious
Normal,Daylight,Dry,20,Bus/Coach,Night,Slight
Normal,Daylight,Dry,30,Bus/Coach,Morning,Slight
Normal,Darkness - lights lit,Dry,30,Bus/Coach,Morning,Slight
Normal,Daylight,Dry,30,Car,Morning,Slight
Snowing,Daylight,Snow,50,Car,Afternoon,Serious
Snowing,Darkness - no lighting,Wet or damp,50,Motorcycle,Evening,Serious
Normal,Daylight,Dry,20,Car,Evening,Slight
Fog or mist,Darkness - lights lit,Wet or damp,40,Bus/Coach,Night,Fatal
Fog or mist,Daylight,Dry,70,Pedal cycle,Afternoon,Serious
Normal,Daylight,Dry,30,Motorcycle,Morning,Slight
Raining,Darkness - no lighting,Snow,60,Car,Night,Fatal
Normal,Daylight,Dry,60,Motorcycle,Morning,Slight
Normal,Daylight,Dry,50,Motorcycle,Morning,Serious
Normal,Daylight,Wet or damp,30,Motorcycle,Afternoon,Slight
Normal,Daylight,Dry,40,Car,Afternoon,Slight
Normal,Daylight,,30,Car,Afternoon,Slight
Normal,Daylight,Dry,30,Motorcycle,Afternoon,Slight
Normal,Daylight,Dry,20,Bus/Coach,Afternoon,Slight
Unknown,Darkness - no lighting,Dry,50,Car,Morning,Slight
Other,Darkness - lights lit,Dry,30,Car,Afternoon,Slight
Normal,Daylight,Wet or damp,30,Car,Afternoon,Slight
Other,Darkness - lights lit,Dry,20,Car,Afternoon,Slight
Normal,Darkness - no lighting,Wet or damp,30,Car,Afternoon,Slight
Snowing,Daylight,Dry,20,Car,Afternoon,Slight
Normal,Daylight,Dry,30,Other,Morning,Slight
Normal,Daylight,Dry,30,Goods vehicle,Evening,Slight
Normal,Daylight,Dry,40,Car,Morning,Slight
Fog or mist,Daylight,Wet or damp,30,Motorcycle,Morning,Slight
Raining,Daylight,Dry,30,Motorcycle,Afternoon,Slight
Raining,Daylight,Dry,20,Car,Afternoon,Slight
Raining,Darkness - lights lit,Dry,20,Car,Morning,Slight
Normal,Daylight,Dry,20,Car,Afternoon,Slight
,Daylight,Wet or damp,20,Goods vehicle,Morning,Slight
Normal,Daylight,Wet or damp,30,Motorcycle,Morning,Slight
Raining,Daylight,Dry,20,Car,Night,Serious
Normal,Daylight,Dry,20,Car,Morning,Slight
Normal,Darkness - no lighting,Dry,30,Pedal cycle,Afternoon,Slight
Normal,Darkness - lights lit,Dry,30,Car,Afternoon,Slight
Raining,Daylight,Wet or damp,70,Bus/Coach,Afternoon,Serious
Raining,Darkness - lighting unknown,Wet or damp,70,Car,Night,Fatal
,Darkness - lights lit,Dry,20,Car,Afternoon,Slight
Normal,Daylight,Dry,40,Goods vehicle,Morning,Slight
Other,Daylight,Wet or damp,40,Motorcycle,Evening,Serious
,Daylight,Dry,40,Car,Evening,Slight
Normal,Darkness - lights lit,Dry,20,Other,Afternoon,Slight
Normal,Darkness - lights lit,,20,Goods vehicle,Afternoon,Slight
Raining,Darkness - no lighting,Wet or damp,60,Car,Evening,Fatal
Normal,Darkness - lighting unknown,Dry,30,Motorcycle,Afternoon,Slight
Raining,Darkness - lighting unknown,Wet or damp,50,Car,Afternoon,Slight
Normal,Daylight,Dry,30,Car,Morning,Slight
Fog or mist,Daylight,Dry,30,Goods vehicle,Night,Slight
Normal,Darkness - lights lit,Flood over road,40,Car,Afternoon,Serious
Raining,Darkness - lighting unknown,Wet or damp,70,Car,Afternoon,Fatal
Normal,Daylight,Ice,20,Car,Afternoon,Slight
Snowing,Darkness - lights lit,Snow,30,Car,Evening,Serious
Raining,Darkness - lights lit,Wet or damp,40,Pedal cycle,Afternoon,Serious
Raining,Daylight,Wet or damp,60,Car,Afternoon,Slight
Normal,Darkness - lights lit,Dry,40,Goods vehicle,Morning,Slight
Raining,Darkness - lights lit,Dry,30,Car,Evening,Slight
Normal,Daylight,Dry,20,Pedal cycle,Evening,Slight
Normal,Daylight,Wet or damp,40,Other,Morning,Slight
Normal,Darkness - lights lit,Dry,20,Goods vehicle,Afternoon,Slight
Snowing,Daylight,Dry,30,Goods vehicle,Afternoon,Slight
Normal,Darkness - lights lit,Dry,70,Bus/Coach,Morning,Slight
Normal,Darkness - lighting unknown,Dry,20,Car,Morning,Slight
,Daylight,Dry,50,Car,Night,Slight
Normal,Daylight,Dry,30,Pedal cycle,Afternoon,Slight
Raining,Daylight,Dry,20,Car,Morning,Slight
Normal,Darkness - lights lit,Dry,40,Motorcycle,Afternoon,Serious
Fog or mist,Daylight,Dry,50,Other,Afternoon,Slight
Normal,Daylight,Dry,70,Car,Morning,Slight
Normal,Daylight,Ice,30,Pedal cycle,Morning,Slight
Fog or mist,Daylight,,30,Car,Afternoon,Slight
Fog or mist,Daylight,Dry,30,Bus/Coach,Morning,Slight
Normal,Daylight,Wet or damp,20,Motorcycle,Afternoon,Slight
Normal,Darkness - lights lit,Flood over road,30,Car,Morning,Slight
Normal,Daylight,Dry,50,Car,Afternoon,Slight
Raining,Daylight,Dry,30,Car,Afternoon,Slight
Unknown,Darkness - no lighting,Dry,20,Car,Evening,Slight
Normal,Darkness - no lighting,Wet or damp,40,Motorcycle,Evening,Serious
Normal,Daylight,Snow,30,Car,Afternoon,Slight
Normal,Darkness - lights lit,Wet or damp,70,Motorcycle,Night,Fatal
,Daylight,Dry,20,Car,Afternoon,Slight
Normal,Darkness - no lighting,Ice,30,Motorcycle,Evening,Serious
Normal,Daylight,Dry,20,Car,Afternoon,Slight
Normal,Daylight,Flood over road,20,Car,Morning,Slight
Normal,Darkness - lighting unknown,Dry,30,Car,Morning,Slight
Raining,Daylight,Dry,20,Car,Afternoon,Slight
Raining,Daylight,Dry,70,Car,Morning,Slight
Normal,Darkness - lights lit,Ice,50,Car,Evening,Serious
Raining,Darkness - lights lit,Flood over road,70,Motorcycle,Morning,Serious
Normal,Daylight,Dry,40,Car,Night,Slight
Normal,Darkness - lights lit,Dry,30,Pedal cycle,Afternoon,Slight
Normal,Daylight,Dry,30,Goods vehicle,Afternoon,Slight
Fog or mist,Darkness - no lighting,Snow,60,Car,Morning,Fatal
Other,Daylight,Wet or damp,30,Car,Afternoon,Slight
Snowing,Darkness - no lighting,Dry,50,Car,Morning,Slight
Raining,Daylight,Dry,20,Other,Afternoon,Slight
Unknown,Daylight,Dry,20,Car,Morning,Slight
Fog or mist,Daylight,Dry,30,Motorcycle,Night,Slight
Raining,Daylight,Dry,30,Car,Afternoon,Slight
Normal,Darkness - lighting unknown,Flood over road,30,Car,Afternoon,Slight
Unknown,Daylight,Dry,20,Bus/Coach,Morning,Slight
Normal,Darkness - lighting unknown,Flood over road,50,Bus/Coach,Morning,Serious
Snowing,Daylight,Wet or damp,20,Bus/Coach,Morning,Serious
Normal,Daylight,Snow,40,Car,Night,Slight
Raining,Daylight,Wet or damp,60,Bus/Coach,Evening,Serious
Normal,Daylight,Ice,20,Motorcycle,Night,Fatal
Normal,Daylight,Dry,30,Motorcycle,Morning,Slight
Normal,Daylight,Dry,30,Pedal cycle,Afternoon,Slight
Normal,Daylight,Dry,20,Bus/Coach,Afternoon,Slight
Fog or mist,Darkness - lights lit,Snow,40,Car,Afternoon,Serious
Normal,Daylight,Ice,50,Car,Morning,Slight
Normal,Daylight,Wet or damp,20,Car,Night,Slight
Normal,Daylight,,50,Motorcycle,Afternoon,Slight
Raining,Daylight,Dry,60,Goods vehicle,Afternoon,Slight
Normal,Darkness - no lighting,Dry,20,Car,Morning,Slight
Normal,Daylight,Dry,20,Car,Morning,Slight
Normal,Daylight,Dry,30,Car,Night,Slight
Raining,Daylight,Dry,30,Motorcycle,Morning,Slight
Raining,Daylight,Dry,30,Car,Morning,Slight
Normal,Darkness - no lighting,Dry,30,Car,Morning,Slight
Normal,Daylight,Wet or damp,30,Car,Night,Slight
Raining,Darkness - no lighting,Dry,50,Car,Evening,Slight
Unknown,Daylight,Dry,50,Car,Morning,Slight
Normal,Daylight,Wet or damp,30,Car,Afternoon,Slight
Normal,Daylight,Dry,30,Car,Morning,Slight
Normal,Daylight,Flood over road,30,Car,Morning,Slight
Normal,Daylight,Dry,20,Car,Afternoon,Slight
Normal,Daylight,Wet or damp,20,Car,Morning,Slight
Normal,Daylight,Dry,60,Motorcycle,Afternoon,Slight
Snowing,Daylight,Dry,30,Goods vehicle,Morning,Slight
Other,Daylight,Dry,30,Car,Evening,Slight
Normal,Daylight,Dry,30,Car,Night,Slight
,Darkness - no lighting,Dry,20,Car,Morning,Slight
Normal,Darkness - lighting unknown,Wet or damp,50,Car,Morning,Slight
Normal,Daylight,Wet or damp,30,Car,Afternoon,Slight
Normal,Daylight,Dry,30,Car,Evening,Slight
Normal,Darkness - lights lit,Wet or damp,30,Pedal cycle,Night,Serious
Fog or mist,Daylight,,30,Car,Morning,Slight
Normal,Daylight,Dry,20,Car,Afternoon,Slight
Fog or mist,Daylight,Dry,40,Car,Afternoon,Slight
Snowing,Darkness - no lighting,Flood over road,40,Car,Evening,Fatal
Raining,Darkness - lights lit,Dry,40,Bus/Coach,Morning,Slight
Normal,Daylight,Dry,20,Car,Afternoon,Slight
Other,Darkness - no lighting,Ice,20,Goods vehicle,Evening,Fatal
Normal,Darkness - lights lit,Dry,20,Car,Morning,Slight
,Daylight,Wet or damp,70,Car,Morning,Slight
Normal,Darkness - lights lit,Dry,30,Car,Afternoon,Slight
Raining,Darkness - lighting unknown,Dry,20,Other,Night,Fatal
Normal,Daylight,Wet or damp,50,Car,Afternoon,Slight
Normal,Daylight,Dry,20,Car,Morning,Slight
Normal,Daylight,Dry,20,Car,Night,Slight
Normal,Daylight,Dry,30,Car,Morning,Slight
Normal,Darkness - lights lit,,30,Car,Afternoon,Serious
Raining,Daylight,Dry,50,Other,Afternoon,Slight
Raining,Darkness - no lighting,Wet or damp,60,Motorcycle,Evening,Serious
Snowing,Darkness - lighting unknown,Dry,30,Car,Morning,Slight
Raining,Darkness - lights lit,Wet or damp,40,Car,Afternoon,Serious
Normal,Daylight,,50,Car,Evening,Slight
Normal,Daylight,,50,Pedal cycle,Morning,Slight
,Daylight,Dry,30,Car,Afternoon,Slight
Snowing,Darkness - no lighting,Dry,40,Other,Morning,Serious
Normal,Daylight,Wet or damp,60,Car,Evening,Slight
Normal,Daylight,Dry,30,Other,Morning,Slight
Other,Daylight,Dry,20,Car,Morning,Slight
Normal,Darkness - lights lit,Wet or damp,20,Car,Afternoon,Slight
Raining,Daylight,Ice,20,Car,Morning,Slight
Normal,Darkness - no lighting,Dry,20,Car,Afternoon,Slight
Raining,Darkness - lights lit,Dry,30,Goods vehicle,Morning,Slight
Normal,Daylight,Dry,30,Car,Afternoon,Slight
Normal,Darkness - lights lit,Dry,20,Other,Morning,Slight
Other,Darkness - lights lit,Dry,60,Car,Morning,Slight
Snowing,Daylight,Flood over road,20,Goods vehicle,Night,Slight
Other,Daylight,Ice,60,Car,Afternoon,Slight
Normal,Daylight,Dry,30,Car,Night,Slight
Normal,Daylight,Dry,60,Car,Morning,Slight
Normal,Daylight,Dry,30,Motorcycle,Night,Slight
Normal,Daylight,,60,Car,Night,Slight
Raining,Darkness - no lighting,Snow,50,Car,Evening,Fatal
Fog or mist,Darkness - lights lit,Wet or damp,40,Motorcycle,Evening,Serious
Normal,Daylight,Dry,30,Car,Afternoon,Slight
,Darkness - lighting unknown,Dry,60,Car,Afternoon,Slight
Normal,Darkness - lighting unknown,Dry,30,Goods vehicle,Morning,Slight
Snowing,Darkness - lighting unknown,Snow,60,Motorcycle,Night,Fatal
Normal,Daylight,Dry,20,Pedal cycle,Afternoon,Slight
Snowing,Darkness - lights lit,Dry,30,Other,Morning,Slight
Normal,Daylight,Ice,30,Car,Night,Slight
Normal,Daylight,Snow,20,Car,Morning,Slight
Fog or mist,Darkness - no lighting,Ice,70,Other,Night,Fatal
Normal,Darkness - lights lit,Ice,50,Other,Morning,Serious
Normal,Darkness - lights lit,Dry,50,Car,Afternoon,Slight
Normal,Darkness - lights lit,Ice,30,Bus/Coach,Morning,Slight
Raining,Darkness - lights lit,Snow,40,Car,Night,Serious
Normal,Daylight,Wet or damp,20,Car,Morning,Slight
Normal,Daylight,Dry,40,Bus/Coach,Morning,Slight
Raining,Darkness - lights lit,Wet or damp,30,Other,Afternoon,Slight
,Daylight,Dry,60,Bus/Coach,Morning,Slight
Raining,Darkness - lights lit,Snow,50,Motorcycle,Afternoon,Serious
Normal,Daylight,Dry,30,Car,Afternoon,Slight
Normal,Daylight,Dry,20,Car,Morning,Slight
Normal,Daylight,,20,Car,Afternoon,Slight
Normal,Daylight,Dry,30,Car,Morning,Slight
Normal,Darkness - lights lit,,20,Goods vehicle,Morning,Slight
Normal,Daylight,Dry,60,Goods vehicle,Afternoon,Slight
Normal,Daylight,Wet or damp,30,Car,Morning,Slight
Normal,Darkness - no lighting,Wet or damp,40,Car,Afternoon,Serious
Normal,Daylight,Dry,30,Bus/Coach,Night,Slight
Raining,Daylight,Dry,40,Goods vehicle,Afternoon,Serious
Raining,Daylight,Snow,30,Car,Evening,Slight
Snowing,Darkness - no lighting,Ice,40,Bus/Coach,Afternoon,Serious
Normal,Darkness - lights lit,Dry,30,Other,Afternoon,Slight
Fog or mist,Darkness - no lighting,Dry,50,Motorcycle,Night,Fatal
Raining,Daylight,Dry,40,Car,Morning,Slight
Normal,Darkness - lights lit,Dry,30,Motorcycle,Afternoon,Slight
Raining,Daylight,Wet or damp,40,Car,Afternoon,Slight
Fog or mist,Daylight,Dry,40,Car,Afternoon,Serious
Normal,Daylight,Wet or damp,20,Car,Afternoon,Slight
Normal,Daylight,Ice,60,Bus/Coach,Morning,Serious
Normal,Daylight,Dry,20,Car,Afternoon,Slight
Normal,Darkness - lighting unknown,Wet or damp,20,Car,Morning,Slight
Normal,Daylight,Dry,40,Car,Afternoon,Slight
Normal,Daylight,Dry,30,Car,Morning,Slight
Normal,Daylight,Dry,30,Car,Evening,Slight
Normal,Darkness - lights lit,,40,Pedal cycle,Night,Serious
Normal,Daylight,Dry,40,Motorcycle,Afternoon,Serious
Raining,Daylight,Dry,40,Car,Morning,Slight
Normal,Darkness - no lighting,,40,Bus/Coach,Afternoon,Serious
Normal,Darkness - lights lit,Dry,70,Other,Evening,Serious
Normal,Daylight,Wet or damp,30,Car,Evening,Slight
Snowing,Daylight,Dry,40,Goods vehicle,Afternoon,Slight
Raining,Darkness - lights lit,,30,Car,Evening,Slight
Normal,Daylight,Dry,20,Car,Afternoon,Slight
,Daylight,,70,Car,Morning,Slight
Snowing,Darkness - lights lit,Ice,20,Car,Night,Serious
Fog or mist,Daylight,Dry,30,Motorcycle,Morning,Slight
Unknown,Darkness - lights lit,Dry,30,Car,Evening,Slight
Raining,Darkness - no lighting,Dry,20,Car,Evening,Slight
Snowing,Darkness - lights lit,Dry,30,Motorcycle,Morning,Slight
Normal,Darkness - lights lit,Snow,20,Motorcycle,Afternoon,Slight
Normal,Daylight,Dry,20,Pedal cycle,Afternoon,Slight
Raining,Darkness - no lighting,Ice,70,Car,Evening,Fatal
Raining,Darkness - lights lit,Dry,20,Car,Afternoon,Slight
Unknown,Darkness - lights lit,Dry,20,Car,Morning,Slight
Normal,Daylight,Dry,20,Car,Afternoon,Slight
Normal,Darkness - lights lit,Wet or damp,50,Bus/Coach,Night,Serious
Normal,Darkness - lights lit,Wet or damp,20,Car,Morning,Slight
Snowing,Daylight,Wet or damp,40,Car,Night,Serious
Normal,Daylight,Wet or damp,20,Motorcycle,Morning,Slight
Normal,Darkness - no lighting,Wet or damp,20,Car,Afternoon,Serious
Raining,Darkness - lighting unknown,Dry,20,Other,Evening,Serious
Fog or mist,Darkness - lighting unknown,Dry,20,Car,Evening,Slight
Normal,Darkness - lights lit,Dry,20,Car,Morning,Slight
Normal,Daylight,Wet or damp,70,Other,Morning,Slight
Raining,Darkness - no lighting,Ice,70,Car,Evening,Serious
Normal,Daylight,Dry,60,Goods vehicle,Afternoon,Slight
Normal,Darkness - lights lit,Dry,30,Goods vehicle,Afternoon,Slight
Normal,Daylight,Dry,20,Car,Morning,Slight
Normal,Daylight,Dry,20,Car,Evening,Slight
Normal,Daylight,Dry,20,Car,Morning,Slight
,Daylight,Dry,30,Goods vehicle,Morning,Slight
Unknown,Darkness - no lighting,Ice,70,Car,Evening,Fatal
Normal,Daylight,Snow,30,Pedal cycle,Morning,Slight
Normal,Daylight,Wet or damp,30,Car,Night,Slight
Normal,Daylight,Dry,30,Motorcycle,Afternoon,Slight
Normal,Darkness - lights lit,Dry,20,Car,Night,Slight
Raining,Daylight,Wet or damp,20,Bus/Coach,Evening,Serious
Normal,Daylight,Wet or damp,30,Bus/Coach,Morning,Slight
Normal,Daylight,Dry,30,Car,Morning,Slight
Unknown,Daylight,Dry,50,Car,Afternoon,Slight
Other,Daylight,Wet or damp,30,Car,Morning,Slight
Unknown,Darkness - lights lit,Wet or damp,30,Car,Afternoon,Slight
Raining,Darkness - lights lit,Wet or damp,20,Bus/Coach,Afternoon,Slight
Normal,Darkness - lights lit,Dry,20,Car,Night,Slight
Normal,Darkness - no lighting,Dry,40,Motorcycle,Afternoon,Serious
Raining,Darkness - lights lit,Dry,20,Car,Morning,Slight
Snowing,Daylight,Dry,20,Pedal cycle,Afternoon,Slight
Normal,Daylight,Ice,20,Bus/Coach,Morning,Slight
Snowing,Darkness - lights lit,Dry,30,Car,Night,Slight
Normal,Daylight,Dry,40,Car,Morning,Slight
Normal,Daylight,Wet or damp,30,Motorcycle,Evening,Serious
Normal,Daylight,Dry,20,Car,Morning,Slight
Normal,Daylight,,30,Bus/Coach,Afternoon,Slight
Normal,Darkness - lights lit,Dry,20,Pedal cycle,Afternoon,Slight
Normal,Darkness - lights lit,Wet or damp,40,Car,Afternoon,Serious
Normal,Daylight,Dry,30,Car,Afternoon,Slight
Raining,Daylight,Dry,60,Car,Afternoon,Slight
Other,Darkness - lights lit,Wet or damp,20,Car,Morning,Slight
Normal,Daylight,Dry,50,Car,Night,Slight
Normal,Darkness - lights lit,Dry,60,Car,Night,Slight
Normal,Darkness - lighting unknown,Dry,20,Car,Evening,Slight
Normal,Darkness - lights lit,Wet or damp,30,Goods vehicle,Afternoon,Slight
Normal,Daylight,Wet or damp,30,Car,Afternoon,Slight
,Darkness - lights lit,Dry,50,Car,Afternoon,Slight
Normal,Daylight,Dry,60,Goods vehicle,Afternoon,Slight
Normal,Daylight,Snow,30,Goods vehicle,Afternoon,Slight
Normal,Daylight,Dry,50,Car,Afternoon,Slight
Normal,Daylight,Dry,70,Car,Afternoon,Slight
Normal,Daylight,Flood over road,40,Car,Afternoon,Slight
Normal,Daylight,Wet or damp,20,Car,Evening,Slight
Normal,Daylight,Snow,40,Other,Afternoon,Serious
Normal,Daylight,Wet or damp,40,Pedal cycle,Morning,Slight
Raining,Darkness - lights lit,Dry,30,Car,Afternoon,Slight
Normal,Darkness - lights lit,Dry,30,Car,Afternoon,Slight
,Daylight,Dry,20,Car,Morning,Slight
Unknown,Daylight,Snow,30,Car,Morning,Slight
Normal,Daylight,Dry,50,Car,Evening,Slight
Normal,Daylight,Dry,20,Car,Afternoon,Slight
Normal,Darkness - lights lit,Wet or damp,20,Motorcycle,Afternoon,Slight
Normal,Daylight,Dry,50,Goods vehicle,Afternoon,Slight
Other,Daylight,Dry,50,Car,Morning,Slight
Snowing,Daylight,Wet or damp,30,Bus/Coach,Morning,Slight
Fog or mist,Darkness - no lighting,Ice,70,Motorcycle,Night,Fatal
Raining,Daylight,Wet or damp,60,Car,Afternoon,Fatal
Fog or mist,Darkness - no lighting,Flood over road,50,Bus/Coach,Afternoon,Fatal
Normal,Daylight,Dry,30,Pedal cycle,Morning,Slight
Normal,Daylight,Snow,20,Car,Morning,Slight
Normal,Daylight,Wet or damp,20,Car,Night,Slight
Normal,Daylight,Dry,40,Goods vehicle,Afternoon,Slight
Normal,Daylight,Wet or damp,20,Goods vehicle,Afternoon,Slight
Raining,Darkness - lights lit,Wet or damp,30,Car,Night,Slight
,Darkness - no lighting,Ice,50,Motorcycle,Evening,Serious
Normal,Darkness - lights lit,Dry,20,Car,Morning,Slight
Raining,Darkness - lights lit,Dry,50,Other,Evening,Serious
Raining,Daylight,Dry,30,Car,Morning,Slight
Normal,Darkness - lights lit,Dry,70,Car,Afternoon,Slight
Normal,Darkness - lighting unknown,Wet or damp,20,Car,Afternoon,Slight
Snowing,Daylight,Dry,20,Car,Night,Slight
Normal,Darkness - lights lit,Dry,30,Car,Night,Slight
Other,Daylight,Dry,20,Goods vehicle,Afternoon,Slight
Fog or mist,Daylight,Dry,40,Bus/Coach,Morning,Slight
Normal,Daylight,Dry,50,Car,Evening,Slight
Normal,Daylight,Dry,40,Other,Afternoon,Slight
Raining,Darkness - no lighting,Dry,50,Pedal cycle,Night,Serious
Normal,Daylight,Dry,30,Car,Morning,Slight
,Daylight,,20,Car,Afternoon,Slight
Normal,Daylight,Dry,20,Car,Morning,Slight
Normal,Daylight,Dry,30,Car,Morning,Slight
Normal,Darkness - no lighting,Flood over road,20,Bus/Coach,Evening,Fatal
Other,Darkness - lights lit,Dry,40,Other,Afternoon,Serious
Fog or mist,Darkness - lights lit,Ice,20,Motorcycle,Evening,Fatal
Normal,Daylight,Dry,30,Other,Afternoon,Slight
Normal,Daylight,Dry,30,Motorcycle,Afternoon,Slight
Raining,Darkness - no lighting,Ice,60,Motorcycle,Night,Fatal
Raining,Darkness - no lighting,Dry,20,Goods vehicle,Evening,Slight
Normal,Daylight,Wet or damp,20,Car,Afternoon,Slight
Other,Darkness - lighting unknown,Dry,20,Car,Afternoon,Slight
Normal,Daylight,Dry,20,Car,Afternoon,Slight
Normal,Darkness - lights lit,Wet or damp,20,Car,Morning,Slight
Raining,Daylight,Dry,60,Bus/Coach,Afternoon,Slight
Normal,Darkness - lights lit,Dry,20,Car,Morning,Slight
Snowing,Darkness - lighting unknown,Wet or damp,20,Car,Morning,Slight
Normal,Darkness - no lighting,Dry,50,Car,Afternoon,Slight
Snowing,Darkness - lights lit,Wet or damp,20,Pedal cycle,Morning,Serious
Normal,Darkness - lights lit,Dry,20,Bus/Coach,Afternoon,Slight
Unknown,Darkness - lights lit,Dry,40,Car,Night,Slight
Snowing,Darkness - no lighting,Ice,60,Motorcycle,Night,Fatal
Normal,Daylight,Dry,40,Car,Afternoon,Slight
Normal,Darkness - lights lit,Dry,30,Bus/Coach,Morning,Slight
Normal,Daylight,Wet or damp,30,Car,Morning,Slight
Normal,Daylight,Dry,30,Other,Morning,Slight
Raining,Darkness - no lighting,Dry,70,Other,Night,Serious
Normal,Daylight,Snow,20,Car,Morning,Slight
Normal,Darkness - lighting unknown,Wet or damp,30,Motorcycle,Afternoon,Slight
Snowing,Daylight,Dry,20,Motorcycle,Morning,Slight
Snowing,Daylight,Dry,40,Goods vehicle,Evening,Slight
,Darkness - lighting unknown,Dry,30,Car,Night,Serious
Normal,Daylight,Dry,30,Car,Afternoon,Slight
Normal,Darkness - lights lit,Dry,20,Bus/Coach,Evening,Slight
,Daylight,Dry,30,Car,Afternoon,Slight
Normal,Darkness - lights lit,Dry,20,Other,Afternoon,Slight
Raining,Daylight,Dry,30,Bus/Coach,Evening,Slight
Normal,Daylight,Dry,20,Goods vehicle,Night,Slight
Other,Daylight,Wet or damp,30,Car,Morning,Slight
Raining,Darkness - lights lit,Dry,40,Car,Afternoon,Slight
Normal,Darkness - lighting unknown,Dry,40,Car,Night,Slight
Normal,Daylight,Dry,20,Car,Evening,Slight
Normal,Darkness - no lighting,Wet or damp,20,Car,Morning,Slight
Normal,Darkness - lights lit,Dry,30,Car,Afternoon,Slight
Unknown,Darkness - lights lit,Wet or damp,50,Bus/Coach,Evening,Serious
Normal,Darkness - lighting unknown,Dry,30,Car,Afternoon,Slight
Normal,Daylight,Dry,30,Car,Afternoon,Slight
Snowing,Darkness - lights lit,Dry,30,Car,Morning,Slight
Snowing,Daylight,Dry,20,Pedal cycle,Afternoon,Slight
Normal,Daylight,Snow,30,Car,Afternoon,Slight
Normal,Darkness - lights lit,Ice,20,Bus/Coach,Afternoon,Serious
Normal,Darkness - lights lit,Dry,20,Car,Night,Slight
Normal,Darkness - lighting unknown,Wet or damp,40,Car,Morning,Slight
Normal,Daylight,Dry,20,Goods vehicle,Afternoon,Slight
Normal,Darkness - lights lit,Dry,30,Pedal cycle,Morning,Slight
Raining,Daylight,Dry,70,Car,Afternoon,Slight
Normal,Daylight,Dry,20,Goods vehicle,Evening,Slight
Normal,Daylight,Dry,30,Car,Evening,Slight
Snowing,Daylight,Wet or damp,50,Car,Afternoon,Slight
Normal,Daylight,Dry,30,Car,Morning,Slight
Raining,Darkness - lights lit,Dry,50,Car,Evening,Serious
Normal,Daylight,Dry,20,Car,Morning,Slight
Normal,Daylight,Dry,40,Car,Night,Slight
Normal,Daylight,Dry,30,Pedal cycle,Afternoon,Slight
Raining,Darkness - lights lit,Dry,20,Other,Morning,Slight
Unknown,Darkness - lights lit,Dry,30,Bus/Coach,Morning,Slight
Unknown,Daylight,,40,Bus/Coach,Night,Slight
Raining,Darkness - lights lit,Snow,40,Goods vehicle,Morning,Slight
Normal,Daylight,Dry,20,Other,Morning,Slight
Raining,Daylight,Dry,20,Car,Night,Slight
Fog or mist,Darkness - no lighting,Dry,50,Goods vehicle,Night,Serious
,Daylight,Dry,30,Car,Afternoon,Slight
Normal,Daylight,Ice,40,Motorcycle,Evening,Slight
Normal,Daylight,Dry,30,Car,Morning,Slight
Raining,Darkness - lighting unknown,Dry,50,Pedal cycle,Night,Serious
Normal,Daylight,Dry,30,Car,Morning,Slight
Normal,Darkness - lights lit,Wet or damp,30,Motorcycle,Morning,Slight
Normal,Darkness - lights lit,Dry,30,Car,Morning,Slight
Other,Daylight,Dry,30,Car,Morning,Slight
Normal,Darkness - lights lit,Snow,20,Car,Evening,Slight
Other,Daylight,Dry,30,Car,Morning,Slight
Normal,Darkness - lights lit,Dry,20,Other,Morning,Slight
Raining,Daylight,Wet or damp,30,Car,Evening,Slight
Normal,Daylight,Dry,30,Car,Morning,Slight
Normal,Daylight,Dry,30,Car,Afternoon,Slight
Raining,Daylight,Snow,30,Car,Morning,Slight
Normal,Daylight,Dry,20,Pedal cycle,Afternoon,Slight
Unknown,Darkness - lights lit,Dry,50,Car,Afternoon,Slight
Normal,Darkness - lights lit,Wet or damp,50,Car,Evening,Serious
Normal,Darkness - lighting unknown,Dry,30,Car,Afternoon,Slight
Snowing,Daylight,Dry,30,Motorcycle,Afternoon,Slight
Normal,Daylight,Wet or damp,30,Car,Afternoon,Slight
Normal,Daylight,Dry,20,Bus/Coach,Afternoon,Slight
Normal,Daylight,Dry,20,Car,Afternoon,Slight
Normal,Darkness - lights lit,,60,Motorcycle,Night,Fatal
Normal,Daylight,Dry,30,Car,Afternoon,Slight
Normal,Daylight,Dry,20,Bus/Coach,Afternoon,Slight
Fog or mist,Daylight,Wet or damp,50,Motorcycle,Night,Serious
,Darkness - lights lit,Dry,30,Car,Morning,Slight
Normal,Darkness - lights lit,Dry,40,Car,Morning,Slight
Normal,Daylight,Dry,30,Car,Morning,Serious
Normal,Daylight,Wet or damp,20,Car,Morning,Slight
Raining,Daylight,Dry,20,Car,Evening,Slight
Normal,Daylight,Dry,50,Car,Morning,Slight
Normal,Daylight,Wet or damp,20,Goods vehicle,Afternoon,Slight
Normal,Daylight,Dry,70,Car,Morning,Slight
Normal,Daylight,Dry,20,Motorcycle,Evening,Slight
,Daylight,Dry,30,Goods vehicle,Morning,Slight
Other,Darkness - lights lit,Dry,20,Pedal cycle,Morning,Slight
Normal,Daylight,Dry,30,Car,Afternoon,Slight
Normal,Daylight,Ice,50,Car,Afternoon,Slight
Normal,Darkness - lights lit,Flood over road,30,Bus/Coach,Morning,Slight
Snowing,Darkness - lights lit,Ice,50,Motorcycle,Night,Serious
,Daylight,Dry,20,Car,Afternoon,Slight
,Daylight,Dry,50,Bus/Coach,Afternoon,Slight
Raining,Daylight,Flood over road,30,Goods vehicle,Afternoon,Slight
Raining,Daylight,Dry,30,Car,Afternoon,Slight
Normal,Darkness - lights lit,Dry,20,Car,Morning,Slight
Normal,Daylight,Dry,20,Other,Night,Slight
Normal,Darkness - lights lit,Dry,20,Car,Morning,Slight
Fog or mist,Darkness - lights lit,Snow,50,Goods vehicle,Evening,Fatal
Normal,Daylight,Snow,60,Car,Morning,Slight
Raining,Daylight,Dry,20,Car,Afternoon,Slight
Normal,Darkness - lights lit,Wet or damp,20,Car,Evening,Slight
Normal,Daylight,Dry,20,Car,Morning,Slight
Raining,Darkness - lights lit,Wet or damp,40,Goods vehicle,Evening,Serious
Normal,Darkness - lighting unknown,Dry,40,Bus/Coach,Afternoon,Slight
Unknown,Darkness - lights lit,Wet or damp,30,Pedal cycle,Afternoon,Slight
Normal,Daylight,Dry,30,Car,Morning,Slight
Normal,Darkness - lights lit,Dry,30,Bus/Coach,Afternoon,Slight
Raining,Darkness - no lighting,Wet or damp,70,Goods vehicle,Night,Fatal
Unknown,Darkness - no lighting,Dry,30,Goods vehicle,Afternoon,Slight
Normal,Daylight,Dry,30,Car,Evening,Slight
Snowing,Darkness - lights lit,Snow,40,Bus/Coach,Evening,Serious
Normal,Darkness - lights lit,Snow,20,Car,Afternoon,Slight
Unknown,Daylight,Wet or damp,30,Car,Afternoon,Slight
Raining,Daylight,Dry,40,Car,Night,Slight
Normal,Daylight,Dry,30,Car,Morning,Slight
Normal,Darkness - lights lit,Dry,30,Goods vehicle,Afternoon,Slight
Normal,Daylight,Dry,40,Motorcycle,Night,Slight
Normal,Darkness - lights lit,Dry,50,Car,Morning,Slight
Unknown,Daylight,Dry,20,Car,Morning,Slight
Raining,Darkness - lights lit,Flood over road,20,Goods vehicle,Morning,Slight
Normal,Darkness - lighting unknown,Flood over road,50,Car,Evening,Slight
Normal,Daylight,Dry,50,Goods vehicle,Afternoon,Slight
Normal,Darkness - lights lit,Dry,40,Car,Morning,Slight
Normal,Daylight,Snow,30,Other,Morning,Slight
Other,Daylight,Dry,30,Car,Morning,Slight
Fog or mist,Darkness - no lighting,Dry,40,Car,Evening,Fatal
Normal,Darkness - no lighting,Dry,20,Bus/Coach,Morning,Slight
Raining,Darkness - lighting unknown,Dry,20,Car,Morning,Slight
Snowing,Darkness - lighting unknown,Wet or damp,60,Car,Night,Serious
Raining,Daylight,Dry,40,Goods vehicle,Afternoon,Slight
,Daylight,Wet or damp,20,Pedal cycle,Afternoon,Slight
Raining,Daylight,Dry,30,Car,Afternoon,Slight
Normal,Daylight,Wet or damp,40,Goods vehicle,Morning,Slight
Snowing,Daylight,Flood over road,30,Car,Afternoon,Slight
Snowing,Daylight,Dry,30,Bus/Coach,Morning,Slight
Normal,Darkness - lights lit,,20,Car,Afternoon,Slight
Normal,Daylight,Dry,20,Car,Afternoon,Slight
Fog or mist,Daylight,Dry,20,Motorcycle,Night,Slight
Normal,Darkness - lights lit,Wet or damp,20,Bus/Coach,Morning,Slight
Normal,Daylight,Wet or damp,50,Car,Morning,Slight
Raining,Daylight,Wet or damp,60,Car,Morning,Slight
Normal,Daylight,Wet or damp,20,Car,Afternoon,Slight
Normal,Darkness - no lighting,,50,Pedal cycle,Morning,Serious
Raining,Darkness - lights lit,Dry,30,Car,Evening,Slight
Raining,Daylight,Dry,50,Other,Night,Serious
Normal,Darkness - lighting unknown,Wet or damp,30,Bus/Coach,Afternoon,Slight
Other,Daylight,Wet or damp,30,Pedal cycle,Morning,Slight
Normal,Daylight,Dry,30,Other,Morning,Slight
,Daylight,Dry,70,Car,Evening,Slight
Normal,Darkness - no lighting,,20,Pedal cycle,Afternoon,Slight
Normal,Daylight,Dry,50,Car,Morning,Slight
Raining,Darkness - no lighting,Flood over road,70,Car,Evening,Fatal
Normal,Darkness - lights lit,Wet or damp,50,Car,Evening,Serious
Normal,Daylight,Dry,50,Pedal cycle,Afternoon,Slight
Normal,Daylight,Dry,40,Car,Night,Slight
Unknown,Daylight,Dry,20,Motorcycle,Night,Slight
Normal,Daylight,Flood over road,20,Goods vehicle,Morning,Slight
Raining,Daylight,Snow,60,Motorcycle,Evening,Serious
Fog or mist,Daylight,Dry,20,Car,Afternoon,Slight
Normal,Daylight,Dry,50,Goods vehicle,Morning,Slight
Normal,Darkness - lights lit,Ice,20,Bus/Coach,Morning,Slight
Normal,Daylight,Wet or damp,40,Pedal cycle,Afternoon,Slight
Normal,Daylight,Dry,50,Car,Night,Slight
Raining,Darkness - lighting unknown,Dry,20,Bus/Coach,Evening,Slight
Normal,Daylight,,60,Car,Evening,Slight
Fog or mist,Daylight,Wet or damp,70,Car,Morning,Serious
Raining,Darkness - lights lit,Flood over road,50,Car,Afternoon,Serious
Normal,Daylight,Dry,60,Car,Afternoon,Slight
Raining,Daylight,Dry,60,Car,Afternoon,Slight
,Darkness - lighting unknown,Snow,50,Car,Night,Serious
Normal,Darkness - lights lit,Wet or damp,20,Car,Evening,Slight
Normal,Daylight,Dry,30,Goods vehicle,Morning,Slight
Fog or mist,Darkness - lights lit,Dry,70,Car,Evening,Serious
Raining,Daylight,Dry,50,Other,Afternoon,Slight
Raining,Darkness - lights lit,Dry,30,Car,Afternoon,Slight
Normal,Darkness - lights lit,Wet or damp,60,Goods vehicle,Afternoon,Serious
Normal,Daylight,Dry,30,Car,Afternoon,Slight
Fog or mist,Daylight,Wet or damp,40,Car,Evening,Serious
Raining,Daylight,Dry,20,Bus/Coach,Night,Slight
Normal,Daylight,Dry,30,Car,Afternoon,Slight
Raining,Daylight,Flood over road,20,Car,Night,Slight
Normal,Daylight,Dry,30,Bus/Coach,Morning,Slight
Raining,Darkness - lights lit,,70,Pedal cycle,Afternoon,Serious
Normal,Darkness - lights lit,Dry,30,Car,Afternoon,Slight
Normal,Darkness - lights lit,Dry,20,Bus/Coach,Evening,Slight
Normal,Daylight,Wet or damp,20,Car,Morning,Slight
Normal,Darkness - no lighting,Dry,50,Car,Morning,Slight
Raining,Daylight,Dry,60,Car,Night,Slight
Normal,Daylight,Dry,30,Car,Morning,Slight
Normal,Daylight,Dry,40,Motorcycle,Night,Slight
Raining,Daylight,Dry,30,Bus/Coach,Morning,Slight
Normal,Daylight,Dry,30,Bus/Coach,Morning,Slight
Normal,Daylight,Dry,40,Motorcycle,Morning,Slight
Fog or mist,Darkness - lights lit,Flood over road,30,Motorcycle,Night,Serious
Normal,Daylight,Dry,20,Car,Morning,Slight
Normal,Daylight,Wet or damp,50,Car,Morning,Slight
Normal,Daylight,,30,Car,Morning,Slight
Normal,Darkness - lighting unknown,Snow,30,Pedal cycle,Afternoon,Slight
Normal,Daylight,Dry,20,Goods vehicle,Afternoon,Slight
Snowing,Darkness - lights lit,,40,Motorcycle,Morning,Slight
Normal,Daylight,Dry,30,Car,Morning,Slight
Normal,Daylight,Dry,20,Other,Afternoon,Slight
Normal,Daylight,,70,Car,Afternoon,Slight
Normal,Daylight,Dry,30,Car,Afternoon,Slight
Normal,Darkness - lights lit,Dry,40,Motorcycle,Afternoon,Serious
Normal,Daylight,Dry,60,Car,Afternoon,Slight
Raining,Daylight,Wet or damp,30,Car,Afternoon,Slight
Fog or mist,Darkness - lighting unknown,Dry,30,Motorcycle,Morning,Serious
Normal,Daylight,Dry,30,Car,Evening,Slight
Normal,Daylight,Dry,30,Car,Evening,Slight
Normal,Daylight,Wet or damp,20,Motorcycle,Evening,Slight
Normal,Daylight,Dry,20,Car,Afternoon,Slight
Raining,Darkness - no lighting,Wet or damp,70,Goods vehicle,Evening,Serious
Normal,Daylight,,30,Car,Night,Slight
Snowing,Daylight,Dry,30,Goods vehicle,Afternoon,Serious
Raining,Daylight,Dry,40,Motorcycle,Night,Slight
Normal,Daylight,Dry,50,Pedal cycle,Night,Slight
Normal,Daylight,Dry,20,Car,Afternoon,Slight
Snowing,Darkness - lights lit,Dry,20,Motorcycle,Afternoon,Slight
Normal,Darkness - lights lit,Wet or damp,30,Car,Afternoon,Slight
Fog or mist,Daylight,Snow,30,Motorcycle,Night,Serious
Normal,Daylight,Dry,50,Goods vehicle,Evening,Slight
Raining,Daylight,Dry,30,Car,Morning,Slight
Normal,Daylight,Dry,30,Car,Afternoon,Slight
Normal,Darkness - lighting unknown,Dry,20,Goods vehicle,Evening,Serious
Normal,Darkness - lights lit,Ice,70,Motorcycle,Afternoon,Slight
Snowing,Darkness - lighting unknown,Ice,50,Car,Evening,Serious
Normal,Daylight,Wet or damp,70,Goods vehicle,Morning,Serious
Normal,Daylight,Dry,70,Motorcycle,Afternoon,Slight
,Darkness - lights lit,Wet or damp,70,Car,Evening,Serious
Raining,Darkness - lights lit,,20,Car,Afternoon,Slight
Normal,Darkness - lights lit,Ice,70,Bus/Coach,Night,Serious
Normal,Daylight,Dry,30,Car,Morning,Slight
Normal,Darkness - no lighting,Ice,20,Car,Evening,Slight
Fog or mist,Daylight,Dry,40,Car,Morning,Slight
Unknown,Darkness - lights lit,,70,Car,Afternoon,Serious
Normal,Darkness - lights lit,Dry,20,Car,Morning,Slight
Normal,Darkness - lights lit,Wet or damp,50,Goods vehicle,Night,Slight
Fog or mist,Daylight,Dry,30,Car,Morning,Slight
Normal,Darkness - lights lit,Dry,40,Car,Morning,Slight
Snowing,Darkness - lighting unknown,Dry,70,Bus/Coach,Morning,Slight
Raining,Daylight,Dry,30,Car,Morning,Slight
Raining,Darkness - lights lit,Dry,30,Car,Evening,Slight
Normal,Daylight,Dry,20,Bus/Coach,Afternoon,Slight
Fog or mist,Daylight,Dry,20,Car,Evening,Slight
Raining,Darkness - lights lit,Ice,50,Car,Evening,Serious
Normal,Daylight,Dry,30,Car,Afternoon,Slight
Normal,Daylight,Snow,20,Car,Morning,Slight
Normal,Daylight,Dry,20,Car,Afternoon,Slight
Raining,Darkness - no lighting,Ice,30,Pedal cycle,Evening,Serious
Fog or mist,Daylight,Dry,30,Motorcycle,Afternoon,Slight
Normal,Daylight,Dry,50,Bus/Coach,Afternoon,Slight
Normal,Daylight,Wet or damp,20,Car,Afternoon,Slight
Normal,Darkness - lights lit,Flood over road,60,Goods vehicle,Night,Fatal
Normal,Daylight,Wet or damp,50,Motorcycle,Afternoon,Slight
Normal,Darkness - no lighting,Wet or damp,30,Car,Afternoon,Slight
Normal,Daylight,Dry,20,Car,Morning,Slight
Normal,Daylight,Dry,30,Car,Night,Slight
Normal,Daylight,Wet or damp,30,Car,Night,Slight
Other,Darkness - lights lit,Dry,30,Car,Afternoon,Slight
Normal,Daylight,Dry,30,Car,Morning,Slight
Raining,Daylight,Dry,40,Goods vehicle,Afternoon,Slight
Normal,Daylight,Wet or damp,30,Pedal cycle,Afternoon,Serious
Normal,Daylight,Wet or damp,40,Other,Afternoon,Slight
Snowing,Daylight,Dry,20,Other,Morning,Slight
Normal,Daylight,Snow,30,Car,Morning,Slight
Raining,Daylight,Dry,20,Goods vehicle,Afternoon,Slight
Normal,Daylight,Dry,30,Car,Night,Slight
Snowing,Darkness - no lighting,Snow,20,Goods vehicle,Night,Fatal
Raining,Darkness - no lighting,Dry,30,Other,Afternoon,Slight
Normal,Darkness - lights lit,Wet or damp,40,Pedal cycle,Evening,Serious
Raining,Daylight,Wet or damp,50,Bus/Coach,Afternoon,Fatal
Raining,Daylight,Dry,30,Motorcycle,Night,Slight
Fog or mist,Daylight,Dry,50,Goods vehicle,Afternoon,Slight
Normal,Daylight,Dry,20,Bus/Coach,Morning,Slight
Unknown,Daylight,Dry,30,Goods vehicle,Morning,Slight
Normal,Darkness - lights lit,Dry,40,Motorcycle,Evening,Serious
Snowing,Daylight,Dry,20,Car,Afternoon,Slight
Normal,Darkness - lights lit,Dry,30,Motorcycle,Morning,Slight
Normal,Daylight,Snow,60,Car,Morning,Slight
Normal,Daylight,Dry,40,Car,Afternoon,Slight
Normal,Daylight,Snow,30,Car,Morning,Slight
Normal,Daylight,Dry,30,Bus/Coach,Afternoon,Slight
,Darkness - lighting unknown,Dry,50,Motorcycle,Afternoon,Serious
Normal,Darkness - lights lit,Wet or damp,20,Pedal cycle,Afternoon,Serious
Fog or mist,Darkness - lights lit,Wet or damp,20,Car,Afternoon,Slight
Normal,Daylight,Dry,20,Car,Afternoon,Slight
Snowing,Darkness - no lighting,,40,Bus/Coach,Evening,Fatal
Normal,Daylight,Wet or damp,50,Car,Morning,Slight
Fog or mist,Darkness - no lighting,Wet or damp,60,Car,Afternoon,Fatal
Normal,Darkness - lighting unknown,Dry,30,Pedal cycle,Morning,Slight
Normal,Darkness - lights lit,Dry,30,Goods vehicle,Morning,Slight
Normal,Darkness - lights lit,Dry,20,Car,Morning,Slight
Normal,Daylight,Wet or damp,40,Car,Afternoon,Slight
Raining,Darkness - lights lit,,50,Car,Evening,Slight
Normal,Darkness - lights lit,Dry,30,Bus/Coach,Afternoon,Slight
Raining,Darkness - no lighting,Wet or damp,40,Motorcycle,Night,Serious
Normal,Daylight,Dry,70,Car,Afternoon,Slight
Raining,Darkness - lights lit,,30,Car,Afternoon,Slight
Normal,Darkness - lights lit,Dry,20,Car,Morning,Slight
Normal,Darkness - lighting unknown,Flood over road,30,Car,Night,Slight
Normal,Darkness - lights lit,Dry,30,Car,Afternoon,Slight
Normal,Darkness - lights lit,Wet or damp,30,Motorcycle,Afternoon,Slight
Normal,Daylight,Ice,50,Car,Morning,Slight
Raining,Darkness - lights lit,Dry,50,Car,Evening,Serious
Normal,Daylight,,20,Motorcycle,Morning,Slight
Normal,Daylight,Wet or damp,40,Car,Morning,Slight
Normal,Daylight,Dry,30,Goods vehicle,Afternoon,Slight
Raining,Daylight,Wet or damp,20,Car,Morning,Slight
Normal,Daylight,Flood over road,50,Other,Evening,Slight
Raining,Darkness - no lighting,Wet or damp,60,Goods vehicle,Evening,Fatal
Normal,Daylight,Wet or damp,30,Goods vehicle,Night,Slight
Unknown,Darkness - lighting unknown,Dry,50,Car,Night,Slight
Fog or mist,Daylight,Wet or damp,30,Car,Night,Slight
Raining,Daylight,Snow,40,Car,Afternoon,Slight
Raining,Daylight,Dry,40,Motorcycle,Afternoon,Slight
Normal,Darkness - lights lit,Dry,40,Car,Evening,Serious
Snowing,Daylight,Dry,30,Car,Morning,Slight
Normal,Daylight,Dry,30,Bus/Coach,Morning,Slight
Normal,Darkness - lighting unknown,Dry,20,Car,Evening,Slight
Normal,Darkness - lights lit,Dry,60,Car,Afternoon,Slight
Normal,Darkness - no lighting,Ice,60,Car,Night,Fatal
Normal,Darkness - lights lit,Dry,30,Car,Morning,Slight
Normal,Daylight,Flood over road,40,Bus/Coach,Afternoon,Serious
Normal,Daylight,Ice,30,Car,Morning,Slight
Normal,Daylight,Dry,20,Other,Afternoon,Slight
Normal,Darkness - lights lit,Wet or damp,30,Car,Afternoon,Slight
Normal,Darkness - no lighting,,40,Car,Evening,Serious
Normal,Darkness - lighting unknown,Dry,30,Car,Afternoon,Slight
Normal,Daylight,Dry,30,Goods vehicle,Morning,Slight
Normal,Daylight,Dry,30,Car,Morning,Slight
Normal,Daylight,Dry,20,Car,Afternoon,Slight
Normal,Daylight,Wet or damp,20,Car,Morning,Slight
Snowing,Darkness - lights lit,Wet or damp,50,Bus/Coach,Afternoon,Serious
Unknown,Darkness - lights lit,Ice,40,Motorcycle,Afternoon,Serious
Fog or mist,Darkness - lights lit,Dry,40,Bus/Coach,Morning,Slight
Raining,Darkness - lights lit,Flood over road,20,Car,Afternoon,Slight
Raining,Daylight,Dry,20,Car,Morning,Slight
Normal,Darkness - lights lit,Flood over road,40,Car,Afternoon,Serious
Normal,Darkness - lighting unknown,Dry,40,Car,Night,Slight
Normal,Darkness - lights lit,Wet or damp,20,Car,Morning,Slight
Snowing,Daylight,Dry,20,Other,Evening,Slight
Raining,Darkness - lights lit,Dry,20,Bus/Coach,Afternoon,Slight
Normal,Darkness - lighting unknown,Dry,30,Goods vehicle,Morning,Slight
,Daylight,Dry,30,Goods vehicle,Afternoon,Slight
Normal,Darkness - no lighting,Wet or damp,30,Motorcycle,Morning,Slight
Normal,Daylight,Dry,30,Car,Afternoon,Slight
Raining,Daylight,Dry,30,Car,Afternoon,Slight
Normal,Daylight,Dry,30,Goods vehicle,Afternoon,Slight
Normal,Daylight,Wet or damp,60,Car,Evening,Slight
Normal,Daylight,Wet or damp,30,Car,Morning,Slight
Normal,Darkness - lights lit,Dry,30,Car,Afternoon,Serious
Normal,Darkness - lights lit,Wet or damp,20,Car,Morning,Slight
Normal,Darkness - lights lit,Dry,40,Car,Afternoon,Slight
,Darkness - lights lit,Dry,40,Pedal cycle,Morning,Serious
Raining,Daylight,Dry,70,Car,Morning,Slight
Normal,Darkness - no lighting,Wet or damp,60,Bus/Coach,Afternoon,Serious
Normal,Daylight,Wet or damp,50,Bus/Coach,Night,Slight
Snowing,Darkness - no lighting,Dry,50,Goods vehicle,Morning,Serious
Normal,Darkness - lights lit,Dry,40,Motorcycle,Evening,Serious
Raining,Darkness - lights lit,Dry,30,Goods vehicle,Afternoon,Slight
Normal,Daylight,Ice,50,Car,Afternoon,Slight
Normal,Daylight,Dry,70,Goods vehicle,Evening,Slight
Normal,Daylight,Dry,50,Pedal cycle,Afternoon,Slight
Normal,Daylight,Dry,60,Car,Night,Slight
Normal,Daylight,Wet or damp,30,Goods vehicle,Afternoon,Slight
Normal,Darkness - lights lit,Dry,30,Motorcycle,Afternoon,Serious
Raining,Daylight,Flood over road,70,Pedal cycle,Afternoon,Slight
Normal,Daylight,Dry,30,Motorcycle,Afternoon,Slight
Normal,Daylight,Dry,30,Car,Evening,Slight
Normal,Darkness - lights lit,Dry,30,Car,Morning,Slight
Normal,Daylight,Dry,20,Goods vehicle,Afternoon,Slight
Raining,Daylight,Dry,20,Car,Morning,Slight
Normal,Darkness - lighting unknown,Dry,30,Pedal cycle,Morning,Slight
,Daylight,Dry,30,Goods vehicle,Morning,Slight
Normal,Daylight,Dry,20,Motorcycle,Afternoon,Slight
Normal,Daylight,Dry,60,Car,Morning,Slight
Normal,Darkness - lighting unknown,Dry,30,Car,Evening,Slight
Raining,Daylight,Dry,20,Pedal cycle,Morning,Slight
Normal,Darkness - no lighting,Dry,70,Car,Morning,Slight
Normal,Daylight,Wet or damp,20,Motorcycle,Morning,Slight
Normal,Daylight,Snow,40,Car,Afternoon,Slight
Normal,Daylight,Dry,50,Car,Morning,Slight
Normal,Daylight,,20,Bus/Coach,Afternoon,Slight
Normal,Darkness - no lighting,Snow,60,Pedal cycle,Afternoon,Serious
Raining,Daylight,Dry,50,Car,Morning,Slight
Snowing,Darkness - lights lit,Dry,20,Motorcycle,Afternoon,Slight
Fog or mist,Daylight,Dry,20,Pedal cycle,Morning,Slight
Snowing,Daylight,Dry,20,Car,Afternoon,Slight
Normal,Darkness - lights lit,Flood over road,50,Motorcycle,Night,Slight
Snowing,Darkness - lights lit,Flood over road,70,Car,Night,Fatal
Normal,Daylight,Dry,30,Car,Afternoon,Slight
Raining,Daylight,Snow,40,Bus/Coach,Afternoon,Slight
Normal,Daylight,Ice,70,Car,Night,Fatal
,Daylight,Flood over road,70,Other,Afternoon,Slight
Normal,Daylight,Dry,30,Motorcycle,Night,Slight
Normal,Daylight,Dry,30,Car,Morning,Slight
,Daylight,,60,Car,Morning,Slight
Normal,Daylight,Dry,30,Bus/Coach,Afternoon,Slight
Normal,Daylight,Wet or damp,60,Pedal cycle,Evening,Serious
Normal,Daylight,Dry,30,Car,Evening,Slight
,Darkness - lighting unknown,Dry,30,Other,Afternoon,Serious
Normal,Darkness - no lighting,Ice,40,Goods vehicle,Night,Serious
Normal,Darkness - lights lit,,70,Car,Afternoon,Slight
Normal,Daylight,Dry,50,Car,Morning,Slight
Normal,Daylight,Dry,20,Motorcycle,Afternoon,Slight
Normal,Daylight,Wet or damp,30,Car,Morning,Slight
Normal,Daylight,Dry,30,Car,Morning,Slight
Raining,Darkness - no lighting,Dry,40,Motorcycle,Evening,Serious
Normal,Daylight,Dry,50,Car,Morning,Slight
Raining,Daylight,Dry,70,Car,Morning,Slight
Normal,Daylight,Dry,20,Goods vehicle,Afternoon,Slight
Snowing,Daylight,Dry,20,Bus/Coach,Morning,Slight
Normal,Daylight,Wet or damp,20,Car,Morning,Slight
Normal,Daylight,Dry,20,Car,Afternoon,Slight
Normal,Daylight,Snow,30,Car,Morning,Slight
Snowing,Daylight,Wet or damp,30,Goods vehicle,Evening,Slight
Normal,Darkness - no lighting,Dry,50,Bus/Coach,Evening,Fatal
Other,Darkness - lights lit,Dry,30,Car,Afternoon,Slight
Raining,Darkness - no lighting,Dry,60,Motorcycle,Morning,Slight
Normal,Daylight,Dry,30,Car,Night,Slight
Raining,Daylight,Wet or damp,40,Pedal cycle,Morning,Serious
Normal,Daylight,Dry,30,Car,Night,Slight
Raining,Darkness - lights lit,,60,Motorcycle,Evening,Serious
,Darkness - lights lit,Wet or damp,30,Car,Evening,Serious
Normal,Darkness - lights lit,Dry,30,Car,Morning,Slight
Normal,Darkness - lights lit,Dry,20,Motorcycle,Morning,Slight
Fog or mist,Daylight,Dry,30,Goods vehicle,Afternoon,Slight
Normal,Darkness - lights lit,Wet or damp,30,Motorcycle,Morning,Slight
Fog or mist,Darkness - no lighting,Wet or damp,30,Car,Morning,Slight
Normal,Darkness - lights lit,Dry,30,Pedal cycle,Evening,Slight
Normal,Darkness - no lighting,,30,Goods vehicle,Morning,Slight
Normal,Daylight,Ice,50,Car,Morning,Slight
Snowing,Darkness - lights lit,Snow,20,Car,Night,Fatal
Normal,Daylight,Wet or damp,30,Car,Afternoon,Slight
Raining,Daylight,,30,Car,Afternoon,Slight
Normal,Daylight,Wet or damp,30,Car,Evening,Slight
Normal,Daylight,Dry,30,Goods vehicle,Afternoon,Slight
Normal,Daylight,,30,Motorcycle,Afternoon,Slight
Fog or mist,Daylight,Dry,50,Bus/Coach,Evening,Slight
Normal,Darkness - lights lit,Snow,30,Car,Afternoon,Slight
Normal,Daylight,Wet or damp,30,Goods vehicle,Afternoon,Slight
Normal,Daylight,Snow,50,Bus/Coach,Afternoon,Slight
,Daylight,Dry,30,Bus/Coach,Morning,Slight
Raining,Daylight,Dry,70,Car,Afternoon,Slight
Normal,Darkness - no lighting,Snow,30,Bus/Coach,Night,Serious
Raining,Daylight,Dry,30,Car,Night,Slight
Normal,Daylight,Dry,20,Car,Morning,Slight
Raining,Darkness - no lighting,Wet or damp,40,Motorcycle,Night,Serious
,Daylight,Dry,40,Other,Morning,Slight
Normal,Darkness - lights lit,Dry,20,Car,Morning,Slight
Normal,Daylight,Wet or damp,20,Car,Night,Slight
Normal,Daylight,Flood over road,20,Bus/Coach,Morning,Slight
Snowing,Daylight,Dry,30,Motorcycle,Morning,Slight
,Daylight,Dry,60,Car,Afternoon,Slight
,Daylight,Dry,20,Motorcycle,Night,Slight
Raining,Daylight,Dry,20,Car,Morning,Slight
Normal,Daylight,Dry,20,Car,Morning,Slight
Raining,Daylight,Wet or damp,20,Car,Morning,Slight
Normal,Daylight,Dry,20,Goods vehicle,Afternoon,Slight
Raining,Daylight,Dry,20,Car,Morning,Slight
Normal,Daylight,,20,Car,Afternoon,Slight
Normal,Darkness - lights lit,Dry,30,Car,Morning,Slight
Unknown,Darkness - lights lit,Dry,20,Car,Afternoon,Slight
Raining,Daylight,Wet or damp,30,Motorcycle,Morning,Slight
Raining,Darkness - lights lit,Dry,30,Other,Afternoon,Slight
Snowing,Daylight,Dry,30,Car,Morning,Slight
Normal,Darkness - no lighting,Wet or damp,50,Car,Morning,Slight
Normal,Daylight,Dry,30,Car,Morning,Slight
Raining,Darkness - no lighting,Dry,40,Other,Afternoon,Serious
Normal,Daylight,Dry,30,Motorcycle,Afternoon,Slight
Fog or mist,Daylight,Dry,20,Pedal cycle,Night,Slight
Normal,Darkness - lights lit,Dry,40,Pedal cycle,Afternoon,Slight
Normal,Darkness - lighting unknown,Dry,30,Pedal cycle,Evening,Serious
Raining,Daylight,Dry,30,Car,Morning,Slight
Fog or mist,Darkness - lights lit,Dry,50,Other,Morning,Slight
Normal,Daylight,Dry,30,Bus/Coach,Afternoon,Slight
Raining,Daylight,,70,Car,Evening,Fatal
Normal,Darkness - lights lit,Dry,40,Car,Morning,Slight
Normal,Darkness - lights lit,Dry,40,Car,Afternoon,Slight
Normal,Daylight,Wet or damp,30,Car,Evening,Slight
Normal,Darkness - lighting unknown,Dry,40,Car,Morning,Slight
Other,Darkness - lights lit,Wet or damp,40,Other,Night,Serious
Raining,Daylight,Dry,30,Car,Evening,Slight
Snowing,Darkness - no lighting,Dry,40,Car,Night,Slight
Normal,Darkness - no lighting,Dry,30,Goods vehicle,Morning,Slight
,Darkness - lights lit,Wet or damp,30,Car,Afternoon,Serious
Raining,Darkness - lights lit,Wet or damp,30,Other,Morning,Serious
Raining,Daylight,Dry,70,Motorcycle,Morning,Slight
Normal,Darkness - lights lit,Ice,70,Car,Morning,Serious
Fog or mist,Daylight,Dry,30,Motorcycle,Evening,Slight
Normal,Daylight,Dry,30,Car,Morning,Slight
Raining,Darkness - lighting unknown,Snow,40,Car,Evening,Serious
Fog or mist,Daylight,Dry,20,Motorcycle,Evening,Slight
Normal,Daylight,Dry,20,Car,Afternoon,Slight
Normal,Daylight,Dry,30,Bus/Coach,Afternoon,Slight
Other,Darkness - no lighting,Flood over road,70,Car,Night,Serious
Normal,Darkness - lighting unknown,Dry,30,Other,Morning,Slight
Normal,Darkness - lights lit,Wet or damp,50,Car,Morning,Slight
Raining,Daylight,Dry,30,Goods vehicle,Night,Slight
Normal,Daylight,,60,Motorcycle,Morning,Slight
Normal,Darkness - lighting unknown,Dry,40,Car,Afternoon,Slight
Normal,Darkness - lights lit,Wet or damp,30,Car,Evening,Slight
Normal,Darkness - no lighting,Wet or damp,50,Car,Evening,Slight
,Daylight,Wet or damp,50,Pedal cycle,Afternoon,Serious
Raining,Daylight,Dry,30,Motorcycle,Morning,Slight
Normal,Daylight,Wet or damp,40,Bus/Coach,Night,Slight
Normal,Daylight,Wet or damp,30,Car,Morning,Slight
Raining,Darkness - lights lit,Flood over road,60,Car,Evening,Serious
Raining,Daylight,Dry,30,Pedal cycle,Evening,Slight
Normal,Darkness - lights lit,,50,Goods vehicle,Evening,Slight
Normal,Daylight,Dry,30,Car,Afternoon,Slight
Raining,Darkness - lights lit,Dry,50,Pedal cycle,Night,Fatal
Normal,Darkness - lights lit,Dry,30,Motorcycle,Evening,Slight
Normal,Darkness - no lighting,Dry,50,Car,Morning,Slight
Fog or mist,Daylight,Dry,30,Car,Afternoon,Slight
Normal,Daylight,Dry,20,Motorcycle,Morning,Slight
Normal,Daylight,Snow,30,Other,Morning,Slight
Normal,Daylight,Dry,30,Car,Evening,Slight
Normal,Daylight,Dry,20,Car,Afternoon,Slight
Fog or mist,Darkness - lights lit,Snow,70,Motorcycle,Evening,Fatal
Normal,Daylight,Wet or damp,30,Car,Afternoon,Slight
,Darkness - lights lit,Wet or damp,30,Bus/Coach,Morning,Slight
Normal,Daylight,Wet or damp,30,Motorcycle,Afternoon,Slight
Fog or mist,Daylight,Dry,60,Motorcycle,Evening,Serious
,Daylight,Wet or damp,20,Car,Morning,Slight
Fog or mist,Daylight,Dry,30,Bus/Coach,Night,Slight
Raining,Daylight,Dry,20,Pedal cycle,Evening,Slight
Fog or mist,Daylight,Dry,30,Other,Afternoon,Slight
Other,Daylight,Dry,30,Goods vehicle,Evening,Serious
Normal,Daylight,Dry,40,Car,Afternoon,Slight
Raining,Daylight,Wet or damp,20,Car,Evening,Slight
Snowing,Daylight,Dry,30,Car,Morning,Slight
Normal,Daylight,Dry,70,Car,Afternoon,Slight
Normal,Darkness - no lighting,Ice,50,Goods vehicle,Night,Fatal
Normal,Daylight,Dry,20,Car,Evening,Slight
Normal,Darkness - no lighting,Wet or damp,30,Bus/Coach,Afternoon,Slight
Normal,Daylight,Dry,20,Car,Afternoon,Slight
Snowing,Daylight,Dry,70,Pedal cycle,Morning,Slight
Raining,Daylight,Dry,20,Car,Night,Slight
Normal,Darkness - lights lit,Dry,30,Car,Morning,Slight
Raining,Daylight,Wet or damp,20,Car,Evening,Slight
Normal,Daylight,Dry,20,Motorcycle,Morning,Slight
Raining,Darkness - no lighting,Dry,40,Other,Morning,Slight
Normal,Darkness - lights lit,Dry,30,Motorcycle,Afternoon,Slight
Normal,Darkness - lighting unknown,Wet or damp,40,Pedal cycle,Evening,Slight
Fog or mist,Darkness - lights lit,Dry,30,Car,Morning,Slight
Normal,Darkness - lights lit,Snow,30,Car,Afternoon,Slight
Normal,Daylight,Wet or damp,30,Car,Morning,Slight
Normal,Daylight,Dry,50,Other,Morning,Slight
Normal,Darkness - lights lit,Dry,30,Car,Evening,Slight
Fog or mist,Daylight,,30,Goods vehicle,Afternoon,Slight
Snowing,Daylight,Dry,30,Motorcycle,Afternoon,Slight
Snowing,Darkness - lights lit,Dry,20,Bus/Coach,Night,Slight
Normal,Darkness - lights lit,Dry,60,Car,Afternoon,Slight
Fog or mist,Daylight,Flood over road,20,Car,Afternoon,Slight
Normal,Daylight,Dry,70,Other,Morning,Slight
Raining,Daylight,Dry,30,Bus/Coach,Morning,Slight
Normal,Darkness - lights lit,Wet or damp,20,Bus/Coach,Morning,Slight
Normal,Daylight,Wet or damp,30,Car,Morning,Slight
Normal,Darkness - no lighting,Wet or damp,30,Goods vehicle,Night,Serious
Normal,Darkness - lights lit,Dry,30,Car,Afternoon,Slight
Normal,Daylight,Wet or damp,30,Goods vehicle,Night,Slight
Raining,Darkness - lights lit,Wet or damp,50,Goods vehicle,Morning,Serious
Normal,Darkness - no lighting,Snow,60,Motorcycle,Morning,Fatal
Unknown,Darkness - no lighting,Wet or damp,40,Car,Night,Fatal
Normal,Daylight,Wet or damp,20,Car,Afternoon,Slight
Fog or mist,Darkness - no lighting,Ice,70,Goods vehicle,Morning,Fatal
Raining,Daylight,Dry,30,Motorcycle,Afternoon,Slight
,Daylight,Dry,50,Motorcycle,Afternoon,Slight
Normal,Darkness - lighting unknown,Wet or damp,30,Car,Morning,Slight
Normal,Darkness - lights lit,Dry,30,Car,Afternoon,Slight
,Darkness - lights lit,Dry,30,Car,Evening,Slight
Raining,Daylight,Wet or damp,30,Car,Night,Slight
Normal,Daylight,Snow,20,Car,Afternoon,Slight
Normal,Daylight,Dry,20,Pedal cycle,Morning,Slight
Snowing,Daylight,Dry,30,Bus/Coach,Afternoon,Slight
Normal,Darkness - lighting unknown,Wet or damp,60,Car,Afternoon,Serious
Normal,Daylight,Dry,20,Car,Morning,Slight
Other,Daylight,Dry,30,Bus/Coach,Morning,Slight
Raining,Daylight,Dry,20,Car,Morning,Slight
Raining,Daylight,Dry,30,Car,Afternoon,Slight
Normal,Darkness - lights lit,Ice,40,Bus/Coach,Evening,Serious
Normal,Daylight,Dry,40,Car,Afternoon,Slight
Raining,Daylight,Dry,30,Pedal cycle,Afternoon,Slight
Normal,Daylight,Dry,30,Car,Afternoon,Slight
Normal,Daylight,Dry,30,Bus/Coach,Afternoon,Slight
Raining,Darkness - lighting unknown,Dry,50,Car,Afternoon,Slight
Other,Daylight,Wet or damp,60,Motorcycle,Afternoon,Serious
Raining,Darkness - no lighting,Snow,60,Car,Evening,Fatal
Raining,Daylight,Wet or damp,30,Car,Night,Slight
,Darkness - lights lit,Dry,20,Goods vehicle,Morning,Slight
Snowing,Darkness - lighting unknown,Dry,20,Bus/Coach,Morning,Slight
Normal,Daylight,,50,Car,Afternoon,Slight
Normal,Daylight,Dry,70,Bus/Coach,Morning,Slight
Normal,Darkness - lights lit,Wet or damp,30,Car,Morning,Slight
Normal,Daylight,Dry,30,Goods vehicle,Afternoon,Slight
Normal,Daylight,Dry,70,Car,Morning,Slight
Snowing,Daylight,Wet or damp,30,Pedal cycle,Morning,Slight
Raining,Daylight,Dry,30,Car,Night,Slight
Normal,Darkness - lights lit,Wet or damp,40,Car,Afternoon,Serious
Normal,Darkness - no lighting,Wet or damp,60,Motorcycle,Evening,Fatal
Unknown,Darkness - lights lit,Wet or damp,40,Car,Morning,Serious
Normal,Daylight,Flood over road,20,Car,Evening,Slight
Normal,Daylight,Snow,20,Car,Morning,Slight
Raining,Daylight,Dry,30,Other,Morning,Slight
Normal,Darkness - lights lit,Wet or damp,20,Car,Morning,Slight
Normal,Daylight,Dry,60,Bus/Coach,Morning,Slight
Normal,Daylight,Dry,40,Goods vehicle,Night,Slight
Snowing,Darkness - lights lit,Dry,70,Pedal cycle,Evening,Slight
Normal,Darkness - no lighting,Dry,40,Motorcycle,Afternoon,Slight
Normal,Darkness - lights lit,Dry,30,Bus/Coach,Morning,Slight
,Daylight,Dry,60,Car,Night,Slight
Normal,Daylight,Dry,70,Car,Morning,Slight
Fog or mist,Darkness - lighting unknown,Dry,20,Motorcycle,Evening,Serious
Normal,Darkness - lights lit,Dry,20,Pedal cycle,Morning,Slight
Other,Darkness - lights lit,Wet or damp,30,Pedal cycle,Morning,Serious
Normal,Daylight,Flood over road,50,Car,Afternoon,Slight
Snowing,Daylight,Flood over road,20,Car,Afternoon,Slight
Snowing,Daylight,Flood over road,50,Goods vehicle,Afternoon,Slight
Normal,Darkness - lighting unknown,Dry,30,Other,Morning,Slight
Normal,Darkness - no lighting,Dry,60,Car,Evening,Slight
Normal,Darkness - lights lit,Dry,30,Car,Afternoon,Slight
Normal,Daylight,Dry,30,Goods vehicle,Afternoon,Slight
Normal,Daylight,Snow,30,Car,Morning,Slight
Normal,Daylight,Dry,30,Car,Afternoon,Slight
Normal,Daylight,,20,Bus/Coach,Afternoon,Slight
Other,Darkness - lights lit,Dry,30,Car,Night,Slight
Snowing,Daylight,Snow,30,Car,Evening,Serious
Normal,Darkness - lights lit,,70,Bus/Coach,Night,Fatal
Normal,Daylight,Dry,40,Car,Morning,Slight
Normal,Daylight,Dry,40,Car,Afternoon,Slight
Normal,Daylight,Dry,60,Car,Afternoon,Slight
Normal,Daylight,Dry,40,Motorcycle,Evening,Serious
Fog or mist,Daylight,Wet or damp,20,Car,Morning,Slight
Fog or mist,Darkness - lights lit,Dry,20,Car,Morning,Slight
Normal,Daylight,Dry,20,Motorcycle,Afternoon,Slight
Raining,Darkness - lights lit,Dry,30,Bus/Coach,Afternoon,Serious
Raining,Darkness - lights lit,Dry,40,Car,Afternoon,Slight
,Daylight,Dry,20,Goods vehicle,Morning,Slight
Normal,Darkness - lights lit,Dry,20,Car,Afternoon,Slight
Raining,Darkness - lights lit,Dry,20,Other,Morning,Slight
Raining,Daylight,Dry,20,Car,Afternoon,Slight
Normal,Darkness - lights lit,Snow,50,Goods vehicle,Morning,Slight
Raining,Darkness - no lighting,Dry,20,Motorcycle,Night,Serious
Snowing,Daylight,Dry,40,Motorcycle,Afternoon,Slight
Fog or mist,Darkness - lights lit,Ice,40,Bus/Coach,Morning,Serious
,Daylight,Dry,30,Car,Morning,Slight
Normal,Daylight,Dry,20,Pedal cycle,Morning,Slight
Normal,Daylight,Dry,40,Car,Morning,Slight
Normal,Daylight,,50,Bus/Coach,Evening,Slight
Normal,Daylight,Wet or damp,30,Car,Morning,Slight
Raining,Daylight,Dry,40,Bus/Coach,Night,Slight
Normal,Daylight,Dry,50,Motorcycle,Afternoon,Slight
Snowing,Daylight,Dry,70,Car,Afternoon,Slight
Fog or mist,Daylight,Ice,20,Car,Morning,Slight
Other,Darkness - lights lit,Dry,20,Car,Morning,Slight
Normal,Darkness - lights lit,Dry,30,Motorcycle,Morning,Slight
Fog or mist,Darkness - lights lit,Dry,40,Car,Evening,Serious
Normal,Darkness - no lighting,Dry,40,Motorcycle,Morning,Slight
Raining,Darkness - lights lit,Dry,20,Bus/Coach,Night,Slight
Raining,Darkness - lighting unknown,Dry,20,Car,Night,Serious
Normal,Darkness - lights lit,Dry,50,Car,Night,Serious
Raining,Daylight,Dry,30,Car,Morning,Slight
Normal,Daylight,Dry,40,Car,Afternoon,Slight
Fog or mist,Daylight,Wet or damp,50,Car,Evening,Serious
Normal,Daylight,Dry,30,Car,Morning,Slight
Raining,Daylight,Dry,20,Car,Night,Slight
Normal,Daylight,Dry,50,Car,Evening,Slight
Normal,Darkness - no lighting,Dry,20,Car,Morning,Slight
Normal,Daylight,,20,Pedal cycle,Morning,Slight
Normal,Darkness - lights lit,Dry,20,Car,Afternoon,Slight
Normal,Darkness - lighting unknown,Dry,40,Car,Morning,Slight
Normal,Daylight,Wet or damp,70,Car,Morning,Slight
Normal,Daylight,Ice,40,Other,Morning,Slight
Normal,Daylight,Wet or damp,50,Car,Morning,Slight
Normal,Daylight,Dry,20,Goods vehicle,Afternoon,Slight
Normal,Daylight,Dry,30,Bus/Coach,Morning,Slight
Normal,Daylight,Dry,20,Car,Afternoon,Slight
Snowing,Darkness - lights lit,Wet or damp,60,Car,Afternoon,Fatal
Normal,Daylight,Dry,70,Car,Night,Slight
Normal,Darkness - no lighting,Dry,30,Car,Morning,Slight
Raining,Darkness - lighting unknown,Wet or damp,50,Car,Evening,Fatal
Normal,Daylight,Wet or damp,50,Car,Afternoon,Slight
Raining,Darkness - lights lit,Wet or damp,50,Car,Afternoon,Serious
Normal,Daylight,Dry,30,Car,Morning,Slight
Snowing,Daylight,Dry,20,Goods vehicle,Afternoon,Slight
Raining,Daylight,Dry,20,Car,Afternoon,Slight
Raining,Daylight,Dry,30,Car,Morning,Slight
Other,Daylight,Dry,20,Goods vehicle,Night,Slight
Normal,Darkness - lighting unknown,Dry,40,Motorcycle,Night,Serious
Raining,Darkness - lights lit,Dry,40,Car,Afternoon,Slight
Fog or mist,Darkness - lighting unknown,Dry,30,Car,Morning,Slight
Normal,Daylight,Dry,20,Car,Morning,Slight
Raining,Darkness - no lighting,Dry,30,Other,Afternoon,Serious
Snowing,Daylight,,20,Car,Morning,Slight
Normal,Darkness - lights lit,Ice,30,Car,Afternoon,Slight
Normal,Daylight,Wet or damp,30,Other,Evening,Slight
Raining,Daylight,Dry,30,Goods vehicle,Evening,Slight
Normal,Daylight,Dry,70,Bus/Coach,Afternoon,Slight
Normal,Daylight,Dry,30,Goods vehicle,Morning,Slight
Fog or mist,Darkness - no lighting,Dry,30,Car,Night,Serious
Normal,Darkness - lights lit,Ice,30,Other,Afternoon,Serious
Raining,Darkness - lights lit,Wet or damp,60,Car,Evening,Serious
Fog or mist,Daylight,Dry,20,Car,Afternoon,Slight
Raining,Daylight,Dry,30,Car,Morning,Slight
Normal,Darkness - no lighting,Dry,40,Other,Afternoon,Serious
Normal,Darkness - lights lit,Dry,70,Car,Afternoon,Slight
,Daylight,Dry,40,Car,Evening,Slight
Normal,Daylight,Dry,20,Bus/Coach,Afternoon,Slight
Raining,Daylight,Dry,30,Car,Evening,Slight
Normal,Darkness - lighting unknown,Dry,20,Car,Morning,Slight
Normal,Daylight,Wet or damp,30,Motorcycle,Afternoon,Slight
Normal,Daylight,Wet or damp,20,Car,Afternoon,Slight
Raining,Daylight,Dry,30,Car,Morning,Slight
,Daylight,Dry,40,Car,Morning,Slight
Normal,Daylight,Dry,30,Car,Afternoon,Slight
Normal,Daylight,Dry,50,Motorcycle,Afternoon,Slight
Snowing,Darkness - lights lit,Wet or damp,30,Other,Evening,Serious
Normal,Darkness - lights lit,Dry,20,Car,Evening,Slight
Raining,Darkness - lights lit,Wet or damp,30,Motorcycle,Morning,Slight
Normal,Daylight,Dry,20,Car,Evening,Slight
Normal,Daylight,Dry,30,Car,Afternoon,Slight
Normal,Daylight,Dry,50,Goods vehicle,Morning,Slight
Unknown,Darkness - lights lit,Dry,20,Car,Afternoon,Slight
Normal,Darkness - lights lit,Wet or damp,30,Car,Evening,Slight
Raining,Daylight,Snow,30,Car,Afternoon,Slight
Normal,Daylight,Wet or damp,60,Car,Morning,Serious
Normal,Daylight,Dry,30,Bus/Coach,Afternoon,Slight
Raining,Daylight,Wet or damp,30,Car,Afternoon,Slight
Other,Darkness - lights lit,Wet or damp,30,Car,Afternoon,Slight
Normal,Daylight,Wet or damp,20,Car,Evening,Slight
,Daylight,Dry,70,Car,Night,Slight
,Daylight,Dry,50,Car,Morning,Slight
Normal,Daylight,Snow,30,Car,Night,Slight
Raining,Daylight,Dry,30,Motorcycle,Afternoon,Slight
Normal,Daylight,,30,Car,Afternoon,Slight
Normal,Daylight,Dry,30,Motorcycle,Afternoon,Slight
Raining,Darkness - no lighting,Wet or damp,60,Car,Afternoon,Fatal
Normal,Daylight,Wet or damp,30,Car,Morning,Slight
Normal,Daylight,Dry,40,Motorcycle,Afternoon,Slight
Normal,Daylight,Dry,30,Car,Afternoon,Slight
Normal,Daylight,Dry,20,Goods vehicle,Morning,Slight
Normal,Darkness - no lighting,Wet or damp,20,Car,Afternoon,Slight
Normal,Daylight,Dry,60,Car,Afternoon,Slight
Normal,Daylight,Ice,50,Motorcycle,Afternoon,Slight
Raining,Daylight,Dry,30,Motorcycle,Morning,Slight
Normal,Daylight,Dry,30,Pedal cycle,Morning,Slight
Normal,Darkness - lighting unknown,Wet or damp,30,Car,Afternoon,Slight
Snowing,Daylight,Flood over road,20,Car,Evening,Slight
Raining,Darkness - no lighting,Dry,20,Motorcycle,Afternoon,Slight
Normal,Darkness - lights lit,Snow,40,Bus/Coach,Afternoon,Slight
,Daylight,Wet or damp,30,Car,Afternoon,Slight
Normal,Daylight,Dry,30,Car,Afternoon,Slight
,Darkness - lights lit,Dry,40,Bus/Coach,Afternoon,Serious
Normal,Daylight,Dry,20,Goods vehicle,Afternoon,Slight
Normal,Daylight,Dry,30,Car,Morning,Slight
Normal,Darkness - lights lit,Wet or damp,60,Motorcycle,Afternoon,Slight
Normal,Darkness - no lighting,Dry,30,Car,Evening,Slight
Snowing,Daylight,Snow,20,Car,Morning,Slight
Normal,Daylight,Wet or damp,50,Car,Morning,Slight
,Darkness - lights lit,Dry,30,Car,Afternoon,Slight
Normal,Daylight,Dry,60,Car,Afternoon,Slight
Normal,Daylight,Dry,30,Car,Morning,Slight
Normal,Daylight,Dry,40,Bus/Coach,Evening,Slight
Normal,Darkness - lights lit,Dry,30,Car,Afternoon,Slight
Raining,Darkness - lights lit,Flood over road,20,Car,Night,Serious
Normal,Daylight,Dry,20,Car,Morning,Slight
Normal,Daylight,,20,Car,Afternoon,Slight
Normal,Daylight,Dry,50,Car,Night,Slight
Snowing,Darkness - no lighting,Ice,70,Goods vehicle,Afternoon,Fatal
Normal,Daylight,Dry,30,Car,Afternoon,Slight
Normal,Daylight,Dry,30,Car,Afternoon,Slight
Normal,Daylight,Wet or damp,30,Car,Afternoon,Slight
Normal,Darkness - lights lit,Dry,40,Bus/Coach,Morning,Slight
Normal,Daylight,Dry,30,Bus/Coach,Night,Slight
Normal,Daylight,Dry,30,Pedal cycle,Morning,Slight
Normal,Daylight,Dry,60,Car,Afternoon,Slight
Normal,Daylight,Dry,20,Car,Night,Slight
Raining,Darkness - no lighting,Dry,50,Bus/Coach,Afternoon,Slight
Normal,Daylight,Dry,60,Car,Night,Serious
,Daylight,Snow,30,Car,Evening,Slight
Normal,Darkness - no lighting,Wet or damp,70,Goods vehicle,Night,Fatal
Normal,Daylight,Wet or damp,60,Car,Morning,Slight
Raining,Daylight,Dry,20,Car,Night,Slight
Raining,Darkness - lights lit,Flood over road,30,Pedal cycle,Morning,Serious
Raining,Darkness - lights lit,Snow,20,Car,Afternoon,Serious
Normal,Daylight,Dry,30,Pedal cycle,Morning,Slight
,Daylight,Wet or damp,20,Car,Morning,Slight
Raining,Darkness - lights lit,Dry,30,Car,Afternoon,Slight
Normal,Darkness - no lighting,Dry,30,Goods vehicle,Afternoon,Slight
Normal,Darkness - no lighting,Dry,50,Bus/Coach,Afternoon,Slight
Normal,Daylight,Wet or damp,40,Motorcycle,Night,Slight
Raining,Darkness - lights lit,Snow,70,Motorcycle,Evening,Fatal
Normal,Darkness - lighting unknown,Dry,70,Car,Evening,Slight
Raining,Darkness - no lighting,Dry,40,Other,Morning,Slight
Snowing,Daylight,Wet or damp,30,Bus/Coach,Morning,Slight
Raining,Daylight,Dry,70,Car,Morning,Slight
Normal,Darkness - lighting unknown,Wet or damp,30,Car,Night,Slight
Normal,Daylight,Dry,70,Bus/Coach,Morning,Slight
Normal,Daylight,Dry,30,Goods vehicle,Night,Slight
Normal,Darkness - lights lit,Dry,20,Car,Morning,Slight
Fog or mist,Daylight,Dry,20,Car,Afternoon,Slight
Normal,Darkness - lighting unknown,Wet or damp,50,Car,Morning,Slight
Normal,Daylight,Flood over road,50,Car,Evening,Slight
Normal,Daylight,Dry,20,Car,Afternoon,Slight
Normal,Daylight,Dry,30,Car,Afternoon,Slight
Normal,Darkness - lights lit,Dry,30,Car,Afternoon,Slight
Normal,Darkness - lights lit,Wet or damp,20,Other,Afternoon,Serious
Normal,Daylight,Dry,30,Car,Morning,Slight
Raining,Daylight,Dry,30,Car,Night,Slight
Normal,Darkness - lighting unknown,Dry,40,Motorcycle,Afternoon,Slight
Snowing,Daylight,Dry,30,Car,Afternoon,Slight
Normal,Daylight,Dry,20,Car,Morning,Slight
Normal,Daylight,Wet or damp,20,Car,Night,Slight
Normal,Darkness - lights lit,Dry,60,Car,Evening,Slight
Fog or mist,Daylight,Dry,50,Car,Afternoon,Slight
Raining,Daylight,Snow,30,Car,Morning,Slight
Raining,Daylight,Dry,20,Car,Morning,Slight
Normal,Daylight,Dry,30,Car,Afternoon,Slight
Normal,Daylight,Wet or damp,30,Pedal cycle,Night,Slight
Fog or mist,Daylight,Dry,20,Car,Afternoon,Slight
Snowing,Darkness - no lighting,Ice,60,Car,Night,Fatal
Raining,Daylight,Dry,20,Car,Morning,Slight
Raining,Daylight,Wet or damp,40,Car,Morning,Serious
Normal,Darkness - no lighting,Snow,30,Car,Afternoon,Slight
Normal,Daylight,Dry,20,Motorcycle,Morning,Slight
Normal,Daylight,Dry,40,Motorcycle,Morning,Slight
Normal,Darkness - no lighting,Wet or damp,50,Car,Night,Fatal
Unknown,Daylight,Snow,20,Car,Morning,Slight
Normal,Darkness - lighting unknown,Dry,60,Motorcycle,Evening,Serious
Fog or mist,Darkness - lighting unknown,Snow,70,Bus/Coach,Night,Fatal
Raining,Daylight,Wet or damp,30,Bus/Coach,Morning,Slight
Normal,Darkness - lights lit,Dry,30,Car,Evening,Slight
Snowing,Daylight,Dry,60,Car,Morning,Slight
,Darkness - lights lit,Snow,20,Car,Afternoon,Slight
Raining,Daylight,Dry,20,Car,Morning,Slight
Other,Darkness - no lighting,Dry,30,Motorcycle,Evening,Serious
Fog or mist,Daylight,Flood over road,30,Pedal cycle,Evening,Serious
Normal,Darkness - lights lit,Dry,50,Car,Evening,Slight
Snowing,Darkness - lighting unknown,Wet or damp,70,Car,Night,Fatal
Normal,Daylight,Dry,70,Car,Afternoon,Slight
Fog or mist,Darkness - no lighting,Wet or damp,40,Motorcycle,Afternoon,Serious
Raining,Daylight,Wet or damp,30,Car,Evening,Slight
Normal,Darkness - no lighting,Wet or damp,30,Car,Morning,Serious
Normal,Daylight,Dry,20,Motorcycle,Afternoon,Slight
Raining,Daylight,Dry,20,Bus/Coach,Morning,Slight
Normal,Daylight,Wet or damp,30,Car,Morning,Slight
Normal,Daylight,Dry,40,Car,Evening,Slight
Unknown,Darkness - lighting unknown,Flood over road,60,Car,Afternoon,Serious
Normal,Daylight,Snow,70,Car,Afternoon,Slight
Normal,Daylight,Snow,50,Car,Morning,Slight
Normal,Daylight,Flood over road,30,Car,Night,Slight
Normal,Daylight,Dry,30,Car,Afternoon,Slight
Normal,Daylight,Dry,50,Other,Night,Serious
Normal,Daylight,,30,Car,Afternoon,Slight
Normal,Darkness - no lighting,Dry,30,Car,Night,Slight
Normal,Daylight,Wet or damp,20,Car,Morning,Slight
Normal,Daylight,Wet or damp,50,Car,Morning,Slight
Normal,Daylight,Dry,60,Car,Morning,Slight
Fog or mist,Darkness - lights lit,Wet or damp,20,Motorcycle,Morning,Slight
Snowing,Darkness - no lighting,Wet or damp,60,Goods vehicle,Night,Fatal
,Darkness - lights lit,Wet or damp,20,Car,Afternoon,Slight
Normal,Daylight,Dry,30,Car,Night,Slight
Raining,Daylight,Dry,20,Other,Afternoon,Slight
Normal,Daylight,Dry,20,Car,Morning,Slight
Raining,Daylight,Dry,30,Car,Afternoon,Slight
Normal,Daylight,Dry,70,Car,Morning,Slight
Normal,Daylight,Dry,50,Car,Afternoon,Slight
Normal,Darkness - lights lit,Wet or damp,30,Car,Morning,Slight
Fog or mist,Daylight,,30,Car,Morning,Slight
Normal,Darkness - lights lit,Wet or damp,40,Motorcycle,Evening,Serious
,Daylight,Dry,30,Other,Night,Slight
Snowing,Darkness - lights lit,Dry,30,Goods vehicle,Afternoon,Slight
Normal,Daylight,Dry,50,Car,Evening,Slight
Normal,Daylight,,50,Goods vehicle,Afternoon,Slight
Normal,Daylight,Dry,30,Car,Morning,Slight
Normal,Daylight,Dry,30,Car,Morning,Slight
Normal,Darkness - no lighting,Dry,30,Car,Morning,Slight
,Daylight,Wet or damp,50,Car,Morning,Slight
Normal,Darkness - lights lit,Flood over road,20,Bus/Coach,Afternoon,Slight
Normal,Daylight,Dry,30,Other,Afternoon,Slight
Unknown,Daylight,Dry,30,Car,Night,Slight
Normal,Daylight,,30,Car,Afternoon,Slight
Normal,Daylight,Dry,60,Car,Afternoon,Slight
Normal,Darkness - lights lit,Dry,30,Car,Morning,Slight
Raining,Daylight,Dry,40,Bus/Coach,Morning,Slight
Snowing,Darkness - lights lit,Dry,30,Other,Afternoon,Slight
Normal,Darkness - lights lit,Dry,20,Car,Morning,Slight
Raining,Daylight,Dry,30,Car,Morning,Slight
Normal,Darkness - lighting unknown,Dry,30,Goods vehicle,Afternoon,Slight
Normal,Daylight,Dry,30,Car,Afternoon,Slight
Normal,Daylight,Dry,50,Goods vehicle,Morning,Serious
,Darkness - lights lit,Dry,40,Other,Night,Serious
Normal,Daylight,Ice,40,Car,Evening,Slight
Normal,Darkness - lights lit,Dry,30,Car,Morning,Slight
Normal,Daylight,Dry,30,Pedal cycle,Morning,Slight
Unknown,Daylight,Wet or damp,20,Goods vehicle,Afternoon,Slight
Normal,Darkness - no lighting,Snow,70,Car,Evening,Fatal
Normal,Daylight,Dry,40,Car,Morning,Slight
Normal,Daylight,Dry,30,Other,Morning,Slight
Raining,Daylight,Snow,60,Car,Afternoon,Slight
Raining,Darkness - no lighting,Dry,30,Car,Afternoon,Serious
Raining,Darkness - lights lit,Wet or damp,20,Goods vehicle,Evening,Serious
Raining,Darkness - lights lit,Flood over road,30,Car,Afternoon,Serious
Normal,Daylight,Snow,40,Car,Morning,Slight
Normal,Darkness - lights lit,Dry,30,Motorcycle,Evening,Serious
Other,Daylight,Wet or damp,30,Goods vehicle,Night,Slight
Normal,Daylight,,50,Car,Morning,Slight
Normal,Daylight,Dry,30,Pedal cycle,Morning,Slight
Normal,Darkness - lighting unknown,Wet or damp,20,Bus/Coach,Afternoon,Slight
,Daylight,Snow,70,Other,Morning,Fatal
Normal,Daylight,Dry,30,Other,Evening,Slight
,Darkness - lights lit,Dry,20,Other,Afternoon,Slight
Fog or mist,Darkness - lighting unknown,Wet or damp,20,Car,Afternoon,Slight
Unknown,Darkness - lighting unknown,Snow,20,Bus/Coach,Evening,Slight
Normal,Darkness - lights lit,Dry,60,Car,Afternoon,Slight
Unknown,Darkness - no lighting,Ice,70,Pedal cycle,Night,Fatal
,Daylight,Wet or damp,40,Goods vehicle,Morning,Slight
Normal,Daylight,Dry,50,Car,Morning,Slight
Unknown,Daylight,Wet or damp,20,Goods vehicle,Evening,Serious
Normal,Daylight,Dry,40,Bus/Coach,Evening,Slight
Fog or mist,Daylight,Dry,70,Car,Evening,Fatal
Other,Daylight,Dry,60,Motorcycle,Morning,Slight
Normal,Darkness - no lighting,Wet or damp,30,Goods vehicle,Afternoon,Serious
Snowing,Daylight,Dry,70,Car,Afternoon,Slight
Normal,Daylight,Dry,20,Motorcycle,Morning,Slight
Raining,Daylight,Wet or damp,30,Other,Night,Slight
Normal,Darkness - no lighting,Flood over road,30,Motorcycle,Morning,Slight
Normal,Daylight,Dry,20,Bus/Coach,Afternoon,Slight
,Daylight,Dry,30,Car,Evening,Slight
,Daylight,Wet or damp,40,Car,Afternoon,Slight
Raining,Daylight,Wet or damp,60,Other,Evening,Slight
Normal,Daylight,Dry,20,Motorcycle,Afternoon,Slight
Raining,Darkness - lights lit,Wet or damp,60,Other,Afternoon,Serious
Normal,Darkness - lights lit,Dry,40,Bus/Coach,Afternoon,Slight
Snowing,Darkness - lights lit,Dry,40,Motorcycle,Night,Serious
Normal,Daylight,Dry,30,Car,Morning,Slight
Normal,Darkness - lights lit,Wet or damp,20,Car,Afternoon,Slight
Normal,Daylight,Dry,30,Car,Afternoon,Slight
Normal,Daylight,Dry,20,Car,Morning,Slight
Raining,Daylight,Dry,30,Motorcycle,Morning,Slight
Normal,Daylight,Dry,40,Bus/Coach,Morning,Slight
Other,Daylight,Dry,50,Goods vehicle,Evening,Serious
Normal,Darkness - lights lit,Dry,20,Car,Afternoon,Serious
Normal,Daylight,Dry,20,Car,Morning,Slight
Normal,Daylight,Dry,60,Car,Afternoon,Slight
Normal,Daylight,Wet or damp,30,Car,Morning,Slight
Raining,Darkness - lights lit,Wet or damp,50,Car,Night,Fatal
Normal,Darkness - lighting unknown,Dry,40,Car,Afternoon,Slight
Raining,Darkness - no lighting,Dry,40,Car,Morning,Slight
Normal,Daylight,Ice,40,Motorcycle,Evening,Serious
Normal,Darkness - lighting unknown,Dry,30,Car,Evening,Slight
Normal,Darkness - no lighting,Ice,70,Motorcycle,Evening,Fatal
Raining,Darkness - lighting unknown,Dry,20,Car,Night,Slight
Raining,Daylight,Wet or damp,20,Car,Night,Slight
Normal,Daylight,Dry,70,Car,Evening,Slight
,Darkness - lights lit,Wet or damp,20,Car,Afternoon,Slight
Fog or mist,Daylight,Dry,20,Car,Afternoon,Slight
Normal,Darkness - lights lit,Dry,30,Goods vehicle,Afternoon,Slight
Normal,Darkness - no lighting,Wet or damp,70,Car,Evening,Fatal
Other,Darkness - lighting unknown,Wet or damp,50,Car,Evening,Serious
Raining,Daylight,,20,Car,Afternoon,Slight
Normal,Daylight,Ice,60,Car,Morning,Slight
Normal,Daylight,Snow,60,Car,Afternoon,Slight
,Darkness - lights lit,Dry,30,Other,Afternoon,Slight
Normal,Darkness - lights lit,Dry,20,Goods vehicle,Morning,Slight
Normal,Darkness - lights lit,Wet or damp,70,Car,Afternoon,Slight
Fog or mist,Daylight,Dry,20,Car,Afternoon,Slight
Normal,Darkness - lights lit,Dry,30,Car,Afternoon,Slight
Fog or mist,Daylight,Snow,40,Motorcycle,Morning,Slight
Normal,Darkness - no lighting,,30,Other,Evening,Serious
Fog or mist,Daylight,Dry,30,Car,Morning,Slight
Normal,Daylight,Wet or damp,20,Car,Afternoon,Slight
Normal,Darkness - no lighting,Wet or damp,20,Car,Afternoon,Serious
Normal,Daylight,Wet or damp,20,Car,Morning,Slight
Normal,Daylight,Wet or damp,30,Car,Evening,Slight
Raining,Daylight,Dry,30,Car,Evening,Slight
Normal,Daylight,Wet or damp,50,Car,Morning,Slight
Raining,Daylight,Dry,30,Goods vehicle,Afternoon,Slight
Normal,Daylight,,50,Bus/Coach,Afternoon,Slight
Normal,Daylight,Wet or damp,20,Car,Morning,Slight
Raining,Daylight,Dry,40,Goods vehicle,Evening,Slight
Normal,Daylight,Dry,20,Pedal cycle,Afternoon,Slight
Snowing,Darkness - no lighting,Ice,20,Goods vehicle,Afternoon,Serious
Fog or mist,Daylight,Flood over road,50,Motorcycle,Night,Fatal
Other,Darkness - lights lit,Wet or damp,30,Car,Morning,Serious
Normal,Darkness - lights lit,Dry,30,Car,Afternoon,Slight
Normal,Daylight,Wet or damp,30,Car,Afternoon,Slight
Normal,Daylight,Dry,20,Car,Morning,Slight
Snowing,Daylight,Dry,20,Other,Afternoon,Slight
Raining,Daylight,Ice,20,Car,Morning,Slight
Normal,Daylight,Dry,30,Car,Night,Slight
Normal,Daylight,Wet or damp,50,Other,Morning,Slight
Normal,Daylight,Dry,40,Car,Morning,Slight
Snowing,Darkness - lights lit,Dry,60,Car,Afternoon,Slight
Normal,Daylight,Ice,30,Bus/Coach,Afternoon,Slight
Normal,Daylight,,30,Goods vehicle,Afternoon,Slight
Raining,Darkness - no lighting,Dry,30,Car,Morning,Slight
Normal,Daylight,Dry,20,Car,Morning,Slight
Raining,Darkness - no lighting,Wet or damp,20,Car,Evening,Serious
Normal,Daylight,Dry,40,Car,Morning,Slight
Normal,Darkness - lighting unknown,Dry,30,Motorcycle,Evening,Slight
Raining,Daylight,Dry,30,Pedal cycle,Afternoon,Slight
Normal,Daylight,Dry,40,Car,Morning,Slight
Normal,Daylight,Wet or damp,20,Motorcycle,Night,Slight
Normal,Darkness - lights lit,Dry,50,Car,Evening,Slight
Fog or mist,Darkness - lights lit,Dry,40,Car,Morning,Slight
Normal,Darkness - lights lit,,30,Motorcycle,Evening,Slight
Unknown,Daylight,Dry,60,Bus/Coach,Morning,Slight
Fog or mist,Daylight,Ice,70,Car,Night,Fatal
Snowing,Darkness - no lighting,Dry,70,Car,Morning,Fatal
Raining,Daylight,Snow,30,Car,Night,Slight
Raining,Daylight,Flood over road,30,Car,Afternoon,Slight
Normal,Daylight,Wet or damp,70,Goods vehicle,Afternoon,Slight
Normal,Daylight,Dry,50,Car,Night,Slight
Normal,Daylight,Dry,30,Motorcycle,Morning,Slight
Normal,Daylight,Dry,30,Car,Afternoon,Slight
Normal,Daylight,Dry,50,Car,Afternoon,Slight
Normal,Darkness - no lighting,,70,Motorcycle,Evening,Fatal
Snowing,Darkness - lights lit,Dry,40,Car,Morning,Slight
Normal,Darkness - lights lit,Dry,70,Goods vehicle,Morning,Slight
Fog or mist,Darkness - lighting unknown,Dry,60,Car,Evening,Serious
,Daylight,Dry,30,Car,Afternoon,Slight
Normal,Daylight,,20,Goods vehicle,Morning,Slight
Normal,Darkness - lights lit,Dry,20,Car,Afternoon,Slight
Normal,Darkness - no lighting,Dry,40,Car,Night,Serious
Normal,Daylight,Dry,20,Car,Evening,Slight
Raining,Daylight,Dry,60,Pedal cycle,Afternoon,Slight
Normal,Daylight,Wet or damp,40,Goods vehicle,Afternoon,Slight
Normal,Daylight,,30,Motorcycle,Evening,Serious
Normal,Darkness - lights lit,Dry,60,Car,Afternoon,Slight
,Darkness - no lighting,Ice,40,Motorcycle,Evening,Serious
Fog or mist,Darkness - no lighting,Wet or damp,50,Other,Morning,Serious
Unknown,Daylight,Dry,50,Goods vehicle,Morning,Slight
Raining,Darkness - lights lit,Dry,50,Car,Afternoon,Slight
Snowing,Darkness - lights lit,Wet or damp,50,Other,Evening,Fatal
Raining,Daylight,Wet or damp,20,Car,Night,Slight
Raining,Darkness - lights lit,Dry,30,Bus/Coach,Afternoon,Slight
Raining,Darkness - lights lit,Dry,20,Car,Afternoon,Slight
Fog or mist,Daylight,Ice,60,Goods vehicle,Evening,Serious
Fog or mist,Darkness - no lighting,Dry,50,Pedal cycle,Morning,Serious
Raining,Daylight,Dry,30,Car,Night,Slight
Normal,Daylight,Wet or damp,40,Car,Night,Serious
Fog or mist,Darkness - no lighting,Snow,50,Other,Evening,Serious
Raining,Daylight,Ice,20,Motorcycle,Morning,Slight
Unknown,Darkness - lights lit,Ice,40,Car,Afternoon,Serious
Normal,Darkness - lights lit,Dry,20,Car,Morning,Slight
Normal,Daylight,Wet or damp,20,Goods vehicle,Afternoon,Slight
Raining,Daylight,Ice,20,Car,Morning,Slight
Normal,Darkness - no lighting,Dry,30,Other,Afternoon,Slight
Other,Darkness - lights lit,Snow,30,Motorcycle,Morning,Slight
Other,Daylight,Dry,30,Bus/Coach,Afternoon,Serious
Normal,Darkness - no lighting,Dry,30,Car,Morning,Slight
Raining,Darkness - lighting unknown,Dry,40,Car,Evening,Slight
Normal,Daylight,Wet or damp,20,Car,Evening,Slight
Raining,Daylight,Wet or damp,30,Goods vehicle,Morning,Slight
Raining,Darkness - lights lit,Dry,50,Motorcycle,Evening,Serious
Normal,Daylight,Snow,60,Car,Afternoon,Slight
Snowing,Daylight,Flood over road,30,Car,Evening,Slight
Normal,Daylight,Dry,60,Motorcycle,Morning,Slight
Normal,Daylight,Dry,20,Motorcycle,Morning,Slight
Normal,Darkness - lights lit,Wet or damp,50,Motorcycle,Afternoon,Slight
Normal,Daylight,Dry,20,Motorcycle,Night,Slight
Normal,Daylight,Dry,20,Car,Morning,Slight
Normal,Darkness - lights lit,Flood over road,50,Motorcycle,Afternoon,Serious
Normal,Darkness - lights lit,Dry,30,Other,Evening,Slight
Normal,Darkness - lights lit,Wet or damp,20,Motorcycle,Morning,Slight
Fog or mist,Daylight,Dry,20,Car,Morning,Slight
Raining,Darkness - lights lit,Dry,40,Car,Morning,Slight
Normal,Daylight,Wet or damp,70,Car,Evening,Fatal
Normal,Daylight,,30,Car,Afternoon,Slight
Normal,Daylight,Dry,30,Bus/Coach,Night,Slight
Snowing,Darkness - lights lit,Snow,40,Car,Morning,Slight
Normal,Daylight,Dry,60,Car,Afternoon,Slight
Normal,Daylight,Wet or damp,60,Pedal cycle,Morning,Slight
Fog or mist,Darkness - lights lit,Wet or damp,30,Motorcycle,Afternoon,Slight
Normal,Darkness - lights lit,Wet or damp,20,Car,Afternoon,Slight
Fog or mist,Darkness - lights lit,,20,Car,Morning,Slight
Normal,Daylight,Dry,30,Car,Afternoon,Slight
Fog or mist,Daylight,Dry,20,Car,Morning,Slight
Other,Daylight,Wet or damp,60,Car,Morning,Slight
,Daylight,Dry,40,Motorcycle,Afternoon,Slight
,Daylight,Dry,30,Car,Night,Slight
Normal,Daylight,Snow,30,Car,Night,Slight
Raining,Darkness - lights lit,,40,Motorcycle,Evening,Serious
Normal,Daylight,Wet or damp,20,Pedal cycle,Morning,Slight
Normal,Daylight,Dry,20,Motorcycle,Afternoon,Slight
Normal,Daylight,Dry,20,Car,Afternoon,Slight
Normal,Daylight,Wet or damp,50,Car,Morning,Slight
Unknown,Darkness - lights lit,Snow,40,Car,Evening,Serious
Normal,Daylight,Wet or damp,50,Car,Afternoon,Slight
Normal,Darkness - no lighting,Dry,30,Bus/Coach,Afternoon,Slight
Raining,Darkness - no lighting,Dry,20,Car,Afternoon,Slight
Normal,Daylight,Dry,40,Car,Afternoon,Slight
Unknown,Daylight,Dry,40,Car,Afternoon,Slight
Snowing,Darkness - no lighting,,70,Car,Night,Fatal
Normal,Darkness - lighting unknown,Dry,20,Car,Night,Slight
Normal,Darkness - lights lit,Dry,70,Motorcycle,Afternoon,Slight
Normal,Darkness - lights lit,Dry,20,Car,Afternoon,Slight
Normal,Darkness - no lighting,Dry,60,Pedal cycle,Afternoon,Slight
,Darkness - lighting unknown,Snow,70,Other,Morning,Slight
Raining,Daylight,Dry,20,Car,Morning,Slight
Normal,Daylight,Dry,50,Goods vehicle,Morning,Slight
Normal,Darkness - lights lit,Dry,30,Car,Morning,Slight
Raining,Darkness - no lighting,Dry,30,Motorcycle,Night,Fatal
Normal,Darkness - lights lit,Dry,30,Other,Afternoon,Slight
Raining,Daylight,Snow,40,Car,Afternoon,Slight
Normal,Daylight,Dry,30,Bus/Coach,Morning,Slight
Normal,Darkness - lights lit,Dry,20,Car,Afternoon,Slight
Normal,Daylight,Dry,40,Car,Afternoon,Slight
,Daylight,Dry,20,Bus/Coach,Morning,Slight
,Darkness - no lighting,Snow,20,Other,Night,Serious
Raining,Darkness - lights lit,Wet or damp,20,Car,Afternoon,Slight
,Daylight,Ice,30,Bus/Coach,Afternoon,Slight
Normal,Darkness - lights lit,Flood over road,20,Goods vehicle,Afternoon,Slight
Raining,Daylight,Wet or damp,20,Bus/Coach,Morning,Slight
Normal,Daylight,Dry,20,Car,Afternoon,Slight
Other,Darkness - lights lit,Wet or damp,70,Other,Morning,Serious
Raining,Darkness - lights lit,Dry,30,Car,Evening,Slight
Normal,Daylight,Wet or damp,30,Car,Morning,Slight
Snowing,Darkness - no lighting,Dry,40,Car,Evening,Serious
Raining,Daylight,,20,Car,Afternoon,Slight
Normal,Daylight,Dry,50,Bus/Coach,Evening,Slight
Raining,Darkness - lights lit,Wet or damp,70,Motorcycle,Evening,Serious
Normal,Darkness - lights lit,Dry,20,Bus/Coach,Morning,Slight
Normal,Daylight,Dry,70,Car,Morning,Slight
Normal,Daylight,Dry,30,Bus/Coach,Afternoon,Slight
Raining,Darkness - lights lit,Dry,20,Car,Afternoon,Slight
Normal,Darkness - no lighting,Wet or damp,20,Car,Morning,Slight
Normal,Daylight,Ice,40,Car,Morning,Slight
Normal,Darkness - lights lit,Dry,20,Car,Morning,Slight
Fog or mist,Daylight,Wet or damp,30,Car,Morning,Slight
Normal,Daylight,,30,Bus/Coach,Morning,Slight
Snowing,Daylight,Dry,50,Car,Evening,Slight
Normal,Daylight,Ice,20,Goods vehicle,Morning,Slight
Normal,Daylight,Dry,60,Goods vehicle,Morning,Slight
Normal,Darkness - lighting unknown,Dry,30,Car,Afternoon,Slight
Normal,Darkness - no lighting,,30,Car,Afternoon,Slight
Normal,Darkness - lighting unknown,Dry,20,Car,Afternoon,Slight
Fog or mist,Daylight,Wet or damp,30,Car,Morning,Slight
Normal,Darkness - lights lit,Wet or damp,40,Goods vehicle,Afternoon,Slight
Normal,Daylight,Dry,30,Bus/Coach,Morning,Slight
Normal,Darkness - lights lit,Ice,20,Bus/Coach,Afternoon,Slight
Raining,Daylight,Wet or damp,40,Motorcycle,Morning,Slight
Fog or mist,Darkness - lighting unknown,Wet or damp,40,Car,Morning,Serious
Normal,Daylight,Dry,30,Pedal cycle,Evening,Slight
Raining,Daylight,Dry,30,Motorcycle,Afternoon,Slight
Fog or mist,Darkness - lights lit,Dry,30,Other,Afternoon,Slight
Normal,Daylight,Wet or damp,20,Goods vehicle,Night,Slight
Fog or mist,Daylight,Dry,20,Goods vehicle,Night,Slight
Normal,Daylight,Dry,30,Bus/Coach,Morning,Slight
Normal,Daylight,Dry,20,Car,Afternoon,Slight
Fog or mist,Darkness - lights lit,Dry,20,Goods vehicle,Morning,Slight
Raining,Daylight,Dry,40,Goods vehicle,Evening,Slight
Raining,Daylight,Dry,20,Car,Afternoon,Slight
Normal,Daylight,Dry,30,Motorcycle,Afternoon,Slight
Normal,Darkness - lighting unknown,Dry,30,Other,Morning,Slight
Normal,Darkness - lights lit,Dry,50,Car,Evening,Slight
Normal,Daylight,Dry,30,Car,Evening,Slight
Normal,Daylight,Wet or damp,50,Car,Afternoon,Slight
Normal,Daylight,Dry,40,Goods vehicle,Morning,Slight
Normal,Daylight,Dry,30,Bus/Coach,Afternoon,Slight
Normal,Daylight,Dry,20,Car,Night,Slight
Normal,Daylight,Dry,30,Car,Afternoon,Slight
Raining,Darkness - no lighting,Wet or damp,60,Car,Night,Fatal
Normal,Daylight,Dry,30,Car,Afternoon,Slight
Normal,Darkness - lights lit,Wet or damp,40,Motorcycle,Evening,Slight
Normal,Daylight,Wet or damp,30,Goods vehicle,Afternoon,Slight
Normal,Daylight,Dry,30,Car,Night,Slight
Raining,Darkness - no lighting,Dry,60,Bus/Coach,Night,Fatal
Snowing,Darkness - lights lit,Dry,30,Motorcycle,Afternoon,Slight
Normal,Darkness - no lighting,Ice,60,Bus/Coach,Afternoon,Fatal
Normal,Daylight,Wet or damp,50,Goods vehicle,Morning,Slight
Normal,Daylight,Wet or damp,30,Car,Afternoon,Slight
Snowing,Daylight,Wet or damp,20,Car,Morning,Slight
Raining,Daylight,Dry,20,Car,Afternoon,Slight
Normal,Darkness - lights lit,Wet or damp,20,Car,Afternoon,Slight
Normal,Darkness - lighting unknown,Dry,50,Car,Night,Serious
Normal,Daylight,Dry,40,Other,Night,Slight
Fog or mist,Darkness - lighting unknown,Dry,30,Car,Evening,Serious
Snowing,Darkness - no lighting,Ice,70,Bus/Coach,Night,Fatal
Normal,Daylight,Dry,20,Goods vehicle,Afternoon,Slight
Normal,Darkness - lighting unknown,Dry,20,Car,Night,Slight
Snowing,Darkness - no lighting,Flood over road,70,Pedal cycle,Evening,Fatal
Snowing,Darkness - no lighting,Dry,60,Goods vehicle,Evening,Fatal
Normal,Darkness - lighting unknown,Dry,20,Car,Afternoon,Slight
Normal,Daylight,Snow,60,Car,Morning,Slight
Snowing,Daylight,Dry,20,Pedal cycle,Afternoon,Slight
Raining,Daylight,Wet or damp,20,Car,Afternoon,Slight
Normal,Daylight,Ice,40,Motorcycle,Afternoon,Slight
Normal,Daylight,Dry,50,Car,Morning,Slight
Normal,Daylight,Dry,20,Car,Morning,Slight
Normal,Daylight,Dry,50,Car,Night,Slight
Normal,Daylight,Dry,30,Car,Evening,Slight
Normal,Daylight,Dry,20,Car,Morning,Slight
Normal,Daylight,Dry,20,Car,Morning,Slight
Normal,Daylight,Dry,20,Car,Morning,Slight
Normal,Daylight,Wet or damp,30,Car,Morning,Slight
Normal,Daylight,Dry,20,Goods vehicle,Night,Slight
Raining,Daylight,Dry,20,Other,Afternoon,Slight
Raining,Daylight,Dry,50,Car,Afternoon,Slight
Normal,Darkness - lights lit,Snow,20,Car,Afternoon,Slight
Normal,Darkness - lights lit,Wet or damp,30,Car,Morning,Slight
Fog or mist,Daylight,Dry,40,Car,Morning,Slight
Unknown,Darkness - lights lit,Dry,30,Car,Morning,Slight
Normal,Daylight,Dry,30,Motorcycle,Morning,Slight
Fog or mist,Darkness - no lighting,Wet or damp,30,Other,Afternoon,Serious
Normal,Daylight,Snow,30,Car,Night,Slight
Normal,Daylight,Wet or damp,20,Car,Afternoon,Slight
Normal,Daylight,Snow,50,Motorcycle,Night,Serious
Normal,Daylight,Dry,20,Car,Morning,Slight
Normal,Daylight,Dry,30,Pedal cycle,Afternoon,Slight
Normal,Daylight,Dry,30,Bus/Coach,Afternoon,Slight
Fog or mist,Daylight,Wet or damp,30,Car,Afternoon,Slight
Normal,Daylight,Dry,20,Car,Evening,Slight
Normal,Daylight,Wet or damp,30,Car,Afternoon,Slight
Normal,Daylight,Dry,40,Other,Evening,Slight
Normal,Daylight,,30,Pedal cycle,Morning,Slight
Normal,Darkness - lights lit,Dry,20,Bus/Coach,Morning,Slight
Normal,Darkness - no lighting,Snow,20,Car,Afternoon,Slight
Normal,Daylight,Wet or damp,70,Bus/Coach,Morning,Slight
Normal,Daylight,Dry,40,Car,Evening,Slight
Normal,Daylight,Dry,40,Car,Morning,Slight
Normal,Daylight,Dry,60,Goods vehicle,Morning,Slight
Normal,Darkness - lights lit,Dry,30,Car,Afternoon,Slight
Raining,Daylight,Snow,50,Goods vehicle,Morning,Slight
Unknown,Darkness - lighting unknown,Dry,30,Car,Morning,Slight
,Daylight,Dry,70,Car,Morning,Slight
Raining,Daylight,Wet or damp,40,Goods vehicle,Evening,Serious
Normal,Daylight,,20,Pedal cycle,Afternoon,Slight
Normal,Daylight,Dry,40,Car,Afternoon,Slight
Raining,Darkness - lights lit,Wet or damp,20,Motorcycle,Afternoon,Slight
Raining,Darkness - lights lit,Dry,30,Motorcycle,Morning,Slight
Normal,Darkness - lights lit,Flood over road,30,Motorcycle,Afternoon,Serious
Normal,Daylight,Flood over road,40,Goods vehicle,Afternoon,Serious
Raining,Daylight,Dry,40,Car,Afternoon,Slight
Raining,Daylight,,30,Bus/Coach,Morning,Slight
Raining,Darkness - no lighting,Dry,40,Car,Afternoon,Slight
Other,Daylight,Dry,30,Motorcycle,Morning,Serious
Normal,Daylight,Snow,30,Car,Afternoon,Slight
Raining,Darkness - no lighting,Flood over road,60,Bus/Coach,Evening,Fatal
Snowing,Darkness - no lighting,Snow,60,Motorcycle,Night,Fatal
Normal,Daylight,Dry,20,Bus/Coach,Morning,Slight
Normal,Daylight,Dry,30,Car,Morning,Slight
Snowing,Daylight,Dry,60,Bus/Coach,Night,Slight
Normal,Daylight,Dry,30,Car,Morning,Slight
Normal,Darkness - lights lit,Dry,20,Goods vehicle,Morning,Slight
Normal,Darkness - no lighting,Dry,20,Pedal cycle,Night,Serious
Raining,Daylight,Wet or damp,30,Car,Afternoon,Slight
Normal,Daylight,Dry,20,Motorcycle,Morning,Slight
Normal,Daylight,Dry,20,Car,Morning,Slight
Normal,Darkness - no lighting,Wet or damp,40,Car,Afternoon,Serious
Normal,Daylight,Dry,30,Goods vehicle,Afternoon,Slight
Raining,Daylight,Dry,50,Car,Afternoon,Slight
Normal,Darkness - lights lit,Dry,30,Car,Morning,Slight
Normal,Daylight,Ice,30,Car,Afternoon,Slight
Normal,Daylight,Dry,20,Car,Evening,Slight
Normal,Daylight,Wet or damp,30,Goods vehicle,Night,Slight
Raining,Darkness - lights lit,Ice,40,Car,Afternoon,Serious
Normal,Darkness - lights lit,Wet or damp,20,Car,Morning,Slight
Normal,Daylight,Wet or damp,20,Motorcycle,Afternoon,Slight
Normal,Daylight,Dry,20,Car,Afternoon,Slight
Raining,Darkness - no lighting,Dry,20,Bus/Coach,Morning,Slight
Normal,Daylight,Dry,30,Bus/Coach,Morning,Slight
Normal,Daylight,Dry,60,Bus/Coach,Afternoon,Slight
Normal,Daylight,Dry,50,Bus/Coach,Morning,Slight
Normal,Daylight,Dry,40,Goods vehicle,Morning,Serious
Normal,Darkness - lighting unknown,,40,Car,Morning,Slight
Normal,Daylight,Dry,20,Car,Afternoon,Slight
Raining,Daylight,Dry,20,Car,Morning,Slight
Fog or mist,Darkness - lights lit,Dry,50,Other,Morning,Slight
Unknown,Darkness - no lighting,Wet or damp,50,Car,Night,Serious
Snowing,Daylight,Dry,60,Goods vehicle,Morning,Slight
Fog or mist,Darkness - lighting unknown,Snow,70,Goods vehicle,Night,Fatal
Normal,Darkness - lights lit,Dry,50,Other,Evening,Slight
,Daylight,Dry,20,Car,Morning,Slight
Normal,Daylight,Wet or damp,30,Car,Morning,Serious
Normal,Darkness - no lighting,Dry,70,Bus/Coach,Evening,Slight
Normal,Darkness - lights lit,Dry,30,Car,Afternoon,Slight
Other,Daylight,Dry,30,Motorcycle,Morning,Slight
Normal,Daylight,Dry,30,Car,Evening,Slight
Normal,Darkness - lights lit,Dry,20,Goods vehicle,Afternoon,Slight
Normal,Darkness - no lighting,,60,Pedal cycle,Evening,Serious
Normal,Daylight,Dry,30,Other,Evening,Slight
Raining,Daylight,Dry,30,Other,Morning,Slight
Normal,Daylight,Dry,50,Car,Morning,Slight
Normal,Darkness - lights lit,Wet or damp,40,Goods vehicle,Evening,Slight
Other,Daylight,Snow,20,Car,Evening,Slight
Normal,Daylight,Dry,20,Car,Afternoon,Slight
Raining,Daylight,Snow,30,Car,Night,Slight
Other,Daylight,Wet or damp,20,Goods vehicle,Morning,Slight
Normal,Daylight,Dry,70,Goods vehicle,Evening,Slight
Fog or mist,Darkness - no lighting,,70,Car,Afternoon,Serious
Normal,Daylight,Wet or damp,30,Motorcycle,Night,Slight
Normal,Daylight,,20,Car,Morning,Slight
Snowing,Darkness - lights lit,Flood over road,30,Motorcycle,Morning,Serious
,Daylight,Dry,60,Car,Night,Serious
Normal,Daylight,Dry,30,Car,Afternoon,Slight
Normal,Daylight,Dry,30,Car,Afternoon,Slight
,Daylight,Snow,20,Goods vehicle,Afternoon,Slight
Normal,Daylight,Dry,60,Bus/Coach,Afternoon,Slight
Normal,Darkness - lights lit,Dry,50,Car,Afternoon,Slight
Normal,Daylight,Dry,50,Car,Morning,Slight
Normal,Daylight,Dry,30,Car,Morning,Slight
Normal,Daylight,Dry,20,Car,Afternoon,Slight
Normal,Daylight,Ice,70,Car,Morning,Slight
Normal,Daylight,Snow,30,Car,Morning,Slight
,Daylight,Dry,30,Bus/Coach,Morning,Slight
Normal,Daylight,Dry,30,Car,Evening,Slight
Fog or mist,Daylight,Dry,30,Motorcycle,Morning,Slight
Normal,Darkness - lights lit,Snow,30,Bus/Coach,Morning,Slight
Normal,Daylight,Dry,30,Car,Morning,Slight
Other,Daylight,Wet or damp,30,Car,Afternoon,Slight
Normal,Daylight,Dry,30,Car,Evening,Slight
Normal,Darkness - lights lit,,60,Car,Morning,Slight
Normal,Darkness - no lighting,Wet or damp,40,Car,Evening,Serious
Snowing,Daylight,Dry,20,Other,Evening,Slight
Fog or mist,Darkness - no lighting,Dry,20,Car,Morning,Slight
Fog or mist,Daylight,Wet or damp,60,Goods vehicle,Afternoon,Slight
Raining,Daylight,Wet or damp,30,Car,Afternoon,Slight
Snowing,Daylight,Dry,30,Car,Afternoon,Slight
Normal,Daylight,Wet or damp,30,Motorcycle,Morning,Slight
Raining,Daylight,Dry,20,Car,Afternoon,Slight
Normal,Daylight,Dry,20,Motorcycle,Afternoon,Slight
Raining,Daylight,Wet or damp,50,Bus/Coach,Afternoon,Slight
Normal,Darkness - lights lit,Ice,70,Goods vehicle,Night,Fatal
Fog or mist,Daylight,Snow,30,Car,Afternoon,Slight
Normal,Daylight,Dry,40,Car,Night,Slight
Raining,Darkness - lighting unknown,Dry,20,Car,Evening,Slight
Normal,Daylight,Ice,40,Car,Night,Serious
Normal,Darkness - lights lit,Ice,60,Other,Night,Fatal
Normal,Daylight,Dry,20,Car,Afternoon,Slight
Normal,Daylight,Dry,50,Car,Evening,Slight
Normal,Daylight,Wet or damp,50,Goods vehicle,Afternoon,Slight
Normal,Darkness - lighting unknown,Dry,70,Car,Evening,Slight
Raining,Darkness - lights lit,Dry,30,Pedal cycle,Afternoon,Slight
Normal,Daylight,Snow,70,Car,Night,Fatal
Normal,Daylight,Dry,30,Car,Morning,Slight
Fog or mist,Darkness - no lighting,Snow,40,Bus/Coach,Night,Fatal
Normal,Daylight,Flood over road,30,Motorcycle,Morning,Serious
Normal,Darkness - lights lit,Dry,30,Motorcycle,Morning,Serious
Normal,Daylight,Ice,30,Goods vehicle,Morning,Slight
Normal,Daylight,Dry,20,Motorcycle,Evening,Slight
Snowing,Darkness - no lighting,Dry,70,Other,Evening,Fatal
Raining,Darkness - lights lit,Wet or damp,20,Bus/Coach,Morning,Slight
Normal,Darkness - no lighting,Wet or damp,30,Car,Evening,Slight
Raining,Darkness - lighting unknown,Dry,50,Motorcycle,Morning,Serious
Raining,Daylight,Wet or damp,20,Car,Afternoon,Slight
,Daylight,Dry,30,Car,Morning,Slight
Normal,Daylight,Dry,20,Car,Morning,Serious
Normal,Daylight,Dry,30,Bus/Coach,Afternoon,Slight
Normal,Daylight,,30,Car,Afternoon,Slight
Normal,Daylight,Dry,20,Car,Evening,Slight
Normal,Darkness - lights lit,Snow,50,Car,Afternoon,Slight
Raining,Daylight,Dry,50,Goods vehicle,Afternoon,Slight
Normal,Daylight,Wet or damp,30,Car,Evening,Slight
Normal,Daylight,Wet or damp,20,Other,Morning,Slight
Normal,Darkness - lights lit,Wet or damp,70,Motorcycle,Morning,Serious
Normal,Darkness - no lighting,Dry,40,Goods vehicle,Afternoon,Serious
Raining,Darkness - lights lit,Wet or damp,30,Bus/Coach,Afternoon,Serious
Fog or mist,Daylight,Wet or damp,70,Goods vehicle,Morning,Slight
Normal,Darkness - lights lit,Flood over road,40,Bus/Coach,Afternoon,Serious
Normal,Darkness - no lighting,Dry,20,Car,Morning,Slight
Normal,Daylight,Dry,30,Car,Night,Slight
Normal,Darkness - lights lit,Dry,50,Car,Afternoon,Slight
Normal,Daylight,Dry,30,Car,Afternoon,Slight
Raining,Daylight,Dry,40,Pedal cycle,Afternoon,Slight
Normal,Daylight,Flood over road,20,Car,Night,Slight
Normal,Darkness - lights lit,Wet or damp,30,Car,Afternoon,Slight
Snowing,Daylight,Dry,30,Motorcycle,Morning,Slight
Normal,Darkness - lights lit,Dry,30,Car,Morning,Slight
Raining,Darkness - lights lit,Wet or damp,30,Car,Evening,Slight
Raining,Darkness - lights lit,Dry,20,Car,Morning,Slight
Normal,Darkness - lights lit,Ice,30,Pedal cycle,Afternoon,Serious
Normal,Daylight,Wet or damp,40,Car,Afternoon,Serious
Raining,Darkness - lights lit,Wet or damp,20,Car,Morning,Slight
Raining,Darkness - lights lit,Wet or damp,50,Car,Night,Slight
Snowing,Daylight,Dry,30,Car,Morning,Slight
Raining,Darkness - no lighting,Dry,70,Goods vehicle,Morning,Slight
Unknown,Darkness - lights lit,Dry,30,Goods vehicle,Afternoon,Slight
Normal,Daylight,Dry,30,Bus/Coach,Morning,Slight
Fog or mist,Darkness - lights lit,Wet or damp,30,Car,Afternoon,Slight
Normal,Daylight,Dry,30,Other,Morning,Slight
Raining,Daylight,Dry,40,Car,Night,Slight
Normal,Daylight,Wet or damp,20,Car,Morning,Slight
Normal,Daylight,Dry,30,Car,Afternoon,Slight
Normal,Darkness - lights lit,Flood over road,30,Car,Afternoon,Slight
Normal,Daylight,Flood over road,30,Car,Night,Slight
Normal,Daylight,Dry,20,Car,Morning,Slight
Normal,Darkness - lights lit,Dry,30,Car,Night,Slight
Raining,Daylight,Flood over road,20,Motorcycle,Afternoon,Slight
Snowing,Daylight,Wet or damp,20,Car,Afternoon,Slight
Raining,Darkness - lights lit,Wet or damp,60,Car,Evening,Serious
Normal,Darkness - lights lit,Dry,50,Car,Afternoon,Slight
Normal,Daylight,Wet or damp,40,Car,Night,Slight
Normal,Daylight,Dry,30,Car,Afternoon,Slight
Raining,Darkness - lights lit,Dry,30,Car,Evening,Serious
Normal,Daylight,Dry,40,Car,Morning,Slight
Normal,Darkness - lights lit,Dry,40,Car,Afternoon,Slight
Normal,Daylight,Dry,30,Car,Morning,Slight
,Darkness - lights lit,Dry,30,Car,Morning,Slight
Normal,Darkness - lighting unknown,Snow,30,Car,Night,Slight
Normal,Daylight,Dry,20,Car,Afternoon,Slight
Normal,Daylight,Snow,40,Car,Afternoon,Slight
Normal,Daylight,Wet or damp,20,Car,Evening,Slight
Raining,Daylight,Flood over road,30,Other,Afternoon,Slight
Fog or mist,Daylight,Dry,30,Car,Afternoon,Slight
Snowing,Daylight,Dry,50,Car,Morning,Slight
Normal,Daylight,Ice,30,Car,Night,Slight
Normal,Daylight,Dry,60,Bus/Coach,Evening,Slight
Raining,Darkness - no lighting,Snow,70,Car,Morning,Fatal
Normal,Daylight,Dry,20,Car,Afternoon,Slight
Normal,Daylight,Dry,20,Car,Morning,Slight
Snowing,Darkness - lighting unknown,Wet or damp,40,Other,Afternoon,Serious
Raining,Daylight,Wet or damp,20,Car,Afternoon,Slight
Snowing,Darkness - lights lit,Dry,30,Bus/Coach,Afternoon,Slight
Snowing,Darkness - no lighting,Dry,60,Bus/Coach,Evening,Slight
Normal,Daylight,Wet or damp,30,Car,Afternoon,Slight
Raining,Darkness - lights lit,Wet or damp,30,Other,Afternoon,Slight
Normal,Darkness - lighting unknown,Dry,20,Car,Morning,Slight
Raining,Darkness - no lighting,Ice,50,Car,Night,Fatal
Normal,Darkness - no lighting,,30,Car,Afternoon,Serious
Normal,Daylight,Wet or damp,30,Bus/Coach,Morning,Slight
Normal,Daylight,Wet or damp,30,Pedal cycle,Morning,Slight
Normal,Daylight,Dry,20,Bus/Coach,Morning,Slight
Normal,Darkness - lights lit,Dry,30,Goods vehicle,Evening,Serious
Normal,Darkness - lighting unknown,Dry,20,Other,Night,Slight
Normal,Daylight,Dry,40,Car,Afternoon,Slight
Raining,Daylight,Flood over road,40,Car,Morning,Slight
Normal,Darkness - no lighting,Dry,50,Car,Morning,Slight
Raining,Daylight,Dry,20,Car,Morning,Slight
Raining,Daylight,Dry,30,Goods vehicle,Night,Serious
Raining,Daylight,Flood over road,20,Goods vehicle,Morning,Slight
,Daylight,Dry,30,Motorcycle,Afternoon,Slight
Normal,Darkness - lights lit,Dry,30,Other,Afternoon,Slight
Normal,Darkness - lights lit,Dry,30,Car,Afternoon,Slight
Normal,Daylight,Dry,50,Car,Morning,Slight
Normal,Daylight,Dry,20,Car,Afternoon,Slight
Normal,Daylight,Wet or damp,30,Goods vehicle,Afternoon,Slight
Normal,Daylight,Dry,40,Car,Morning,Slight
Fog or mist,Daylight,Dry,30,Car,Evening,Slight
Normal,Daylight,Dry,30,Car,Evening,Slight
Fog or mist,Darkness - no lighting,Dry,30,Goods vehicle,Evening,Serious
Raining,Darkness - no lighting,Dry,20,Car,Afternoon,Slight
Normal,Daylight,Flood over road,30,Car,Morning,Slight
,Darkness - lights lit,Wet or damp,70,Car,Afternoon,Serious
Normal,Daylight,Snow,30,Goods vehicle,Afternoon,Slight
Other,Daylight,Dry,20,Motorcycle,Morning,Slight
,Daylight,Wet or damp,40,Car,Afternoon,Slight
Normal,Daylight,Wet or damp,40,Car,Morning,Slight
Raining,Darkness - no lighting,Dry,20,Car,Night,Slight
Unknown,Darkness - lights lit,Wet or damp,60,Pedal cycle,Morning,Serious
Fog or mist,Darkness - lights lit,Wet or damp,30,Bus/Coach,Afternoon,Slight
Normal,Daylight,Dry,30,Car,Afternoon,Slight
Raining,Daylight,Wet or damp,20,Car,Morning,Slight
Raining,Darkness - lights lit,Snow,30,Car,Afternoon,Serious
Normal,Darkness - lighting unknown,Dry,30,Motorcycle,Morning,Slight
Unknown,Darkness - no lighting,Wet or damp,70,Car,Night,Fatal
Normal,Darkness - no lighting,Ice,60,Car,Morning,Slight
Normal,Darkness - no lighting,Snow,40,Goods vehicle,Afternoon,Fatal
Normal,Daylight,Dry,30,Other,Evening,Slight
Raining,Darkness - lights lit,Dry,30,Goods vehicle,Afternoon,Slight
Raining,Daylight,Wet or damp,40,Goods vehicle,Morning,Slight
Snowing,Darkness - no lighting,Snow,50,Car,Morning,Fatal
,Daylight,Dry,30,Car,Afternoon,Slight
Raining,Darkness - lights lit,Wet or damp,50,Car,Afternoon,Serious
Normal,Daylight,Dry,20,Car,Afternoon,Slight
Snowing,Darkness - no lighting,Snow,20,Car,Afternoon,Slight
Raining,Daylight,Wet or damp,20,Pedal cycle,Evening,Serious
Normal,Daylight,Dry,30,Goods vehicle,Afternoon,Slight
Snowing,Daylight,Dry,30,Car,Morning,Slight
Normal,Daylight,Dry,20,Motorcycle,Morning,Slight
Fog or mist,Darkness - no lighting,Snow,20,Goods vehicle,Evening,Fatal
Raining,Daylight,,50,Bus/Coach,Morning,Slight
Normal,Darkness - lights lit,Wet or damp,20,Motorcycle,Evening,Serious
Normal,Daylight,Wet or damp,50,Motorcycle,Morning,Serious
Normal,Darkness - lights lit,Wet or damp,20,Car,Afternoon,Slight
Normal,Darkness - lights lit,Dry,60,Car,Morning,Slight
Normal,Darkness - no lighting,Snow,70,Motorcycle,Morning,Fatal
Normal,Daylight,Ice,30,Car,Morning,Slight
Snowing,Daylight,Dry,50,Car,Morning,Slight
,Daylight,,30,Car,Afternoon,Slight
Normal,Daylight,Dry,30,Car,Morning,Slight
Normal,Darkness - no lighting,Dry,20,Car,Night,Slight
Normal,Daylight,Dry,20,Car,Afternoon,Slight
Normal,Darkness - lights lit,Flood over road,30,Car,Afternoon,Serious
Normal,Daylight,Dry,40,Bus/Coach,Evening,Slight
Fog or mist,Daylight,Dry,30,Car,Morning,Serious
Raining,Daylight,Dry,20,Car,Morning,Slight
Other,Darkness - lights lit,Flood over road,60,Motorcycle,Night,Fatal
Normal,Daylight,Dry,30,Car,Afternoon,Slight
Unknown,Darkness - lighting unknown,Dry,30,Car,Morning,Slight
Normal,Darkness - lights lit,Dry,30,Car,Night,Slight
Normal,Daylight,Dry,40,Car,Afternoon,Slight
Normal,Darkness - no lighting,Snow,60,Other,Afternoon,Serious
Normal,Daylight,Dry,50,Car,Morning,Slight
Raining,Daylight,Dry,30,Car,Night,Slight
Normal,Darkness - no lighting,Ice,50,Bus/Coach,Afternoon,Fatal
Fog or mist,Daylight,Wet or damp,30,Car,Morning,Slight
Normal,Daylight,Dry,30,Car,Night,Serious
Raining,Daylight,Dry,30,Bus/Coach,Afternoon,Slight
Raining,Daylight,Dry,30,Car,Afternoon,Slight
Normal,Daylight,Dry,40,Car,Afternoon,Slight
Fog or mist,Darkness - lighting unknown,Dry,60,Car,Evening,Fatal
Normal,Daylight,Wet or damp,30,Goods vehicle,Night,Slight
Normal,Daylight,Dry,30,Bus/Coach,Morning,Slight
Snowing,Darkness - lights lit,Wet or damp,30,Car,Morning,Serious
Raining,Daylight,Dry,40,Goods vehicle,Evening,Serious
Unknown,Daylight,Dry,30,Car,Afternoon,Slight
Normal,Darkness - lights lit,Dry,60,Bus/Coach,Morning,Slight
Raining,Daylight,Dry,50,Other,Evening,Slight
Normal,Daylight,Dry,30,Car,Afternoon,Slight
Normal,Daylight,Dry,30,Bus/Coach,Morning,Slight
,Darkness - lights lit,Wet or damp,40,Motorcycle,Evening,Serious
Fog or mist,Darkness - lights lit,Flood over road,30,Car,Morning,Slight
Normal,Darkness - lights lit,Dry,20,Goods vehicle,Afternoon,Slight
Normal,Daylight,Dry,50,Bus/Coach,Morning,Slight
Normal,Darkness - lights lit,Dry,30,Goods vehicle,Afternoon,Slight
Normal,Darkness - lights lit,Dry,50,Car,Evening,Serious
Normal,Darkness - lights lit,Wet or damp,30,Car,Afternoon,Slight
Normal,Darkness - lights lit,Dry,70,Car,Morning,Slight
Normal,Daylight,Dry,30,Bus/Coach,Morning,Slight
Normal,Darkness - lights lit,Snow,30,Bus/Coach,Afternoon,Slight
Normal,Darkness - lights lit,Dry,60,Other,Morning,Slight
Normal,Darkness - lights lit,Dry,30,Motorcycle,Morning,Slight
,Daylight,Snow,40,Motorcycle,Morning,Fatal
Normal,Daylight,Dry,50,Motorcycle,Morning,Slight
Fog or mist,Daylight,Dry,60,Car,Afternoon,Slight
Snowing,Daylight,Flood over road,40,Car,Afternoon,Slight
Normal,Darkness - lighting unknown,Wet or damp,20,Car,Night,Serious
Fog or mist,Darkness - no lighting,Flood over road,60,Car,Evening,Fatal
Snowing,Darkness - no lighting,Snow,60,Car,Evening,Fatal
Normal,Darkness - lights lit,Dry,30,Bus/Coach,Afternoon,Slight
Normal,Daylight,Dry,30,Car,Morning,Slight
Normal,Daylight,Wet or damp,30,Car,Afternoon,Slight
Normal,Darkness - lights lit,Dry,30,Motorcycle,Evening,Slight
Normal,Daylight,Dry,30,Goods vehicle,Morning,Slight
Normal,Daylight,Dry,20,Other,Afternoon,Slight
Normal,Daylight,Dry,50,Goods vehicle,Morning,Slight
Raining,Daylight,Dry,20,Car,Morning,Slight
Raining,Daylight,Dry,40,Bus/Coach,Night,Serious
Raining,Daylight,Wet or damp,30,Car,Morning,Slight
Normal,Daylight,Dry,20,Car,Afternoon,Slight
Normal,Daylight,Wet or damp,30,Car,Afternoon,Slight
Normal,Darkness - lights lit,Dry,20,Bus/Coach,Morning,Slight
Raining,Darkness - no lighting,Snow,40,Goods vehicle,Evening,Fatal
Normal,Daylight,Dry,50,Motorcycle,Morning,Slight
Normal,Daylight,Dry,30,Car,Morning,Slight
Raining,Darkness - lights lit,Dry,50,Car,Evening,Serious
Normal,Darkness - no lighting,Dry,40,Car,Afternoon,Slight
Normal,Daylight,Wet or damp,30,Car,Afternoon,Slight
Snowing,Daylight,Dry,30,Goods vehicle,Afternoon,Slight
Raining,Darkness - no lighting,Wet or damp,60,Car,Morning,Slight
Snowing,Darkness - lights lit,Dry,20,Car,Afternoon,Slight
Normal,Daylight,Dry,60,Car,Evening,Slight
Normal,Darkness - lights lit,Wet or damp,50,Motorcycle,Afternoon,Slight
Normal,Daylight,Dry,60,Motorcycle,Morning,Serious
Normal,Darkness - lights lit,,50,Bus/Coach,Morning,Slight
Normal,Darkness - lights lit,Dry,30,Car,Night,Slight
Normal,Daylight,Dry,50,Car,Morning,Slight
Normal,Daylight,Dry,30,Pedal cycle,Morning,Slight
Normal,Daylight,Dry,20,Goods vehicle,Morning,Slight
Normal,Darkness - lights lit,Dry,50,Pedal cycle,Morning,Slight
Snowing,Daylight,Dry,60,Motorcycle,Afternoon,Serious
Other,Daylight,Wet or damp,60,Pedal cycle,Evening,Serious
Normal,Daylight,,40,Car,Afternoon,Slight
Normal,Daylight,Dry,20,Car,Afternoon,Slight
Normal,Darkness - no lighting,Dry,30,Car,Night,Slight
Normal,Darkness - lights lit,,60,Bus/Coach,Morning,Slight
Normal,Darkness - lights lit,Dry,40,Car,Afternoon,Slight
Unknown,Daylight,Wet or damp,20,Car,Morning,Slight
Normal,Daylight,Wet or damp,20,Motorcycle,Afternoon,Slight
Normal,Daylight,Snow,70,Motorcycle,Afternoon,Slight
Normal,Daylight,Flood over road,30,Car,Night,Slight
Raining,Daylight,Dry,60,Other,Afternoon,Serious
Normal,Daylight,Dry,60,Car,Afternoon,Slight
Raining,Darkness - lights lit,Dry,30,Car,Afternoon,Slight
Normal,Daylight,Dry,20,Bus/Coach,Afternoon,Slight
Raining,Daylight,Wet or damp,40,Goods vehicle,Evening,Slight
Raining,Darkness - lights lit,Dry,30,Car,Morning,Slight
Fog or mist,Daylight,Wet or damp,30,Goods vehicle,Morning,Slight
Snowing,Darkness - lighting unknown,Ice,40,Car,Night,Serious
Snowing,Daylight,Dry,20,Motorcycle,Morning,Slight
Normal,Daylight,Wet or damp,20,Car,Afternoon,Slight
Normal,Darkness - lights lit,Flood over road,50,Pedal cycle,Night,Serious
Snowing,Darkness - lights lit,Dry,30,Car,Morning,Serious
Normal,Daylight,,20,Car,Evening,Slight
Other,Darkness - no lighting,Dry,50,Goods vehicle,Evening,Serious
Normal,Darkness - lights lit,Wet or damp,60,Car,Afternoon,Serious
Fog or mist,Daylight,Wet or damp,20,Car,Morning,Slight
Raining,Daylight,Dry,20,Car,Afternoon,Slight
Normal,Darkness - lights lit,Ice,20,Motorcycle,Morning,Slight
Raining,Daylight,Dry,50,Car,Afternoon,Slight
Normal,Daylight,Dry,20,Motorcycle,Morning,Slight
Normal,Darkness - lights lit,Dry,50,Other,Night,Slight
Normal,Daylight,Dry,30,Car,Morning,Slight
Fog or mist,Daylight,Dry,30,Car,Evening,Slight
Normal,Darkness - lights lit,Dry,40,Car,Afternoon,Slight
Raining,Darkness - lights lit,Wet or damp,30,Bus/Coach,Afternoon,Slight
Normal,Darkness - lights lit,Dry,50,Bus/Coach,Morning,Slight
,Daylight,Dry,20,Car,Morning,Slight
Raining,Daylight,Wet or damp,20,Goods vehicle,Evening,Serious
Normal,Darkness - lights lit,Dry,70,Goods vehicle,Afternoon,Slight
Normal,Daylight,Dry,70,Car,Morning,Slight
Normal,Darkness - lights lit,Flood over road,30,Goods vehicle,Morning,Serious
Normal,Daylight,Dry,20,Car,Morning,Slight
Snowing,Darkness - lights lit,Wet or damp,70,Bus/Coach,Afternoon,Serious
Raining,Daylight,Dry,70,Car,Evening,Serious
,Daylight,Dry,40,Goods vehicle,Afternoon,Slight
Normal,Daylight,Dry,40,Motorcycle,Afternoon,Slight
Normal,Daylight,Dry,30,Motorcycle,Morning,Slight
Normal,Daylight,Wet or damp,30,Car,Afternoon,Slight
Raining,Darkness - no lighting,Dry,30,Car,Afternoon,Slight
Unknown,Daylight,Dry,30,Other,Afternoon,Slight
Normal,Daylight,Wet or damp,30,Goods vehicle,Morning,Slight
Normal,Darkness - lights lit,Dry,30,Other,Morning,Serious
Fog or mist,Darkness - lights lit,Dry,20,Bus/Coach,Afternoon,Slight
Normal,Daylight,Dry,50,Bus/Coach,Afternoon,Slight
Raining,Daylight,Wet or damp,30,Car,Afternoon,Slight
Raining,Darkness - no lighting,Dry,30,Car,Afternoon,Slight
Normal,Daylight,Wet or damp,20,Motorcycle,Afternoon,Slight
Normal,Darkness - lights lit,Wet or damp,30,Car,Morning,Slight
Snowing,Darkness - lights lit,Flood over road,40,Bus/Coach,Evening,Serious
Raining,Darkness - no lighting,Dry,30,Motorcycle,Afternoon,Fatal
Other,Darkness - lighting unknown,Dry,40,Goods vehicle,Afternoon,Slight
,Daylight,Wet or damp,30,Motorcycle,Afternoon,Slight
Normal,Daylight,Wet or damp,50,Car,Morning,Slight
Normal,Daylight,Dry,30,Car,Night,Slight
Normal,Daylight,Flood over road,20,Goods vehicle,Morning,Slight
Raining,Darkness - lights lit,Wet or damp,20,Goods vehicle,Morning,Slight
Normal,Daylight,Dry,30,Other,Afternoon,Slight
Raining,Daylight,Dry,20,Car,Afternoon,Slight
Normal,Darkness - lights lit,Snow,20,Bus/Coach,Morning,Slight
Raining,Daylight,Dry,30,Goods vehicle,Morning,Slight
Raining,Daylight,Dry,20,Car,Afternoon,Slight
Normal,Daylight,Dry,30,Goods vehicle,Afternoon,Slight
Normal,Daylight,Wet or damp,20,Goods vehicle,Morning,Slight
Fog or mist,Daylight,Dry,30,Car,Afternoon,Slight
Snowing,Darkness - no lighting,Ice,40,Motorcycle,Evening,Fatal
Raining,Daylight,Dry,50,Car,Morning,Slight
Raining,Daylight,,40,Car,Afternoon,Slight
Normal,Daylight,Dry,20,Car,Morning,Slight
Normal,Daylight,Snow,40,Pedal cycle,Morning,Slight
Normal,Daylight,Dry,30,Car,Morning,Slight
Normal,Daylight,Dry,30,Car,Morning,Slight
Normal,Daylight,Wet or damp,20,Goods vehicle,Morning,Slight
Snowing,Darkness - lights lit,Dry,20,Motorcycle,Morning,Slight
Raining,Darkness - lights lit,Dry,30,Car,Afternoon,Slight
Normal,Darkness - lights lit,Wet or damp,30,Car,Afternoon,Slight
Normal,Daylight,Dry,70,Car,Night,Slight
Normal,Darkness - lighting unknown,Dry,30,Car,Evening,Slight
Raining,Darkness - no lighting,Flood over road,30,Motorcycle,Night,Serious
Normal,Daylight,Dry,50,Car,Afternoon,Slight
Normal,Daylight,Dry,30,Car,Morning,Slight
Raining,Daylight,Snow,20,Motorcycle,Evening,Serious
Normal,Daylight,Flood over road,40,Car,Morning,Slight
Normal,Daylight,Dry,40,Goods vehicle,Morning,Slight
,Daylight,Dry,20,Car,Morning,Slight
Normal,Daylight,Wet or damp,30,Car,Morning,Slight
Normal,Daylight,Dry,70,Other,Afternoon,Slight
Raining,Daylight,Wet or damp,50,Car,Night,Slight
Raining,Darkness - lights lit,Wet or damp,50,Motorcycle,Afternoon,Serious
Normal,Darkness - lighting unknown,Dry,30,Goods vehicle,Morning,Slight
Snowing,Darkness - lighting unknown,Ice,70,Car,Evening,Fatal
Snowing,Daylight,Dry,30,Car,Afternoon,Slight
Normal,Daylight,Dry,20,Car,Night,Slight
Normal,Daylight,Dry,20,Car,Morning,Slight
Normal,Daylight,Dry,20,Motorcycle,Evening,Slight
Normal,Daylight,Dry,20,Car,Night,Slight
Other,Daylight,Wet or damp,50,Goods vehicle,Morning,Slight
Normal,Daylight,Dry,40,Other,Evening,Slight
Raining,Darkness - lights lit,,40,Pedal cycle,Night,Serious
Raining,Daylight,Dry,50,Car,Morning,Slight
Normal,Daylight,Dry,60,Goods vehicle,Afternoon,Slight
Normal,Darkness - lights lit,Dry,40,Motorcycle,Morning,Slight
Raining,Darkness - no lighting,Dry,50,Car,Night,Serious
Normal,Darkness - no lighting,Dry,60,Car,Morning,Serious
Raining,Daylight,Dry,30,Car,Afternoon,Slight
Snowing,Daylight,Wet or damp,30,Motorcycle,Morning,Slight
Normal,Daylight,Dry,30,Car,Morning,Slight
Snowing,Darkness - no lighting,Dry,20,Motorcycle,Night,Fatal
Normal,Daylight,Flood over road,30,Car,Afternoon,Slight
Normal,Darkness - lights lit,Dry,30,Car,Afternoon,Slight
Normal,Daylight,Dry,70,Bus/Coach,Morning,Slight
Normal,Daylight,Wet or damp,20,Goods vehicle,Morning,Slight
Normal,Daylight,Dry,20,Goods vehicle,Evening,Slight
Normal,Darkness - no lighting,Ice,40,Motorcycle,Afternoon,Serious
Raining,Daylight,Dry,20,Motorcycle,Morning,Slight
Normal,Daylight,Dry,70,Bus/Coach,Afternoon,Slight
Normal,Daylight,Wet or damp,20,Goods vehicle,Afternoon,Slight
Normal,Daylight,Dry,20,Car,Afternoon,Slight
Normal,Daylight,Dry,30,Pedal cycle,Morning,Slight
Normal,Daylight,Snow,20,Car,Morning,Slight
Raining,Darkness - lights lit,Wet or damp,30,Motorcycle,Afternoon,Slight
Snowing,Daylight,Dry,30,Bus/Coach,Afternoon,Slight
Normal,Darkness - no lighting,Dry,20,Car,Night,Slight
Normal,Darkness - lights lit,Dry,30,Car,Evening,Slight
Normal,Daylight,Dry,30,Car,Morning,Slight
Raining,Darkness - lights lit,Wet or damp,40,Goods vehicle,Afternoon,Serious
Normal,Daylight,Dry,20,Bus/Coach,Morning,Slight
Raining,Daylight,Ice,70,Car,Afternoon,Serious
Unknown,Darkness - lights lit,Dry,30,Motorcycle,Afternoon,Slight
Normal,Daylight,Wet or damp,30,Car,Morning,Slight
Normal,Daylight,Wet or damp,30,Motorcycle,Night,Slight
Normal,Daylight,Dry,30,Bus/Coach,Morning,Slight
Normal,Daylight,Wet or damp,20,Car,Morning,Slight
Normal,Daylight,Wet or damp,30,Pedal cycle,Evening,Slight
Normal,Daylight,Dry,30,Car,Afternoon,Slight
Normal,Daylight,Wet or damp,30,Pedal cycle,Afternoon,Slight
Normal,Daylight,Dry,20,Car,Afternoon,Slight
Normal,Daylight,Dry,30,Goods vehicle,Afternoon,Slight
Normal,Daylight,Dry,40,Car,Morning,Slight
Normal,Darkness - lighting unknown,Wet or damp,40,Car,Morning,Slight
Normal,Daylight,Dry,30,Car,Afternoon,Slight
Fog or mist,Darkness - lights lit,Dry,30,Motorcycle,Evening,Slight
Normal,Daylight,Dry,60,Goods vehicle,Morning,Slight
Raining,Darkness - lights lit,,50,Motorcycle,Afternoon,Serious
Normal,Daylight,Dry,20,Car,Afternoon,Slight
Raining,Darkness - lights lit,Wet or damp,40,Motorcycle,Morning,Serious
Normal,Daylight,Dry,30,Goods vehicle,Morning,Slight
Normal,Darkness - no lighting,Dry,40,Car,Morning,Slight
Normal,Daylight,Dry,30,Car,Afternoon,Slight
Normal,Darkness - lights lit,Wet or damp,20,Car,Afternoon,Slight
Normal,Darkness - lights lit,Wet or damp,20,Goods vehicle,Evening,Slight
Normal,Daylight,Dry,30,Motorcycle,Evening,Slight
,Darkness - lighting unknown,Wet or damp,20,Car,Afternoon,Serious
Normal,Daylight,Wet or damp,70,Car,Morning,Slight
Normal,Darkness - lights lit,Dry,20,Car,Morning,Slight
Raining,Darkness - lighting unknown,Dry,40,Motorcycle,Night,Fatal
Raining,Daylight,Dry,20,Motorcycle,Evening,Slight
Normal,Daylight,Dry,30,Car,Evening,Slight
Raining,Daylight,Dry,30,Motorcycle,Morning,Serious
Fog or mist,Daylight,Wet or damp,50,Car,Morning,Serious
Raining,Daylight,Dry,50,Car,Night,Slight
Normal,Darkness - lights lit,Dry,70,Car,Night,Slight
Normal,Daylight,Dry,40,Car,Afternoon,Slight
Normal,Darkness - lights lit,Dry,20,Car,Morning,Slight
Other,Daylight,Dry,50,Pedal cycle,Night,Slight
Raining,Daylight,Wet or damp,30,Car,Night,Serious
Normal,Daylight,Dry,30,Pedal cycle,Evening,Slight
Normal,Daylight,Dry,40,Bus/Coach,Afternoon,Slight
Snowing,Daylight,Ice,40,Other,Night,Serious
Raining,Daylight,Flood over road,30,Car,Morning,Slight
Normal,Daylight,Dry,30,Goods vehicle,Morning,Slight
Normal,Daylight,Wet or damp,30,Car,Afternoon,Slight
Normal,Daylight,Dry,30,Bus/Coach,Night,Slight
Normal,Daylight,,60,Other,Morning,Slight
Normal,Daylight,Dry,50,Goods vehicle,Afternoon,Slight
Normal,Darkness - lighting unknown,Dry,30,Car,Morning,Slight
Normal,Darkness - lights lit,Dry,30,Pedal cycle,Night,Slight
Normal,Daylight,Wet or damp,70,Car,Afternoon,Slight
Normal,Daylight,Dry,30,Car,Morning,Slight
Normal,Darkness - lights lit,Dry,60,Car,Afternoon,Slight
Normal,Daylight,,30,Car,Evening,Slight
Normal,Darkness - no lighting,Dry,60,Bus/Coach,Afternoon,Serious
Normal,Daylight,Dry,40,Car,Morning,Slight
Normal,Daylight,Dry,20,Car,Morning,Slight
Normal,Daylight,,30,Motorcycle,Morning,Slight
Normal,Daylight,Dry,20,Car,Afternoon,Slight
Normal,Daylight,Wet or damp,20,Bus/Coach,Morning,Slight
Normal,Darkness - lights lit,Wet or damp,30,Bus/Coach,Afternoon,Slight
Snowing,Darkness - lighting unknown,Dry,40,Car,Evening,Serious
Normal,Daylight,,30,Car,Night,Slight
Other,Daylight,Dry,30,Motorcycle,Morning,Slight
Other,Darkness - lights lit,,30,Car,Afternoon,Slight
Normal,Daylight,Dry,30,Pedal cycle,Afternoon,Slight
Normal,Daylight,Wet or damp,50,Car,Afternoon,Slight
Normal,Darkness - lights lit,Dry,30,Car,Morning,Slight
Raining,Daylight,Dry,30,Pedal cycle,Morning,Slight
Normal,Daylight,Ice,20,Other,Evening,Slight
Raining,Darkness - lights lit,Wet or damp,30,Goods vehicle,Morning,Slight
Normal,Darkness - lights lit,Wet or damp,40,Goods vehicle,Night,Serious
Normal,Daylight,,30,Bus/Coach,Evening,Slight
,Daylight,Dry,70,Car,Afternoon,Slight
Normal,Daylight,,50,Car,Afternoon,Slight
Normal,Darkness - no lighting,Wet or damp,40,Bus/Coach,Night,Serious
Raining,Daylight,Dry,30,Car,Night,Slight
Normal,Darkness - lights lit,Snow,60,Motorcycle,Afternoon,Serious
Normal,Darkness - lights lit,Dry,40,Car,Evening,Serious
,Daylight,Dry,40,Car,Afternoon,Slight
Raining,Daylight,Wet or damp,40,Goods vehicle,Morning,Serious
Normal,Darkness - lights lit,Wet or damp,30,Car,Afternoon,Slight
Normal,Darkness - lighting unknown,Dry,20,Car,Afternoon,Slight
Normal,Daylight,Wet or damp,30,Motorcycle,Morning,Slight
Normal,Daylight,Dry,30,Motorcycle,Morning,Slight
Raining,Daylight,Dry,50,Motorcycle,Morning,Slight
,Daylight,,30,Car,Afternoon,Slight
Normal,Daylight,Dry,70,Car,Afternoon,Slight
Fog or mist,Daylight,Dry,60,Pedal cycle,Morning,Slight
Other,Daylight,Dry,20,Car,Afternoon,Slight
Normal,Daylight,Dry,20,Goods vehicle,Morning,Slight
Normal,Daylight,Dry,30,Goods vehicle,Morning,Slight
Raining,Darkness - lights lit,Flood over road,20,Goods vehicle,Afternoon,Slight
Normal,Darkness - lights lit,Dry,30,Car,Evening,Slight
Normal,Daylight,Wet or damp,20,Car,Afternoon,Slight
Normal,Darkness - lights lit,Dry,20,Bus/Coach,Night,Slight
Raining,Darkness - lights lit,Flood over road,50,Motorcycle,Night,Serious
Other,Darkness - lights lit,Dry,60,Car,Afternoon,Slight
Snowing,Daylight,Snow,20,Motorcycle,Morning,Slight
Normal,Darkness - no lighting,Wet or damp,40,Car,Morning,Slight
Normal,Darkness - no lighting,Dry,40,Other,Night,Serious
Normal,Darkness - no lighting,Dry,20,Motorcycle,Morning,Slight
Normal,Darkness - lights lit,Ice,30,Car,Afternoon,Slight
Fog or mist,Daylight,Dry,30,Car,Morning,Slight
Normal,Darkness - lights lit,Dry,20,Car,Afternoon,Slight
,Darkness - lights lit,Dry,30,Bus/Coach,Night,Slight
Normal,Daylight,Dry,30,Goods vehicle,Night,Slight
Normal,Daylight,Wet or damp,20,Other,Afternoon,Slight
Normal,Daylight,Dry,30,Bus/Coach,Night,Slight
Raining,Darkness - lights lit,Wet or damp,20,Car,Morning,Slight
Snowing,Darkness - lights lit,Wet or damp,30,Car,Morning,Slight
Normal,Daylight,Dry,20,Car,Night,Slight
Raining,Darkness - lighting unknown,Dry,60,Car,Night,Slight
Fog or mist,Daylight,Ice,70,Pedal cycle,Morning,Serious
Normal,Darkness - lights lit,,70,Car,Morning,Slight
Raining,Daylight,Dry,30,Motorcycle,Afternoon,Slight
Normal,Daylight,Dry,30,Motorcycle,Morning,Slight
Normal,Daylight,Dry,20,Car,Morning,Slight
Raining,Darkness - lights lit,Flood over road,30,Motorcycle,Evening,Serious
Unknown,Darkness - no lighting,Wet or damp,70,Pedal cycle,Night,Serious
Normal,Darkness - lights lit,Dry,40,Car,Afternoon,Slight
Raining,Darkness - no lighting,Wet or damp,50,Motorcycle,Afternoon,Serious
Normal,Darkness - lights lit,Dry,40,Other,Morning,Serious
Raining,Daylight,Dry,20,Car,Afternoon,Slight
Raining,Darkness - no lighting,Wet or damp,60,Other,Morning,Serious
Normal,Daylight,Dry,30,Car,Morning,Slight
Normal,Daylight,Dry,30,Car,Evening,Slight
Normal,Darkness - lights lit,Flood over road,20,Car,Night,Slight
Normal,Daylight,Dry,20,Car,Afternoon,Slight
Snowing,Darkness - lighting unknown,Wet or damp,40,Motorcycle,Morning,Serious
Normal,Daylight,Dry,60,Car,Afternoon,Slight
Normal,Darkness - lighting unknown,,30,Other,Night,Serious
Raining,Daylight,Wet or damp,30,Car,Afternoon,Slight
Raining,Darkness - lights lit,Dry,70,Bus/Coach,Night,Slight
Normal,Daylight,Dry,70,Car,Afternoon,Slight
Raining,Daylight,Dry,30,Car,Morning,Slight
Normal,Darkness - lighting unknown,Dry,30,Goods vehicle,Afternoon,Serious
Normal,Darkness - lights lit,Dry,50,Car,Afternoon,Slight
Snowing,Darkness - no lighting,Ice,20,Goods vehicle,Afternoon,Serious
Normal,Darkness - lights lit,Wet or damp,20,Car,Afternoon,Slight
Normal,Daylight,Dry,50,Car,Evening,Slight
Normal,Daylight,Dry,70,Car,Afternoon,Slight
Normal,Daylight,Dry,30,Other,Afternoon,Slight
Snowing,Darkness - lights lit,Wet or damp,70,Motorcycle,Morning,Fatal
Normal,Daylight,Wet or damp,30,Bus/Coach,Afternoon,Slight
Normal,Darkness - lights lit,Dry,20,Car,Morning,Slight
Normal,Daylight,Dry,30,Car,Evening,Slight
Normal,Darkness - no lighting,Dry,40,Motorcycle,Morning,Slight
Normal,Darkness - no lighting,Dry,40,Other,Evening,Serious
Normal,Daylight,Dry,60,Goods vehicle,Morning,Slight
Fog or mist,Daylight,Dry,20,Car,Night,Slight
Normal,Daylight,Dry,30,Bus/Coach,Afternoon,Slight
Raining,Darkness - no lighting,Dry,30,Car,Morning,Slight
Raining,Daylight,Dry,30,Car,Night,Slight
Normal,Daylight,Wet or damp,30,Bus/Coach,Morning,Slight
Normal,Daylight,,20,Car,Afternoon,Slight
Normal,Daylight,Wet or damp,20,Car,Morning,Slight
Normal,Daylight,Flood over road,30,Car,Afternoon,Slight
Fog or mist,Darkness - lighting unknown,Ice,30,Car,Evening,Serious
Normal,Daylight,Ice,60,Car,Morning,Slight
Raining,Darkness - no lighting,Wet or damp,50,Car,Night,Serious
Normal,Daylight,Dry,30,Motorcycle,Morning,Slight
Normal,Darkness - no lighting,Wet or damp,40,Car,Night,Serious
Raining,Daylight,Snow,40,Pedal cycle,Evening,Slight
Normal,Daylight,Dry,20,Car,Evening,Slight
Normal,Daylight,Wet or damp,20,Car,Morning,Slight
Normal,Daylight,Wet or damp,60,Pedal cycle,Afternoon,Slight
Normal,Daylight,Snow,30,Pedal cycle,Morning,Slight
Raining,Darkness - lights lit,Dry,20,Car,Morning,Slight
Normal,Daylight,Dry,30,Motorcycle,Afternoon,Slight
Normal,Daylight,Dry,30,Car,Morning,Slight
Unknown,Darkness - no lighting,Wet or damp,40,Pedal cycle,Afternoon,Slight
Normal,Daylight,Dry,30,Car,Afternoon,Slight
Unknown,Darkness - lights lit,,50,Car,Evening,Serious
Normal,Daylight,Dry,20,Pedal cycle,Afternoon,Slight
Raining,Daylight,Dry,50,Car,Afternoon,Slight
Normal,Daylight,Wet or damp,60,Bus/Coach,Evening,Slight
Normal,Daylight,Wet or damp,60,Goods vehicle,Morning,Slight
Unknown,Daylight,Dry,60,Goods vehicle,Morning,Slight
Normal,Darkness - no lighting,Dry,30,Goods vehicle,Afternoon,Slight
Normal,Daylight,Dry,20,Goods vehicle,Morning,Slight
Normal,Daylight,Dry,30,Car,Morning,Slight
Fog or mist,Daylight,Dry,30,Motorcycle,Morning,Slight
Normal,Daylight,Snow,20,Motorcycle,Morning,Slight
Normal,Daylight,Dry,50,Other,Morning,Slight
Normal,Daylight,Dry,40,Bus/Coach,Morning,Slight
,Daylight,Ice,30,Car,Afternoon,Slight
Normal,Darkness - no lighting,Dry,20,Car,Afternoon,Slight
Normal,Daylight,Wet or damp,50,Pedal cycle,Evening,Slight
Snowing,Daylight,Dry,30,Pedal cycle,Afternoon,Slight
,Darkness - lights lit,Wet or damp,40,Motorcycle,Morning,Slight
Other,Daylight,Wet or damp,30,Pedal cycle,Afternoon,Slight
Normal,Daylight,Wet or damp,20,Bus/Coach,Afternoon,Slight
Normal,Darkness - lights lit,Wet or damp,20,Goods vehicle,Afternoon,Serious
Normal,Daylight,Wet or damp,30,Car,Morning,Slight
Raining,Daylight,Dry,60,Car,Morning,Slight
Normal,Darkness - lights lit,Dry,20,Car,Morning,Slight
Normal,Darkness - lighting unknown,Dry,30,Car,Morning,Slight
Normal,Darkness - lights lit,Dry,30,Car,Afternoon,Slight
Raining,Daylight,Wet or damp,20,Car,Morning,Slight
Normal,Daylight,Dry,30,Motorcycle,Afternoon,Slight
Fog or mist,Darkness - lights lit,Ice,60,Car,Morning,Fatal
Normal,Daylight,Dry,60,Bus/Coach,Night,Slight
Normal,Daylight,Dry,30,Car,Night,Slight
Normal,Daylight,Dry,30,Other,Evening,Slight
Normal,Darkness - lights lit,Dry,50,Goods vehicle,Afternoon,Slight
Normal,Daylight,Dry,60,Goods vehicle,Morning,Slight
Normal,Daylight,Dry,30,Car,Morning,Slight
Normal,Daylight,Wet or damp,20,Bus/Coach,Morning,Slight
Normal,Daylight,Wet or damp,20,Car,Afternoon,Slight
Normal,Daylight,Dry,30,Motorcycle,Afternoon,Slight
Raining,Darkness - no lighting,Dry,30,Car,Evening,Slight
Snowing,Darkness - lights lit,Dry,30,Bus/Coach,Morning,Serious
Fog or mist,Darkness - lighting unknown,Dry,50,Pedal cycle,Afternoon,Slight
Fog or mist,Daylight,Wet or damp,20,Motorcycle,Morning,Slight
Raining,Daylight,Dry,50,Pedal cycle,Evening,Slight
Raining,Daylight,Dry,20,Car,Morning,Slight
Normal,Daylight,Dry,30,Goods vehicle,Afternoon,Slight
Normal,Daylight,Dry,20,Other,Night,Slight
Raining,Darkness - no lighting,Wet or damp,70,Pedal cycle,Afternoon,Fatal
Normal,Darkness - lights lit,Dry,30,Bus/Coach,Evening,Slight
Normal,Darkness - lights lit,Flood over road,40,Motorcycle,Night,Serious
Normal,Daylight,Snow,20,Car,Night,Slight
Normal,Daylight,Dry,30,Bus/Coach,Morning,Slight
Normal,Daylight,Wet or damp,30,Goods vehicle,Morning,Slight
Normal,Darkness - lights lit,Dry,30,Car,Night,Slight
Normal,Daylight,Dry,70,Bus/Coach,Morning,Slight
Raining,Darkness - no lighting,Ice,50,Other,Evening,Fatal
Normal,Darkness - lights lit,Dry,20,Car,Afternoon,Slight
Normal,Daylight,Dry,30,Car,Afternoon,Slight
Snowing,Daylight,Wet or damp,50,Other,Afternoon,Slight
Normal,Daylight,Wet or damp,30,Bus/Coach,Afternoon,Slight
Snowing,Daylight,Snow,30,Goods vehicle,Night,Serious
Normal,Daylight,Snow,50,Car,Evening,Serious
Normal,Darkness - lights lit,Dry,20,Other,Morning,Slight
Normal,Daylight,Dry,40,Motorcycle,Afternoon,Slight
Unknown,Darkness - lights lit,Wet or damp,50,Bus/Coach,Morning,Serious
Raining,Darkness - lighting unknown,Dry,30,Bus/Coach,Morning,Slight
Normal,Daylight,Dry,20,Car,Morning,Slight
Normal,Daylight,Dry,20,Car,Evening,Slight
Raining,Darkness - lights lit,Wet or damp,30,Other,Evening,Serious
Normal,Daylight,Dry,30,Bus/Coach,Morning,Slight
Fog or mist,Daylight,Dry,60,Car,Morning,Slight
Normal,Daylight,Dry,70,Goods vehicle,Evening,Serious
Normal,Darkness - no lighting,Wet or damp,20,Pedal cycle,Night,Slight
Unknown,Daylight,Wet or damp,20,Motorcycle,Night,Slight
Raining,Daylight,Dry,20,Car,Afternoon,Slight
Normal,Daylight,Dry,30,Car,Afternoon,Slight
Normal,Darkness - lights lit,,60,Other,Afternoon,Slight
Normal,Darkness - lights lit,Dry,20,Pedal cycle,Afternoon,Slight
Other,Darkness - lights lit,Dry,30,Motorcycle,Afternoon,Slight
Normal,Daylight,Dry,50,Motorcycle,Morning,Slight
Raining,Darkness - lights lit,Dry,30,Car,Morning,Slight
,Daylight,Ice,50,Motorcycle,Afternoon,Slight
Normal,Daylight,,20,Car,Morning,Serious
Normal,Darkness - lights lit,Dry,20,Car,Morning,Slight
Raining,Daylight,Dry,30,Car,Morning,Slight
Normal,Darkness - lighting unknown,Wet or damp,30,Goods vehicle,Morning,Slight
Normal,Daylight,Wet or damp,20,Car,Evening,Slight
Normal,Daylight,Dry,40,Car,Morning,Slight
Normal,Darkness - lights lit,Wet or damp,20,Car,Morning,Serious
Normal,Darkness - lights lit,Dry,40,Car,Morning,Slight
Raining,Daylight,Dry,20,Motorcycle,Night,Slight
Normal,Daylight,Ice,40,Car,Morning,Slight
Normal,Daylight,Dry,30,Car,Afternoon,Slight
Normal,Darkness - no lighting,Dry,20,Other,Evening,Serious
Normal,Daylight,Dry,30,Motorcycle,Morning,Slight
Normal,Darkness - lighting unknown,Dry,30,Bus/Coach,Afternoon,Slight
Normal,Darkness - lights lit,Dry,20,Car,Afternoon,Slight
Normal,Daylight,,30,Car,Evening,Slight
Normal,Darkness - lighting unknown,Dry,30,Car,Evening,Slight
Normal,Daylight,Wet or damp,30,Goods vehicle,Morning,Slight
Other,Daylight,Dry,30,Goods vehicle,Morning,Slight
Normal,Daylight,Snow,70,Other,Afternoon,Slight
Normal,Daylight,Wet or damp,50,Car,Night,Slight
Snowing,Darkness - no lighting,Wet or damp,50,Motorcycle,Evening,Serious
Raining,Darkness - lights lit,Ice,20,Car,Afternoon,Slight
Snowing,Darkness - lights lit,Snow,20,Bus/Coach,Morning,Serious
,Daylight,Dry,30,Car,Morning,Slight
Normal,Daylight,Dry,20,Car,Afternoon,Slight
,Darkness - no lighting,Wet or damp,30,Motorcycle,Evening,Serious
Normal,Daylight,Snow,60,Goods vehicle,Morning,Slight
Fog or mist,Darkness - no lighting,Dry,60,Bus/Coach,Evening,Fatal
Normal,Daylight,Dry,30,Car,Afternoon,Slight
,Daylight,Dry,20,Car,Morning,Slight
Normal,Darkness - no lighting,Snow,70,Bus/Coach,Evening,Fatal
Other,Darkness - lights lit,Dry,30,Car,Afternoon,Slight
Normal,Daylight,Dry,20,Car,Night,Slight
Raining,Daylight,Wet or damp,50,Car,Night,Serious
Unknown,Daylight,Dry,30,Car,Evening,Slight
Normal,Daylight,,40,Bus/Coach,Evening,Slight
Raining,Darkness - no lighting,Snow,40,Goods vehicle,Night,Fatal
Snowing,Daylight,Dry,20,Goods vehicle,Morning,Slight
Snowing,Darkness - lights lit,Snow,40,Goods vehicle,Night,Fatal
Snowing,Daylight,Snow,60,Pedal cycle,Evening,Fatal
Normal,Daylight,Dry,30,Car,Afternoon,Slight
Normal,Daylight,Dry,20,Car,Morning,Slight
Raining,Darkness - lights lit,Ice,30,Motorcycle,Night,Serious
Normal,Daylight,Dry,30,Car,Afternoon,Slight
Raining,Daylight,Snow,30,Motorcycle,Morning,Slight
Raining,Daylight,,40,Car,Afternoon,Slight
Normal,Daylight,Wet or damp,30,Motorcycle,Morning,Slight
Fog or mist,Darkness - lights lit,Wet or damp,40,Motorcycle,Night,Serious
Raining,Darkness - no lighting,Wet or damp,70,Goods vehicle,Morning,Fatal
Normal,Daylight,,30,Goods vehicle,Morning,Slight
Fog or mist,Daylight,Dry,60,Car,Night,Slight
Normal,Darkness - lights lit,Dry,30,Car,Afternoon,Slight
Normal,Daylight,Dry,40,Other,Morning,Slight
Normal,Darkness - lighting unknown,Flood over road,40,Motorcycle,Evening,Serious
Normal,Darkness - lights lit,Wet or damp,60,Car,Evening,Serious
Snowing,Daylight,Flood over road,20,Car,Afternoon,Slight
Raining,Darkness - lights lit,Dry,70,Car,Night,Slight
Raining,Daylight,Dry,30,Goods vehicle,Afternoon,Slight
Snowing,Darkness - lights lit,Dry,50,Car,Evening,Slight
Normal,Darkness - lights lit,Dry,30,Motorcycle,Afternoon,Slight
Normal,Daylight,Dry,50,Goods vehicle,Morning,Slight
Normal,Darkness - lights lit,Wet or damp,50,Car,Night,Serious
Unknown,Daylight,Flood over road,40,Goods vehicle,Night,Serious
Normal,Daylight,Dry,60,Goods vehicle,Afternoon,Slight
Normal,Daylight,Dry,40,Goods vehicle,Morning,Slight
Snowing,Darkness - lights lit,Wet or damp,50,Motorcycle,Afternoon,Serious
Normal,Darkness - no lighting,Dry,30,Pedal cycle,Evening,Slight
Raining,Darkness - lights lit,Dry,30,Goods vehicle,Morning,Slight
Normal,Darkness - lights lit,Dry,50,Car,Afternoon,Serious
Raining,Daylight,Wet or damp,40,Car,Afternoon,Slight
Normal,Darkness - no lighting,Dry,50,Goods vehicle,Morning,Slight
Raining,Daylight,Dry,30,Motorcycle,Morning,Slight
Snowing,Daylight,Dry,30,Car,Afternoon,Slight
Normal,Daylight,Dry,20,Car,Afternoon,Slight
Normal,Darkness - lights lit,Dry,30,Motorcycle,Morning,Slight
Normal,Daylight,Dry,20,Car,Night,Slight
Normal,Daylight,Dry,30,Bus/Coach,Evening,Slight
Normal,Darkness - lighting unknown,Wet or damp,30,Goods vehicle,Afternoon,Slight
Snowing,Daylight,Wet or damp,30,Bus/Coach,Morning,Slight
Normal,Daylight,Wet or damp,20,Pedal cycle,Afternoon,Slight
Normal,Daylight,Wet or damp,50,Goods vehicle,Morning,Slight
Raining,Darkness - lights lit,Wet or damp,50,Bus/Coach,Afternoon,Slight
Fog or mist,Darkness - lights lit,Snow,70,Car,Morning,Serious
Normal,Darkness - no lighting,Dry,40,Goods vehicle,Evening,Slight
Normal,Daylight,Dry,20,Car,Afternoon,Slight
Normal,Darkness - lights lit,Dry,30,Goods vehicle,Morning,Slight
Normal,Daylight,Dry,20,Car,Night,Slight
Normal,Darkness - lights lit,Wet or damp,20,Bus/Coach,Night,Slight
Normal,Darkness - lights lit,Dry,70,Car,Evening,Slight
Normal,Darkness - lights lit,Flood over road,20,Pedal cycle,Morning,Slight
Normal,Darkness - no lighting,Wet or damp,20,Motorcycle,Morning,Slight
Normal,Daylight,Wet or damp,30,Bus/Coach,Afternoon,Slight
Normal,Daylight,Dry,40,Bus/Coach,Evening,Slight
Fog or mist,Daylight,Dry,20,Bus/Coach,Afternoon,Slight
Normal,Daylight,Dry,30,Car,Evening,Slight
Fog or mist,Darkness - lights lit,Wet or damp,60,Motorcycle,Morning,Serious
Normal,Daylight,Dry,40,Bus/Coach,Morning,Slight
Raining,Daylight,Dry,30,Goods vehicle,Afternoon,Slight
,Daylight,Dry,30,Car,Morning,Slight
Normal,Darkness - lights lit,Dry,20,Other,Morning,Slight
Normal,Daylight,,30,Car,Night,Slight
Normal,Darkness - lights lit,Snow,30,Other,Afternoon,Slight
Normal,Daylight,Dry,30,Car,Afternoon,Slight
Raining,Daylight,Dry,40,Car,Afternoon,Slight
Normal,Daylight,Dry,40,Goods vehicle,Morning,Slight
Normal,Daylight,Flood over road,20,Car,Afternoon,Slight
Normal,Daylight,Wet or damp,30,Car,Morning,Slight
Normal,Darkness - lights lit,Wet or damp,50,Bus/Coach,Evening,Serious
Normal,Darkness - lights lit,Wet or damp,40,Other,Evening,Serious
Raining,Daylight,Dry,30,Car,Afternoon,Slight
Snowing,Darkness - lights lit,Dry,20,Car,Evening,Slight
Normal,Daylight,Wet or damp,30,Motorcycle,Morning,Slight
Normal,Daylight,Ice,20,Motorcycle,Morning,Slight
Normal,Daylight,Dry,50,Car,Evening,Slight
Normal,Daylight,Wet or damp,30,Bus/Coach,Morning,Slight
Fog or mist,Darkness - lighting unknown,Wet or damp,40,Motorcycle,Afternoon,Slight
Other,Darkness - lights lit,Dry,20,Other,Afternoon,Slight
,Daylight,Wet or damp,60,Car,Night,Serious
Normal,Daylight,Dry,20,Goods vehicle,Afternoon,Slight
Normal,Daylight,Snow,30,Car,Afternoon,Slight
Fog or mist,Darkness - no lighting,Ice,70,Car,Night,Fatal
Raining,Darkness - lights lit,Dry,60,Motorcycle,Evening,Serious
Normal,Darkness - lighting unknown,Dry,50,Goods vehicle,Night,Slight
Raining,Darkness - lighting unknown,Wet or damp,60,Goods vehicle,Night,Fatal
Normal,Darkness - lights lit,Dry,30,Goods vehicle,Evening,Slight
Normal,Daylight,Wet or damp,20,Goods vehicle,Afternoon,Slight
Raining,Daylight,Dry,30,Car,Morning,Slight
Normal,Darkness - lights lit,,30,Car,Night,Slight
Fog or mist,Daylight,Wet or damp,20,Other,Evening,Slight
Normal,Daylight,Dry,30,Car,Afternoon,Slight
Normal,Daylight,Dry,30,Motorcycle,Evening,Slight
Normal,Daylight,Ice,30,Motorcycle,Afternoon,Slight
Normal,Daylight,Snow,20,Car,Afternoon,Slight
Normal,Daylight,Dry,20,Motorcycle,Morning,Slight
Normal,Darkness - lights lit,Dry,30,Car,Morning,Slight
Raining,Darkness - lighting unknown,Snow,20,Car,Afternoon,Slight
Normal,Darkness - lights lit,Wet or damp,30,Motorcycle,Morning,Serious
Normal,Daylight,Dry,50,Goods vehicle,Evening,Slight
Normal,Daylight,Dry,30,Car,Morning,Slight
Normal,Darkness - lighting unknown,Wet or damp,20,Car,Morning,Slight
Normal,Darkness - lights lit,Wet or damp,20,Car,Night,Slight
Other,Daylight,Dry,30,Pedal cycle,Morning,Slight
Snowing,Darkness - lights lit,Wet or damp,40,Car,Night,Fatal
Raining,Darkness - lights lit,Snow,20,Car,Afternoon,Slight
,Daylight,Wet or damp,50,Pedal cycle,Afternoon,Slight
Normal,Darkness - no lighting,Wet or damp,70,Car,Night,Fatal
Normal,Daylight,Wet or damp,20,Car,Morning,Slight
Normal,Daylight,Snow,60,Car,Morning,Slight
